Year,Quarter,Month,DayofMonth,DayOfWeek,FlightDate,Reporting_Airline,Tail_Number,Flight_Number_Reporting_Airline,Origin,OriginCityName,OriginState,Dest,DestCityName,DestState,CRSDepTime,DepTime,DepDelay,CRSArrTime,ArrTime,ArrDelay,Cancelled,CancellationCode,Diverted,AirTime,Distance,CarrierDelay,WeatherDelay,NASDelay,SecurityDelay,LateAircraftDelay
2024,1,1,21,7,2024-01-21,WN,N937BF,2748,IAH,"Houston, TX",TX,JFK,"New York, NY",NY,1708,1714,6.00,2117,2129,12.00,0.00,,0.00,219.00,1752.00,,,,,
2024,1,1,5,5,2024-01-05,NK,N292BD,14,MIA,"Miami, FL",FL,ATL,"Atlanta, GA",GA,1839,2139,180.00,2254,0143,169.00,0.00,,0.00,225.00,1800.00,1.00,41.00,94.00,33.00,0.00
2024,1,1,21,7,2024-01-21,NK,N208EG,2461,PHX,"Phoenix, AZ",AZ,JFK,"New York, NY",NY,1557,1554,-3.00,1940,1945,5.00,0.00,,0.00,193.00,1544.00,,,,,
2024,1,1,19,5,2024-01-19,AS,N366FG,2410,DEN,"Denver, CO",CO,LAX,"Los Angeles, CA",CA,1712,1705,-7.00,1929,1912,-17.00,0.00,,0.00,107.00,856.00,,,,,
2024,1,1,18,4,2024-01-18,WN,N988DC,381,MIA,"Miami, FL",FL,DEN,"Denver, CO",CO,0723,0719,-4.00,1004,1008,4.00,0.00,,0.00,131.00,1048.00,,,,,
2024,1,1,8,1,2024-01-08,B6,N864BG,2896,ATL,"Atlanta, GA",GA,DEN,"Denver, CO",CO,0741,0737,-4.00,1207,1152,-15.00,0.00,,0.00,236.00,1888.00,,,,,
2024,1,1,30,2,2024-01-30,DL,N729BF,148,BOS,"Boston, MA",MA,ORD,"Chicago, IL",IL,1138,1138,0.00,1325,1321,-4.00,0.00,,0.00,77.00,616.00,,,,,
2024,1,1,5,5,2024-01-05,AS,N313AC,1393,PHX,"Phoenix, AZ",AZ,SFO,"San Francisco, CA",CA,1607,1600,-7.00,2019,2023,4.00,0.00,,0.00,222.00,1776.00,,,,,
2024,1,1,11,4,2024-01-11,F9,N977AC,1441,IAH,"Houston, TX",TX,ATL,"Atlanta, GA",GA,1653,1646,-7.00,1951,1939,-12.00,0.00,,0.00,148.00,1184.00,,,,,
2024,1,1,23,2,2024-01-23,AA,N960EF,417,MIA,"Miami, FL",FL,DFW,"Dallas/Fort Worth, TX",TX,2048,2048,0.00,0021,0013,-8.00,0.00,,0.00,183.00,1464.00,,,,,
2024,1,1,31,3,2024-01-31,F9,N609GD,2227,DEN,"Denver, CO",CO,SEA,"Seattle, WA",WA,1338,1333,-5.00,1514,1512,-2.00,0.00,,0.00,66.00,528.00,,,,,
2024,1,1,6,6,2024-01-06,F9,N631EE,2331,SEA,"Seattle, WA",WA,IAH,"Houston, TX",TX,1403,1357,-6.00,1943,1936,-7.00,0.00,,0.00,310.00,2480.00,,,,,
2024,1,1,11,4,2024-01-11,WN,N138FF,394,JFK,"New York, NY",NY,PHX,"Phoenix, AZ",AZ,0854,0853,-1.00,1106,1053,-13.00,0.00,,0.00,102.00,816.00,,,,,
2024,1,1,5,5,2024-01-05,WN,N926AB,960,BOS,"Boston, MA",MA,SFO,"San Francisco, CA",CA,2019,2014,-5.00,0201,0155,-6.00,0.00,,0.00,312.00,2496.00,,,,,
2024,1,1,17,3,2024-01-17,UA,N902DG,1534,MIA,"Miami, FL",FL,BOS,"Boston, MA",MA,2140,2140,0.00,0323,0331,8.00,0.00,,0.00,313.00,2504.00,,,,,
2024,1,1,18,4,2024-01-18,WN,N202DE,2814,DFW,"Dallas/Fort Worth, TX",TX,SEA,"Seattle, WA",WA,2117,2117,0.00,0008,0011,3.00,0.00,,0.00,141.00,1128.00,,,,,
2024,1,1,27,6,2024-01-27,AS,N138DC,640,ORD,"Chicago, IL",IL,BOS,"Boston, MA",MA,2227,2221,-6.00,0116,0107,-9.00,0.00,,0.00,139.00,1112.00,,,,,
2024,1,1,28,7,2024-01-28,AA,N481DB,2683,MIA,"Miami, FL",FL,LAX,"Los Angeles, CA",CA,1117,,,1417,,,1.00,A,0.00,,1200.00,,,,,
2024,1,1,4,4,2024-01-04,AA,N462FF,2417,JFK,"New York, NY",NY,DEN,"Denver, CO",CO,0924,0928,4.00,1451,1445,-6.00,0.00,,0.00,297.00,2376.00,,,,,
2024,1,1,13,6,2024-01-13,AS,N284AF,2736,SFO,"San Francisco, CA",CA,LAX,"Los Angeles, CA",CA,1307,1305,-2.00,1801,1757,-4.00,0.00,,0.00,264.00,2112.00,,,,,
2024,1,1,2,2,2024-01-02,F9,N447DB,368,MIA,"Miami, FL",FL,LAX,"Los Angeles, CA",CA,1353,1355,2.00,1649,1643,-6.00,0.00,,0.00,146.00,1168.00,,,,,
2024,1,1,31,3,2024-01-31,NK,N630EA,2534,DFW,"Dallas/Fort Worth, TX",TX,SEA,"Seattle, WA",WA,0848,0845,-3.00,1051,1039,-12.00,0.00,,0.00,93.00,744.00,,,,,
2024,1,1,22,1,2024-01-22,AS,N640FC,1157,JFK,"New York, NY",NY,DFW,"Dallas/Fort Worth, TX",TX,1821,1819,-2.00,2311,2314,3.00,0.00,,0.00,260.00,2080.00,,,,,
2024,1,1,30,2,2024-01-30,NK,N607DC,2848,SEA,"Seattle, WA",WA,MIA,"Miami, FL",FL,1903,2258,235.00,2055,0057,242.00,0.00,,0.00,82.00,656.00,195.00,17.00,1.00,2.00,27.00
2024,1,1,2,2,2024-01-02,NK,N845CG,448,PHX,"Phoenix, AZ",AZ,IAH,"Houston, TX",TX,0821,0821,0.00,1022,1024,2.00,0.00,,0.00,91.00,728.00,,,,,
2024,1,1,26,5,2024-01-26,AS,N736DD,2236,ATL,"Atlanta, GA",GA,LAX,"Los Angeles, CA",CA,0926,1050,84.00,1317,1448,91.00,0.00,,0.00,201.00,1608.00,10.00,6.00,74.00,1.00,0.00
2024,1,1,13,6,2024-01-13,F9,N674AE,540,MIA,"Miami, FL",FL,BOS,"Boston, MA",MA,0909,0904,-5.00,1507,1506,-1.00,0.00,,0.00,328.00,2624.00,,,,,
2024,1,1,8,1,2024-01-08,AA,N822EC,2304,ORD,"Chicago, IL",IL,IAH,"Houston, TX",TX,2122,2118,-4.00,0209,0157,-12.00,0.00,,0.00,257.00,2056.00,,,,,
2024,1,1,31,3,2024-01-31,NK,N870FG,365,BOS,"Boston, MA",MA,PHX,"Phoenix, AZ",AZ,1803,1758,-5.00,2210,2204,-6.00,0.00,,0.00,217.00,1736.00,,,,,
2024,1,1,15,1,2024-01-15,UA,N145GF,472,IAH,"Houston, TX",TX,JFK,"New York, NY",NY,1553,,,1757,,,1.00,C,0.00,,752.00,,,,,
2024,1,1,17,3,2024-01-17,UA,N516GC,370,IAH,"Houston, TX",TX,DEN,"Denver, CO",CO,1525,1523,-2.00,1739,1743,4.00,0.00,,0.00,104.00,832.00,,,,,
2024,1,1,6,6,2024-01-06,NK,N282FD,445,JFK,"New York, NY",NY,SFO,"San Francisco, CA",CA,2147,2149,2.00,0059,0055,-4.00,0.00,,0.00,162.00,1296.00,,,,,
2024,1,1,8,1,2024-01-08,DL,N311BA,688,LAX,"Los Angeles, CA",CA,IAH,"Houston, TX",TX,1653,1647,-6.00,2001,1947,-14.00,0.00,,0.00,158.00,1264.00,,,,,
2024,1,1,1,1,2024-01-01,AS,N508FF,1401,IAH,"Houston, TX",TX,ORD,"Chicago, IL",IL,1328,1544,136.00,1725,1939,134.00,0.00,,0.00,207.00,1656.00,0.00,63.00,48.00,0.00,23.00
2024,1,1,9,2,2024-01-09,F9,N570EF,50,MIA,"Miami, FL",FL,SFO,"San Francisco, CA",CA,1143,1518,215.00,1615,1954,219.00,0.00,,0.00,242.00,1936.00,32.00,160.00,0.00,21.00,6.00
2024,1,1,9,2,2024-01-09,NK,N320DG,781,MIA,"Miami, FL",FL,DEN,"Denver, CO",CO,1124,1110,-14.00,1355,1350,-5.00,0.00,,0.00,121.00,968.00,,,,,
2024,1,1,24,3,2024-01-24,NK,N323DG,868,JFK,"New York, NY",NY,PHX,"Phoenix, AZ",AZ,1713,1709,-4.00,1915,1903,-12.00,0.00,,0.00,92.00,736.00,,,,,
2024,1,1,13,6,2024-01-13,AS,N943BE,916,SEA,"Seattle, WA",WA,MIA,"Miami, FL",FL,1515,1512,-3.00,1856,1848,-8.00,0.00,,0.00,191.00,1528.00,,,,,
2024,1,1,19,5,2024-01-19,WN,N156DG,2322,PHX,"Phoenix, AZ",AZ,SFO,"San Francisco, CA",CA,2156,2155,-1.00,0319,0327,8.00,0.00,,0.00,293.00,2344.00,,,,,
2024,1,1,3,3,2024-01-03,AS,N391CD,1187,ATL,"Atlanta, GA",GA,PHX,"Phoenix, AZ",AZ,2059,2057,-2.00,0227,0236,9.00,0.00,,0.00,298.00,2384.00,,,,,
2024,1,1,27,6,2024-01-27,B6,N492AB,2305,ORD,"Chicago, IL",IL,BOS,"Boston, MA",MA,1604,1558,-6.00,2129,2135,6.00,0.00,,0.00,295.00,2360.00,,,,,
2024,1,1,15,1,2024-01-15,AS,N535FA,1539,IAH,"Houston, TX",TX,JFK,"New York, NY",NY,2233,2238,5.00,0044,0053,9.00,0.00,,0.00,101.00,808.00,,,,,
2024,1,1,1,1,2024-01-01,AS,N990BE,2470,SEA,"Seattle, WA",WA,ORD,"Chicago, IL",IL,1611,1609,-2.00,1915,1904,-11.00,0.00,,0.00,154.00,1232.00,,,,,
2024,1,1,30,2,2024-01-30,F9,N110CD,735,DFW,"Dallas/Fort Worth, TX",TX,LAX,"Los Angeles, CA",CA,1036,1042,6.00,1634,1628,-6.00,0.00,,0.00,328.00,2624.00,,,,,
2024,1,1,31,3,2024-01-31,DL,N821CD,1127,IAH,"Houston, TX",TX,SEA,"Seattle, WA",WA,0709,0707,-2.00,1203,1204,1.00,0.00,,0.00,264.00,2112.00,,,,,
2024,1,1,17,3,2024-01-17,WN,N323EG,1350,JFK,"New York, NY",NY,BOS,"Boston, MA",MA,2218,2244,26.00,0328,0354,26.00,0.00,,0.00,280.00,2240.00,0.00,5.00,11.00,9.00,1.00
2024,1,1,31,3,2024-01-31,UA,N636DB,2061,PHX,"Phoenix, AZ",AZ,BOS,"Boston, MA",MA,1704,1649,-15.00,2201,2135,-26.00,0.00,,0.00,267.00,2136.00,,,,,
2024,1,1,20,6,2024-01-20,AS,N636CA,2155,DFW,"Dallas/Fort Worth, TX",TX,DEN,"Denver, CO",CO,1913,2137,144.00,2218,0047,149.00,0.00,,0.00,155.00,1240.00,108.00,1.00,2.00,16.00,22.00
2024,1,1,16,2,2024-01-16,AS,N971BA,2438,BOS,"Boston, MA",MA,IAH,"Houston, TX",TX,1022,1220,118.00,1221,1410,109.00,0.00,,0.00,89.00,712.00,4.00,42.00,9.00,1.00,53.00
2024,1,1,27,6,2024-01-27,AS,N316EF,1289,SEA,"Seattle, WA",WA,DFW,"Dallas/Fort Worth, TX",TX,1841,1830,-11.00,2228,2225,-3.00,0.00,,0.00,197.00,1576.00,,,,,
2024,1,1,14,7,2024-01-14,UA,N950BC,1974,LAX,"Los Angeles, CA",CA,DEN,"Denver, CO",CO,0930,0930,0.00,1407,1405,-2.00,0.00,,0.00,247.00,1976.00,,,,,
2024,1,1,8,1,2024-01-08,B6,N848EF,360,ATL,"Atlanta, GA",GA,SEA,"Seattle, WA",WA,1739,1740,1.00,1931,1938,7.00,0.00,,0.00,82.00,656.00,,,,,
2024,1,1,27,6,2024-01-27,AA,N269CC,410,DFW,"Dallas/Fort Worth, TX",TX,PHX,"Phoenix, AZ",AZ,1711,1709,-2.00,1925,1912,-13.00,0.00,,0.00,104.00,832.00,,,,,
2024,1,1,19,5,2024-01-19,B6,N539AF,2634,ATL,"Atlanta, GA",GA,LAX,"Los Angeles, CA",CA,1321,1317,-4.00,1643,1649,6.00,0.00,,0.00,172.00,1376.00,,,,,
2024,1,1,17,3,2024-01-17,NK,N903AD,2994,IAH,"Houston, TX",TX,ATL,"Atlanta, GA",GA,1324,1325,1.00,1507,1511,4.00,0.00,,0.00,73.00,584.00,,,,,
2024,1,1,27,6,2024-01-27,UA,N554AE,20,PHX,"Phoenix, AZ",AZ,BOS,"Boston, MA",MA,0830,0836,6.00,1319,1319,0.00,0.00,,0.00,259.00,2072.00,,,,,
2024,1,1,24,3,2024-01-24,WN,N614AC,2810,MIA,"Miami, FL",FL,SFO,"San Francisco, CA",CA,0633,0624,-9.00,0840,0843,3.00,0.00,,0.00,97.00,776.00,,,,,
2024,1,1,2,2,2024-01-02,AA,N175CE,374,SFO,"San Francisco, CA",CA,ATL,"Atlanta, GA",GA,2150,2146,-4.00,0110,0112,2.00,0.00,,0.00,170.00,1360.00,,,,,
2024,1,1,3,3,2024-01-03,NK,N958CA,2568,IAH,"Houston, TX",TX,DFW,"Dallas/Fort Worth, TX",TX,1417,1420,3.00,1607,1613,6.00,0.00,,0.00,80.00,640.00,,,,,
2024,1,1,10,3,2024-01-10,NK,N404BA,995,IAH,"Houston, TX",TX,LAX,"Los Angeles, CA",CA,2248,2251,3.00,0255,0302,7.00,0.00,,0.00,217.00,1736.00,,,,,
2024,1,1,15,1,2024-01-15,DL,N433EC,2790,SFO,"San Francisco, CA",CA,BOS,"Boston, MA",MA,0738,0738,0.00,1109,1106,-3.00,0.00,,0.00,181.00,1448.00,,,,,
2024,1,1,21,7,2024-01-21,NK,N492EB,2951,SEA,"Seattle, WA",WA,MIA,"Miami, FL",FL,1923,1926,3.00,2317,2317,0.00,0.00,,0.00,204.00,1632.00,,,,,
2024,1,1,24,3,2024-01-24,DL,N383AE,12,SFO,"San Francisco, CA",CA,PHX,"Phoenix, AZ",AZ,1828,1826,-2.00,2106,2055,-11.00,0.00,,0.00,128.00,1024.00,,,,,
2024,1,1,27,6,2024-01-27,B6,N567AG,649,BOS,"Boston, MA",MA,DEN,"Denver, CO",CO,2105,2101,-4.00,0243,0251,8.00,0.00,,0.00,308.00,2464.00,,,,,
2024,1,1,24,3,2024-01-24,UA,N557BE,1685,PHX,"Phoenix, AZ",AZ,IAH,"Houston, TX",TX,1850,1840,-10.00,2146,2129,-17.00,0.00,,0.00,146.00,1168.00,,,,,
2024,1,1,13,6,2024-01-13,AS,N299BB,1115,IAH,"Houston, TX",TX,DEN,"Denver, CO",CO,1417,1419,2.00,1604,1609,5.00,0.00,,0.00,77.00,616.00,,,,,
2024,1,1,23,2,2024-01-23,AS,N115FF,2667,SFO,"San Francisco, CA",CA,JFK,"New York, NY",NY,1225,1531,186.00,1745,2049,184.00,0.00,,0.00,290.00,2320.00,47.00,137.00,0.00,0.00,0.00
2024,1,1,8,1,2024-01-08,B6,N841AE,2117,ORD,"Chicago, IL",IL,DEN,"Denver, CO",CO,1630,1902,152.00,2027,2247,140.00,0.00,,0.00,207.00,1656.00,8.00,1.00,2.00,25.00,104.00
2024,1,1,27,6,2024-01-27,DL,N847AF,2852,LAX,"Los Angeles, CA",CA,JFK,"New York, NY",NY,0854,1030,96.00,1349,1526,97.00,0.00,,0.00,265.00,2120.00,66.00,11.00,7.00,7.00,6.00
2024,1,1,12,5,2024-01-12,AS,N870FD,2143,DEN,"Denver, CO",CO,LAX,"Los Angeles, CA",CA,0604,0556,-8.00,0914,0854,-20.00,0.00,,0.00,160.00,1280.00,,,,,
2024,1,1,4,4,2024-01-04,DL,N254DE,1765,BOS,"Boston, MA",MA,SFO,"San Francisco, CA",CA,1705,1702,-3.00,2215,2220,5.00,0.00,,0.00,280.00,2240.00,,,,,
2024,1,1,12,5,2024-01-12,F9,N176FE,1216,ATL,"Atlanta, GA",GA,SFO,"San Francisco, CA",CA,1129,1126,-3.00,1450,1453,3.00,0.00,,0.00,171.00,1368.00,,,,,
2024,1,1,20,6,2024-01-20,DL,N408AA,977,BOS,"Boston, MA",MA,ATL,"Atlanta, GA",GA,0847,1059,132.00,1244,1446,122.00,0.00,,0.00,207.00,1656.00,98.00,0.00,9.00,9.00,6.00
2024,1,1,25,4,2024-01-25,AS,N446DA,642,ATL,"Atlanta, GA",GA,JFK,"New York, NY",NY,1008,1321,193.00,1410,1724,194.00,0.00,,0.00,212.00,1696.00,0.00,168.00,4.00,13.00,9.00
2024,1,1,4,4,2024-01-04,WN,N891GB,1190,MIA,"Miami, FL",FL,PHX,"Phoenix, AZ",AZ,1757,1832,35.00,2249,2323,34.00,0.00,,0.00,262.00,2096.00,1.00,2.00,17.00,12.00,2.00
2024,1,1,26,5,2024-01-26,B6,N614EC,412,PHX,"Phoenix, AZ",AZ,LAX,"Los Angeles, CA",CA,2154,2148,-6.00,2342,2340,-2.00,0.00,,0.00,78.00,624.00,,,,,
2024,1,1,18,4,2024-01-18,DL,N318FC,1357,BOS,"Boston, MA",MA,ATL,"Atlanta, GA",GA,0808,0806,-2.00,1236,1239,3.00,0.00,,0.00,238.00,1904.00,,,,,
2024,1,1,31,3,2024-01-31,DL,N194CF,2259,LAX,"Los Angeles, CA",CA,ORD,"Chicago, IL",IL,1420,1419,-1.00,1956,1958,2.00,0.00,,0.00,306.00,2448.00,,,,,
2024,1,1,17,3,2024-01-17,B6,N883AE,685,PHX,"Phoenix, AZ",AZ,SFO,"San Francisco, CA",CA,2232,0218,226.00,0141,0536,235.00,0.00,,0.00,159.00,1272.00,1.00,13.00,136.00,11.00,74.00
2024,1,1,10,3,2024-01-10,WN,N232EE,2034,ATL,"Atlanta, GA",GA,MIA,"Miami, FL",FL,1548,1537,-11.00,1930,1922,-8.00,0.00,,0.00,192.00,1536.00,,,,,
2024,1,1,10,3,2024-01-10,UA,N737EF,562,ATL,"Atlanta, GA",GA,PHX,"Phoenix, AZ",AZ,0826,1051,145.00,1422,1658,156.00,0.00,,0.00,326.00,2608.00,7.00,19.00,2.00,1.00,127.00
2024,1,1,13,6,2024-01-13,WN,N347DA,1096,LAX,"Los Angeles, CA",CA,DFW,"Dallas/Fort Worth, TX",TX,2234,2222,-12.00,0058,0035,-23.00,0.00,,0.00,114.00,912.00,,,,,
2024,1,1,19,5,2024-01-19,AS,N941DB,1262,JFK,"New York, NY",NY,SFO,"San Francisco, CA",CA,2048,2053,5.00,0104,0121,17.00,0.00,,0.00,226.00,1808.00,0.00,9.00,2.00,6.00,0.00
2024,1,1,27,6,2024-01-27,DL,N835GA,1855,SFO,"San Francisco, CA",CA,ORD,"Chicago, IL",IL,1548,1542,-6.00,1956,2002,6.00,0.00,,0.00,218.00,1744.00,,,,,
2024,1,1,16,2,2024-01-16,AS,N837DG,2633,ORD,"Chicago, IL",IL,MIA,"Miami, FL",FL,0519,0811,172.00,1029,1333,184.00,0.00,,0.00,280.00,2240.00,40.00,5.00,5.00,126.00,8.00
2024,1,1,5,5,2024-01-05,B6,N706CA,293,SEA,"Seattle, WA",WA,PHX,"Phoenix, AZ",AZ,1735,2106,211.00,2025,2357,212.00,0.00,,0.00,140.00,1120.00,18.00,193.00,0.00,1.00,0.00
2024,1,1,27,6,2024-01-27,NK,N180GA,1370,SFO,"San Francisco, CA",CA,MIA,"Miami, FL",FL,1515,1716,121.00,1704,1856,112.00,0.00,,0.00,79.00,632.00,67.00,39.00,0.00,4.00,2.00
2024,1,1,30,2,2024-01-30,AS,N742EA,2734,DFW,"Dallas/Fort Worth, TX",TX,JFK,"New York, NY",NY,1036,1038,2.00,1219,1232,13.00,0.00,,0.00,73.00,584.00,,,,,
2024,1,1,7,7,2024-01-07,AS,N952AD,2454,ORD,"Chicago, IL",IL,PHX,"Phoenix, AZ",AZ,0905,0853,-12.00,1457,1451,-6.00,0.00,,0.00,322.00,2576.00,,,,,
2024,1,1,27,6,2024-01-27,F9,N369CG,357,PHX,"Phoenix, AZ",AZ,DEN,"Denver, CO",CO,1509,1842,213.00,1655,2023,208.00,0.00,,0.00,76.00,608.00,4.00,157.00,8.00,13.00,26.00
2024,1,1,11,4,2024-01-11,AS,N474EG,1393,PHX,"Phoenix, AZ",AZ,ORD,"Chicago, IL",IL,1840,1838,-2.00,2038,2029,-9.00,0.00,,0.00,88.00,704.00,,,,,
2024,1,1,29,1,2024-01-29,NK,N678EA,2645,LAX,"Los Angeles, CA",CA,SFO,"San Francisco, CA",CA,2231,2229,-2.00,0049,0038,-11.00,0.00,,0.00,108.00,864.00,,,,,
2024,1,1,22,1,2024-01-22,UA,N146GE,2235,DEN,"Denver, CO",CO,PHX,"Phoenix, AZ",AZ,1420,1414,-6.00,1641,1646,5.00,0.00,,0.00,111.00,888.00,,,,,
2024,1,1,17,3,2024-01-17,AA,N259GF,1025,LAX,"Los Angeles, CA",CA,ATL,"Atlanta, GA",GA,0913,0909,-4.00,1452,1441,-11.00,0.00,,0.00,309.00,2472.00,,,,,
2024,1,1,18,4,2024-01-18,DL,N428CC,2063,SFO,"San Francisco, CA",CA,PHX,"Phoenix, AZ",AZ,2119,2132,13.00,0036,0039,3.00,0.00,,0.00,167.00,1336.00,,,,,
2024,1,1,13,6,2024-01-13,F9,N888AA,2406,MIA,"Miami, FL",FL,ATL,"Atlanta, GA",GA,1728,1728,0.00,2026,2026,0.00,0.00,,0.00,148.00,1184.00,,,,,
2024,1,1,4,4,2024-01-04,UA,N649GD,1202,MIA,"Miami, FL",FL,SEA,"Seattle, WA",WA,1549,1551,2.00,1924,1923,-1.00,0.00,,0.00,185.00,1480.00,,,,,
2024,1,1,13,6,2024-01-13,WN,N238DG,812,BOS,"Boston, MA",MA,PHX,"Phoenix, AZ",AZ,1151,1144,-7.00,1545,1541,-4.00,0.00,,0.00,204.00,1632.00,,,,,
2024,1,1,5,5,2024-01-05,B6,N931DA,936,DFW,"Dallas/Fort Worth, TX",TX,JFK,"New York, NY",NY,1715,1824,69.00,2021,2141,80.00,0.00,,0.00,156.00,1248.00,52.00,16.00,10.00,1.00,1.00
2024,1,1,6,6,2024-01-06,F9,N789CB,2848,MIA,"Miami, FL",FL,PHX,"Phoenix, AZ",AZ,1524,1524,0.00,2057,2052,-5.00,0.00,,0.00,303.00,2424.00,,,,,
2024,1,1,13,6,2024-01-13,NK,N734FA,1008,JFK,"New York, NY",NY,PHX,"Phoenix, AZ",AZ,1710,1858,108.00,1913,2111,118.00,0.00,,0.00,93.00,744.00,7.00,107.00,1.00,1.00,2.00
2024,1,1,20,6,2024-01-20,NK,N982EA,1689,SEA,"Seattle, WA",WA,JFK,"New York, NY",NY,0754,0752,-2.00,1304,1259,-5.00,0.00,,0.00,280.00,2240.00,,,,,
2024,1,1,14,7,2024-01-14,AS,N461EG,510,IAH,"Houston, TX",TX,LAX,"Los Angeles, CA",CA,0822,1142,200.00,1119,1427,188.00,0.00,,0.00,147.00,1176.00,28.00,13.00,128.00,17.00,2.00
2024,1,1,30,2,2024-01-30,B6,N964GF,1263,ORD,"Chicago, IL",IL,DEN,"Denver, CO",CO,1748,1740,-8.00,2200,2202,2.00,0.00,,0.00,222.00,1776.00,,,,,
2024,1,1,22,1,2024-01-22,UA,N771BA,617,PHX,"Phoenix, AZ",AZ,SFO,"San Francisco, CA",CA,0551,0752,121.00,0745,0947,122.00,0.00,,0.00,84.00,672.00,112.00,1.00,0.00,9.00,0.00
2024,1,1,31,3,2024-01-31,AA,N945GA,333,MIA,"Miami, FL",FL,LAX,"Los Angeles, CA",CA,1050,1040,-10.00,1512,1514,2.00,0.00,,0.00,232.00,1856.00,,,,,
2024,1,1,20,6,2024-01-20,F9,N178AG,538,IAH,"Houston, TX",TX,BOS,"Boston, MA",MA,0853,0841,-12.00,1356,1341,-15.00,0.00,,0.00,273.00,2184.00,,,,,
2024,1,1,4,4,2024-01-04,UA,N466CA,852,IAH,"Houston, TX",TX,BOS,"Boston, MA",MA,1829,1825,-4.00,2158,2154,-4.00,0.00,,0.00,179.00,1432.00,,,,,
2024,1,1,23,2,2024-01-23,AA,N892FE,2712,LAX,"Los Angeles, CA",CA,SEA,"Seattle, WA",WA,1014,1249,155.00,1429,1703,154.00,0.00,,0.00,225.00,1800.00,134.00,1.00,2.00,16.00,1.00
2024,1,1,15,1,2024-01-15,WN,N606BD,404,BOS,"Boston, MA",MA,DEN,"Denver, CO",CO,0551,0820,149.00,1031,1303,152.00,0.00,,0.00,250.00,2000.00,57.00,9.00,73.00,4.00,9.00
2024,1,1,16,2,2024-01-16,DL,N612AG,2789,SEA,"Seattle, WA",WA,PHX,"Phoenix, AZ",AZ,0725,0733,8.00,1256,1256,0.00,0.00,,0.00,301.00,2408.00,,,,,
2024,1,1,2,2,2024-01-02,F9,N631DB,2484,SEA,"Seattle, WA",WA,IAH,"Houston, TX",TX,0940,0943,3.00,1400,1410,10.00,0.00,,0.00,230.00,1840.00,,,,,
2024,1,1,10,3,2024-01-10,UA,N891GE,834,BOS,"Boston, MA",MA,ORD,"Chicago, IL",IL,0919,0911,-8.00,1407,1405,-2.00,0.00,,0.00,258.00,2064.00,,,,,
2024,1,1,20,6,2024-01-20,WN,N991CB,2696,SEA,"Seattle, WA",WA,LAX,"Los Angeles, CA",CA,1653,1646,-7.00,1858,1845,-13.00,0.00,,0.00,95.00,760.00,,,,,
2024,1,1,4,4,2024-01-04,AS,N828CE,630,LAX,"Los Angeles, CA",CA,SFO,"San Francisco, CA",CA,1742,1737,-5.00,2143,2143,0.00,0.00,,0.00,211.00,1688.00,,,,,
2024,1,1,19,5,2024-01-19,B6,N252FA,1158,SFO,"San Francisco, CA",CA,LAX,"Los Angeles, CA",CA,0840,0829,-11.00,1359,1349,-10.00,0.00,,0.00,289.00,2312.00,,,,,
2024,1,1,14,7,2024-01-14,DL,N121AE,2651,DFW,"Dallas/Fort Worth, TX",TX,LAX,"Los Angeles, CA",CA,1825,1820,-5.00,2308,2253,-15.00,0.00,,0.00,253.00,2024.00,,,,,
2024,1,1,25,4,2024-01-25,AA,N532AC,2516,LAX,"Los Angeles, CA",CA,SEA,"Seattle, WA",WA,0948,0943,-5.00,1524,1526,2.00,0.00,,0.00,306.00,2448.00,,,,,
2024,1,1,13,6,2024-01-13,F9,N662CA,374,ORD,"Chicago, IL",IL,JFK,"New York, NY",NY,0845,0845,0.00,1424,1433,9.00,0.00,,0.00,309.00,2472.00,,,,,
2024,1,1,11,4,2024-01-11,AS,N552AD,809,PHX,"Phoenix, AZ",AZ,SFO,"San Francisco, CA",CA,1142,1131,-11.00,1716,1712,-4.00,0.00,,0.00,304.00,2432.00,,,,,
2024,1,1,8,1,2024-01-08,NK,N862DA,1273,SEA,"Seattle, WA",WA,DEN,"Denver, CO",CO,1628,1629,1.00,1835,1847,12.00,0.00,,0.00,97.00,776.00,,,,,
2024,1,1,14,7,2024-01-14,AA,N243CB,2602,PHX,"Phoenix, AZ",AZ,BOS,"Boston, MA",MA,0721,,,1124,,,1.00,C,0.00,,1704.00,,,,,
2024,1,1,11,4,2024-01-11,AA,N937AD,1129,SEA,"Seattle, WA",WA,LAX,"Los Angeles, CA",CA,1830,1824,-6.00,2230,2226,-4.00,0.00,,0.00,210.00,1680.00,,,,,
2024,1,1,12,5,2024-01-12,B6,N137GE,1580,DFW,"Dallas/Fort Worth, TX",TX,PHX,"Phoenix, AZ",AZ,2251,2254,3.00,0411,0422,11.00,0.00,,0.00,290.00,2320.00,,,,,
2024,1,1,8,1,2024-01-08,B6,N946EF,1216,JFK,"New York, NY",NY,PHX,"Phoenix, AZ",AZ,1015,1040,25.00,1514,1540,26.00,0.00,,0.00,269.00,2152.00,5.00,1.00,0.00,20.00,0.00
2024,1,1,11,4,2024-01-11,NK,N168BA,2358,SEA,"Seattle, WA",WA,DFW,"Dallas/Fort Worth, TX",TX,1102,1058,-4.00,1633,1634,1.00,0.00,,0.00,301.00,2408.00,,,,,
2024,1,1,17,3,2024-01-17,F9,N633AF,15,MIA,"Miami, FL",FL,IAH,"Houston, TX",TX,1300,1256,-4.00,1503,1504,1.00,0.00,,0.00,93.00,744.00,,,,,
2024,1,1,4,4,2024-01-04,NK,N554DA,2242,PHX,"Phoenix, AZ",AZ,SEA,"Seattle, WA",WA,0638,0638,0.00,0907,0855,-12.00,0.00,,0.00,119.00,952.00,,,,,
2024,1,1,30,2,2024-01-30,F9,N318GD,241,DEN,"Denver, CO",CO,LAX,"Los Angeles, CA",CA,1852,1849,-3.00,0030,0027,-3.00,0.00,,0.00,308.00,2464.00,,,,,
2024,1,1,19,5,2024-01-19,DL,N908BC,1356,SEA,"Seattle, WA",WA,PHX,"Phoenix, AZ",AZ,1122,1123,1.00,1408,1420,12.00,0.00,,0.00,136.00,1088.00,,,,,
2024,1,1,7,7,2024-01-07,AA,N842AB,2066,IAH,"Houston, TX",TX,DEN,"Denver, CO",CO,1437,1433,-4.00,1734,1739,5.00,0.00,,0.00,147.00,1176.00,,,,,
2024,1,1,15,1,2024-01-15,B6,N897AA,2436,IAH,"Houston, TX",TX,PHX,"Phoenix, AZ",AZ,1047,1242,115.00,1245,1441,116.00,0.00,,0.00,88.00,704.00,14.00,52.00,0.00,29.00,21.00
2024,1,1,22,1,2024-01-22,NK,N218EC,2004,DFW,"Dallas/Fort Worth, TX",TX,LAX,"Los Angeles, CA",CA,1540,1545,5.00,1801,1756,-5.00,0.00,,0.00,111.00,888.00,,,,,
2024,1,1,9,2,2024-01-09,B6,N332FD,78,LAX,"Los Angeles, CA",CA,ATL,"Atlanta, GA",GA,0633,0839,126.00,1159,1417,138.00,0.00,,0.00,296.00,2368.00,49.00,45.00,36.00,4.00,4.00
2024,1,1,29,1,2024-01-29,NK,N977ED,887,LAX,"Los Angeles, CA",CA,MIA,"Miami, FL",FL,1250,1416,86.00,1504,1618,74.00,0.00,,0.00,104.00,832.00,0.00,0.00,0.00,74.00,0.00
2024,1,1,17,3,2024-01-17,WN,N678DA,73,ORD,"Chicago, IL",IL,DFW,"Dallas/Fort Worth, TX",TX,1744,1743,-1.00,2019,2012,-7.00,0.00,,0.00,125.00,1000.00,,,,,
2024,1,1,6,6,2024-01-06,NK,N775FC,1160,DFW,"Dallas/Fort Worth, TX",TX,ORD,"Chicago, IL",IL,1052,1058,6.00,1230,1227,-3.00,0.00,,0.00,68.00,544.00,,,,,
2024,1,1,13,6,2024-01-13,DL,N376DB,826,ATL,"Atlanta, GA",GA,PHX,"Phoenix, AZ",AZ,1103,1103,0.00,1655,1700,5.00,0.00,,0.00,322.00,2576.00,,,,,
2024,1,1,31,3,2024-01-31,DL,N160GC,1216,SFO,"San Francisco, CA",CA,DFW,"Dallas/Fort Worth, TX",TX,1237,,,1426,,,1.00,D,0.00,,632.00,,,,,
2024,1,1,15,1,2024-01-15,DL,N830DB,1929,JFK,"New York, NY",NY,IAH,"Houston, TX",TX,0719,0817,58.00,0931,1017,46.00,0.00,,0.00,102.00,816.00,11.00,0.00,0.00,1.00,34.00
2024,1,1,11,4,2024-01-11,AA,N641CA,452,SFO,"San Francisco, CA",CA,LAX,"Los Angeles, CA",CA,1223,1224,1.00,1747,1756,9.00,0.00,,0.00,294.00,2352.00,,,,,
2024,1,1,17,3,2024-01-17,B6,N111FF,1210,PHX,"Phoenix, AZ",AZ,JFK,"New York, NY",NY,0512,0603,51.00,0723,0811,48.00,0.00,,0.00,101.00,808.00,4.00,37.00,1.00,3.00,3.00
2024,1,1,7,7,2024-01-07,F9,N815DA,119,ORD,"Chicago, IL",IL,BOS,"Boston, MA",MA,0928,0921,-7.00,1325,1313,-12.00,0.00,,0.00,207.00,1656.00,,,,,
2024,1,1,25,4,2024-01-25,AA,N272FE,1028,BOS,"Boston, MA",MA,SEA,"Seattle, WA",WA,0947,0945,-2.00,1458,1451,-7.00,0.00,,0.00,281.00,2248.00,,,,,
2024,1,1,4,4,2024-01-04,UA,N890EG,1759,ATL,"Atlanta, GA",GA,DEN,"Denver, CO",CO,1652,2010,198.00,1846,2205,199.00,0.00,,0.00,84.00,672.00,7.00,20.00,35.00,116.00,21.00
2024,1,1,14,7,2024-01-14,UA,N489DC,1858,SFO,"San Francisco, CA",CA,ORD,"Chicago, IL",IL,1012,1004,-8.00,1311,1313,2.00,0.00,,0.00,149.00,1192.00,,,,,
2024,1,1,17,3,2024-01-17,WN,N449DF,2331,BOS,"Boston, MA",MA,DFW,"Dallas/Fort Worth, TX",TX,0512,0512,0.00,0740,0738,-2.00,0.00,,0.00,118.00,944.00,,,,,
2024,1,1,17,3,2024-01-17,B6,N398FA,1464,JFK,"New York, NY",NY,DFW,"Dallas/Fort Worth, TX",TX,2247,2244,-3.00,0349,0339,-10.00,0.00,,0.00,272.00,2176.00,,,,,
2024,1,1,29,1,2024-01-29,F9,N918GB,2548,ORD,"Chicago, IL",IL,ATL,"Atlanta, GA",GA,1913,1903,-10.00,2347,2327,-20.00,0.00,,0.00,244.00,1952.00,,,,,
2024,1,1,20,6,2024-01-20,WN,N136AG,1226,PHX,"Phoenix, AZ",AZ,MIA,"Miami, FL",FL,1103,1447,224.00,1626,2000,214.00,0.00,,0.00,293.00,2344.00,177.00,6.00,0.00,31.00,0.00
2024,1,1,24,3,2024-01-24,AA,N892GB,2623,ATL,"Atlanta, GA",GA,IAH,"Houston, TX",TX,2247,2247,0.00,0243,0252,9.00,0.00,,0.00,206.00,1648.00,,,,,
2024,1,1,20,6,2024-01-20,WN,N831FB,136,ATL,"Atlanta, GA",GA,DEN,"Denver, CO",CO,0625,0738,73.00,1005,1116,71.00,0.00,,0.00,190.00,1520.00,1.00,19.00,22.00,0.00,29.00
2024,1,1,4,4,2024-01-04,WN,N290CE,929,PHX,"Phoenix, AZ",AZ,ORD,"Chicago, IL",IL,1056,1056,0.00,1318,1323,5.00,0.00,,0.00,112.00,896.00,,,,,
2024,1,1,2,2,2024-01-02,F9,N541BC,2932,SEA,"Seattle, WA",WA,LAX,"Los Angeles, CA",CA,1520,1519,-1.00,1814,1819,5.00,0.00,,0.00,144.00,1152.00,,,,,
2024,1,1,11,4,not-a-date,UA,N139AE,1780,SEA,"Seattle, WA",WA,SFO,"San Francisco, CA",CA,1354,1600,126.00,1655,1908,133.00,0.00,,0.00,151.00,1208.00,91.00,27.00,4.00,0.00,11.00
2024,1,1,31,3,2024-01-31,UA,N756EA,1675,ATL,"Atlanta, GA",GA,DFW,"Dallas/Fort Worth, TX",TX,1806,1852,46.00,2346,0032,46.00,0.00,,0.00,310.00,2480.00,0.00,0.00,0.00,0.00,46.00
2024,1,1,2,2,2024-01-02,B6,N575DD,1235,PHX,"Phoenix, AZ",AZ,ORD,"Chicago, IL",IL,0857,1128,151.00,1053,1319,146.00,0.00,,0.00,86.00,688.00,3.00,0.00,2.00,135.00,6.00
2024,1,1,21,7,2024-01-21,AA,N331DA,2358,LAX,"Los Angeles, CA",CA,SFO,"San Francisco, CA",CA,2156,2201,5.00,0225,0237,12.00,0.00,,0.00,239.00,1912.00,,,,,
2024,1,1,15,1,2024-01-15,WN,N843EE,597,JFK,"New York, NY",NY,BOS,"Boston, MA",MA,1035,1026,-9.00,1516,1506,-10.00,0.00,,0.00,251.00,2008.00,,,,,
2024,1,1,9,2,2024-01-09,B6,N294CB,240,JFK,"New York, NY",NY,ORD,"Chicago, IL",IL,1926,1923,-3.00,0105,0108,3.00,0.00,,0.00,309.00,2472.00,,,,,
2024,1,1,27,6,2024-01-27,UA,N249FF,2880,DEN,"Denver, CO",CO,JFK,"New York, NY",NY,2033,2021,-12.00,2318,,,0.00,,1.00,,1080.00,,,,,
2024,1,1,29,1,2024-01-29,F9,N897ED,389,DEN,"Denver, CO",CO,SFO,"San Francisco, CA",CA,0750,0747,-3.00,1011,1000,-11.00,0.00,,0.00,111.00,888.00,,,,,
2024,1,1,14,7,2024-01-14,B6,N752CB,1810,??,"Chicago, IL",IL,SEA,"Seattle, WA",WA,0507,0503,-4.00,0927,0911,-16.00,0.00,,0.00,230.00,1840.00,,,,,
2024,1,1,1,1,2024-01-01,AA,N565EB,899,ATL,"Atlanta, GA",GA,IAH,"Houston, TX",TX,0615,0604,-11.00,0845,0839,-6.00,0.00,,0.00,120.00,960.00,,,,,
2024,1,1,7,7,2024-01-07,WN,N983FB,332,DFW,"Dallas/Fort Worth, TX",TX,ATL,"Atlanta, GA",GA,2037,2037,0.00,2320,2313,-7.00,0.00,,0.00,133.00,1064.00,,,,,
2024,1,1,2,2,2024-01-02,NK,N793EF,559,SFO,"San Francisco, CA",CA,ORD,"Chicago, IL",IL,2149,2149,0.00,2324,2333,9.00,0.00,,0.00,65.00,520.00,,,,,
2024,1,1,13,6,2024-01-13,WN,N499FF,517,DEN,"Denver, CO",CO,ORD,"Chicago, IL",IL,0752,0751,-1.00,0940,0933,-7.00,0.00,,0.00,78.00,624.00,,,,,
2024,1,1,26,5,2024-01-26,AS,N962DB,2808,SFO,"San Francisco, CA",CA,JFK,"New York, NY",NY,1217,1215,-2.00,1509,1518,9.00,0.00,,0.00,142.00,1136.00,,,,,
2024,1,1,15,1,2024-01-15,NK,N545AA,572,SFO,"San Francisco, CA",CA,MIA,"Miami, FL",FL,1753,1751,-2.00,2255,2248,-7.00,0.00,,0.00,272.00,2176.00,,,,,
2024,1,1,2,2,2024-01-02,AS,N579FC,2867,LAX,"Los Angeles, CA",CA,ORD,"Chicago, IL",IL,1451,1449,-2.00,2005,2008,3.00,0.00,,0.00,284.00,2272.00,,,,,
2024,1,1,2,2,2024-01-02,UA,N665DC,2618,IAH,"Houston, TX",TX,PHX,"Phoenix, AZ",AZ,0651,0650,-1.00,1023,1017,-6.00,0.00,,0.00,182.00,1456.00,,,,,
2024,1,1,8,1,2024-01-08,AA,N111FB,2071,JFK,"New York, NY",NY,DFW,"Dallas/Fort Worth, TX",TX,1808,2205,237.00,2054,0044,230.00,0.00,,0.00,136.00,1088.00,74.00,129.00,8.00,12.00,7.00
2024,1,1,24,3,2024-01-24,AA,N979GA,1002,SFO,"San Francisco, CA",CA,DEN,"Denver, CO",CO,2222,2207,-15.00,2353,2330,-23.00,0.00,,0.00,61.00,488.00,,,,,
2024,1,1,26,5,2024-01-26,WN,N565DC,2384,SFO,"San Francisco, CA",CA,ATL,"Atlanta, GA",GA,2235,,,0227,,,1.00,A,0.00,,1616.00,,,,,
2024,1,1,29,1,2024-01-29,F9,N737FC,1837,PHX,"Phoenix, AZ",AZ,ATL,"Atlanta, GA",GA,2109,2100,-9.00,2338,2326,-12.00,0.00,,0.00,119.00,952.00,,,,,
2024,1,1,1,1,2024-01-01,UA,N221DG,11,BOS,"Boston, MA",MA,IAH,"Houston, TX",TX,0804,,,1036,,,1.00,A,0.00,,976.00,,,,,
2024,1,1,11,4,2024-01-11,NK,N346BF,489,BOS,"Boston, MA",MA,SEA,"Seattle, WA",WA,1642,1657,15.00,1935,1959,24.00,0.00,,0.00,143.00,1144.00,2.00,19.00,0.00,0.00,3.00
2024,1,1,28,7,2024-01-28,F9,N728EE,21,SEA,"Seattle, WA",WA,SFO,"San Francisco, CA",CA,1642,1645,3.00,2109,2103,-6.00,0.00,,0.00,237.00,1896.00,,,,,
2024,1,1,2,2,2024-01-02,AS,N706GG,2444,PHX,"Phoenix, AZ",AZ,DFW,"Dallas/Fort Worth, TX",TX,1819,1828,9.00,2315,2324,9.00,0.00,,0.00,266.00,2128.00,,,,,
2024,1,1,30,2,2024-01-30,F9,N239FC,2711,LAX,"Los Angeles, CA",CA,SEA,"Seattle, WA",WA,0907,0905,-2.00,1053,1053,0.00,0.00,,0.00,76.00,608.00,,,,,
2024,1,1,19,5,2024-01-19,AS,N629CD,913,LAX,"Los Angeles, CA",CA,ATL,"Atlanta, GA",GA,1755,1756,1.00,2232,2236,4.00,0.00,,0.00,247.00,1976.00,,,,,
2024,1,1,21,7,2024-01-21,UA,N527FA,1219,DEN,"Denver, CO",CO,ATL,"Atlanta, GA",GA,1743,1915,92.00,1951,2115,84.00,0.00,,0.00,98.00,784.00,14.00,2.00,60.00,5.00,3.00
2024,1,1,31,3,2024-01-31,DL,N129BE,71,JFK,"New York, NY",NY,BOS,"Boston, MA",MA,0623,0619,-4.00,1150,1143,-7.00,0.00,,0.00,297.00,2376.00,,,,,
2024,1,1,18,4,2024-01-18,UA,N904AC,377,JFK,"New York, NY",NY,BOS,"Boston, MA",MA,0910,0912,2.00,1446,1459,13.00,0.00,,0.00,306.00,2448.00,,,,,
2024,1,1,2,2,2024-01-02,F9,N502FB,76,DEN,"Denver, CO",CO,BOS,"Boston, MA",MA,1524,1518,-6.00,1944,1942,-2.00,0.00,,0.00,230.00,1840.00,,,,,
2024,1,1,9,2,2024-01-09,UA,N202EB,654,SFO,"San Francisco, CA",CA,SEA,"Seattle, WA",WA,0655,0811,76.00,1238,1359,81.00,0.00,,0.00,313.00,2504.00,20.00,17.00,9.00,17.00,18.00
2024,1,1,9,2,2024-01-09,WN,N429AD,2079,DEN,"Denver, CO",CO,PHX,"Phoenix, AZ",AZ,2146,0036,170.00,0259,0543,164.00,0.00,,0.00,283.00,2264.00,8.00,100.00,43.00,1.00,12.00
2024,1,1,16,2,2024-01-16,F9,N911AA,1206,BOS,"Boston, MA",MA,DEN,"Denver, CO",CO,2115,2116,1.00,0256,0254,-2.00,0.00,,0.00,311.00,2488.00,,,,,
2024,1,1,13,6,2024-01-13,AA,N987DG,518,BOS,"Boston, MA",MA,DFW,"Dallas/Fort Worth, TX",TX,0844,1201,197.00,1127,1447,200.00,0.00,,0.00,133.00,1064.00,5.00,157.00,6.00,4.00,28.00
2024,1,1,1,1,2024-01-01,F9,N905AB,1919,SFO,"San Francisco, CA",CA,LAX,"Los Angeles, CA",CA,0616,0612,-4.00,1001,1006,5.00,0.00,,0.00,195.00,1560.00,,,,,
2024,1,1,30,2,2024-01-30,NK,N171FC,2553,BOS,"Boston, MA",MA,PHX,"Phoenix, AZ",AZ,1143,1502,199.00,1619,1935,196.00,0.00,,0.00,246.00,1968.00,0.00,2.00,89.00,2.00,103.00
2024,1,1,15,1,2024-01-15,F9,N291CA,1951,SFO,"San Francisco, CA",CA,IAH,"Houston, TX",TX,1312,1307,-5.00,1450,1441,-9.00,0.00,,0.00,68.00,544.00,,,,,
2024,1,1,27,6,2024-01-27,B6,N756CF,197,SEA,"Seattle, WA",WA,DEN,"Denver, CO",CO,0802,0758,-4.00,1209,1210,1.00,0.00,,0.00,217.00,1736.00,,,,,
2024,1,1,30,2,2024-01-30,B6,N578EC,1525,SFO,"San Francisco, CA",CA,BOS,"Boston, MA",MA,1121,1122,1.00,1654,1646,-8.00,0.00,,0.00,303.00,2424.00,,,,,
2024,1,1,16,2,2024-01-16,AS,N349FD,174,ORD,"Chicago, IL",IL,LAX,"Los Angeles, CA",CA,1545,1540,-5.00,2013,2006,-7.00,0.00,,0.00,238.00,1904.00,,,,,
2024,1,1,5,5,2024-01-05,B6,N107EE,1516,IAH,"Houston, TX",TX,LAX,"Los Angeles, CA",CA,2223,2223,0.00,0035,0033,-2.00,0.00,,0.00,102.00,816.00,,,,,
2024,1,1,25,4,2024-01-25,NK,N866CG,487,IAH,"Houston, TX",TX,ATL,"Atlanta, GA",GA,1842,1839,-3.00,2236,2227,-9.00,0.00,,0.00,204.00,1632.00,,,,,
2024,1,1,26,5,2024-01-26,F9,N485DE,2700,PHX,"Phoenix, AZ",AZ,ORD,"Chicago, IL",IL,1826,1815,-11.00,2030,2015,-15.00,0.00,,0.00,94.00,752.00,,,,,
2024,1,1,13,6,2024-01-13,UA,N958EC,2174,ATL,"Atlanta, GA",GA,IAH,"Houston, TX",TX,2111,2108,-3.00,0142,0133,-9.00,0.00,,0.00,241.00,1928.00,,,,,
2024,1,1,29,1,2024-01-29,UA,N776ED,2989,DFW,"Dallas/Fort Worth, TX",TX,SEA,"Seattle, WA",WA,1959,1955,-4.00,0100,0059,-1.00,0.00,,0.00,271.00,2168.00,,,,,
2024,1,1,16,2,2024-01-16,B6,N750CC,1654,JFK,"New York, NY",NY,MIA,"Miami, FL",FL,0727,0731,4.00,1144,1155,11.00,0.00,,0.00,227.00,1816.00,,,,,
2024,1,1,21,7,2024-01-21,NK,N381FF,1824,IAH,"Houston, TX",TX,ATL,"Atlanta, GA",GA,0803,0806,3.00,1330,1342,12.00,0.00,,0.00,297.00,2376.00,,,,,
2024,1,1,11,4,2024-01-11,AS,N677BE,2235,ATL,"Atlanta, GA",GA,ORD,"Chicago, IL",IL,1824,1822,-2.00,2300,2246,-14.00,0.00,,0.00,246.00,1968.00,,,,,
2024,1,1,31,3,2024-01-31,DL,N617EA,406,MIA,"Miami, FL",FL,DFW,"Dallas/Fort Worth, TX",TX,1701,1704,3.00,1953,2000,7.00,0.00,,0.00,142.00,1136.00,,,,,
2024,1,1,13,6,2024-01-13,NK,N290DF,2202,ATL,"Atlanta, GA",GA,MIA,"Miami, FL",FL,0942,0946,4.00,1428,1435,7.00,0.00,,0.00,256.00,2048.00,,,,,
2024,1,1,6,6,2024-01-06,WN,N367GC,2366,ATL,"Atlanta, GA",GA,ORD,"Chicago, IL",IL,1326,1316,-10.00,1506,1449,-17.00,0.00,,0.00,70.00,560.00,,,,,
2024,1,1,8,1,2024-01-08,AS,N132GC,291,SEA,"Seattle, WA",WA,SFO,"San Francisco, CA",CA,0700,0659,-1.00,1027,1029,2.00,0.00,,0.00,177.00,1416.00,,,,,
2024,1,1,27,6,2024-01-27,WN,N358CA,1656,BOS,"Boston, MA",MA,SEA,"Seattle, WA",WA,2031,2046,15.00,2246,2310,24.00,0.00,,0.00,105.00,840.00,0.00,3.00,0.00,5.00,16.00
2024,1,1,25,4,2024-01-25,NK,N772CB,996,MIA,"Miami, FL",FL,SFO,"San Francisco, CA",CA,1046,1041,-5.00,1523,1509,-14.00,0.00,,0.00,247.00,1976.00,,,,,
2024,1,1,25,4,2024-01-25,F9,N908CG,1141,ATL,"Atlanta, GA",GA,ORD,"Chicago, IL",IL,2206,0204,238.00,0016,0414,238.00,0.00,,0.00,100.00,800.00,71.00,31.00,127.00,5.00,4.00
2024,1,1,31,3,2024-01-31,AS,N168CF,1953,LAX,"Los Angeles, CA",CA,JFK,"New York, NY",NY,0702,0655,-7.00,1132,1129,-3.00,0.00,,0.00,240.00,1920.00,,,,,
2024,1,1,11,4,2024-01-11,AA,N454DF,2548,IAH,"Houston, TX",TX,BOS,"Boston, MA",MA,2211,2217,6.00,0034,0044,10.00,0.00,,0.00,113.00,904.00,,,,,
2024,1,1,25,4,2024-01-25,NK,N710AD,1564,SEA,"Seattle, WA",WA,SFO,"San Francisco, CA",CA,1013,1010,-3.00,1304,1257,-7.00,0.00,,0.00,141.00,1128.00,,,,,
2024,1,1,5,5,2024-01-05,F9,N149BA,2102,ATL,"Atlanta, GA",GA,PHX,"Phoenix, AZ",AZ,1511,1501,-10.00,1702,1642,-20.00,0.00,,0.00,81.00,648.00,,,,,
2024,1,1,28,7,2024-01-28,UA,N591GF,34,BOS,"Boston, MA",MA,PHX,"Phoenix, AZ",AZ,2251,2246,-5.00,0332,0334,2.00,0.00,,0.00,251.00,2008.00,,,,,
2024,1,1,28,7,2024-01-28,AS,N763DA,591,LAX,"Los Angeles, CA",CA,IAH,"Houston, TX",TX,1718,1719,1.00,2001,2008,7.00,0.00,,0.00,133.00,1064.00,,,,,
2024,1,1,28,7,2024-01-28,NK,N962GB,1713,ORD,"Chicago, IL",IL,BOS,"Boston, MA",MA,1737,1733,-4.00,2102,2102,0.00,0.00,,0.00,175.00,1400.00,,,,,
2024,1,1,18,4,2024-01-18,F9,N125BD,2418,LAX,"Los Angeles, CA",CA,ATL,"Atlanta, GA",GA,1906,2117,131.00,2321,0122,121.00,0.00,,0.00,225.00,1800.00,4.00,2.00,11.00,90.00,14.00
2024,1,1,18,4,2024-01-18,WN,N281EF,821,ORD,"Chicago, IL",IL,SFO,"San Francisco, CA",CA,1300,,,1749,,,1.00,D,0.00,,2072.00,,,,,
2024,1,1,13,6,2024-01-13,UA,N983DD,1809,MIA,"Miami, FL",FL,IAH,"Houston, TX",TX,1332,1332,0.00,1727,1735,8.00,0.00,,0.00,205.00,1640.00,,,,,
2024,1,1,11,4,2024-01-11,AS,N963BE,2165,PHX,"Phoenix, AZ",AZ,JFK,"New York, NY",NY,0551,0550,-1.00,1106,1110,4.00,0.00,,0.00,285.00,2280.00,,,,,
2024,1,1,19,5,2024-01-19,DL,N494CD,2829,JFK,"New York, NY",NY,ORD,"Chicago, IL",IL,0802,0759,-3.00,1306,1258,-8.00,0.00,,0.00,274.00,2192.00,,,,,
2024,1,1,4,4,2024-01-04,F9,N828DE,524,JFK,"New York, NY",NY,MIA,"Miami, FL",FL,2237,2218,-19.00,0329,0316,-13.00,0.00,,0.00,262.00,2096.00,,,,,
2024,1,1,15,1,2024-01-15,AA,N993GG,1775,SEA,"Seattle, WA",WA,ATL,"Atlanta, GA",GA,0838,0838,0.00,1402,1358,-4.00,0.00,,0.00,294.00,2352.00,,,,,
2024,1,1,15,1,2024-01-15,NK,N732DE,1066,DEN,"Denver, CO",CO,ORD,"Chicago, IL",IL,1045,1143,58.00,1240,1344,64.00,0.00,,0.00,85.00,680.00,64.00,0.00,0.00,0.00,0.00
2024,1,1,19,5,2024-01-19,NK,N607BB,492,SEA,"Seattle, WA",WA,BOS,"Boston, MA",MA,2107,,,2315,,,1.00,C,0.00,,784.00,,,,,
2024,1,1,3,3,2024-01-03,AA,N631BC,2194,IAH,"Houston, TX",TX,DFW,"Dallas/Fort Worth, TX",TX,1702,1648,-14.00,1904,1845,-19.00,0.00,,0.00,92.00,736.00,,,,,
2024,1,1,2,2,2024-01-02,AS,N933BD,652,BOS,"Boston, MA",MA,ATL,"Atlanta, GA",GA,1830,1951,81.00,2119,2235,76.00,0.00,,0.00,139.00,1112.00,39.00,28.00,1.00,1.00,7.00
2024,1,1,26,5,2024-01-26,WN,N595FG,2145,JFK,"New York, NY",NY,BOS,"Boston, MA",MA,1015,1013,-2.00,1322,1324,2.00,0.00,,0.00,157.00,1256.00,,,,,
2024,1,1,2,2,2024-01-02,UA,N870FG,1839,ATL,"Atlanta, GA",GA,DFW,"Dallas/Fort Worth, TX",TX,1306,1313,7.00,1823,1824,1.00,0.00,,0.00,287.00,2296.00,,,,,
2024,1,1,28,7,2024-01-28,WN,N431BE,784,ORD,"Chicago, IL",IL,MIA,"Miami, FL",FL,2231,2231,0.00,0157,0155,-2.00,0.00,,0.00,176.00,1408.00,,,,,
2024,1,1,26,5,2024-01-26,DL,N431GB,1138,PHX,"Phoenix, AZ",AZ,SEA,"Seattle, WA",WA,0720,0717,-3.00,1155,1150,-5.00,0.00,,0.00,245.00,1960.00,,,,,
2024,1,1,4,4,2024-01-04,AA,N469EE,1512,DEN,"Denver, CO",CO,LAX,"Los Angeles, CA",CA,1304,1352,48.00,1846,1941,55.00,0.00,,0.00,312.00,2496.00,35.00,6.00,0.00,1.00,13.00
2024,1,1,16,2,2024-01-16,B6,N623GD,1743,SEA,"Seattle, WA",WA,DFW,"Dallas/Fort Worth, TX",TX,0739,0734,-5.00,0935,0935,0.00,0.00,,0.00,86.00,688.00,,,,,
2024,1,1,5,5,2024-01-05,AS,N292BG,1317,BOS,"Boston, MA",MA,MIA,"Miami, FL",FL,1127,1131,4.00,1400,1404,4.00,0.00,,0.00,123.00,984.00,,,,,
2024,1,1,18,4,2024-01-18,B6,N688BF,661,JFK,"New York, NY",NY,DFW,"Dallas/Fort Worth, TX",TX,0911,0909,-2.00,1101,1050,-11.00,0.00,,0.00,80.00,640.00,,,,,
2024,1,1,6,6,2024-01-06,B6,N503DA,2087,DFW,"Dallas/Fort Worth, TX",TX,SFO,"San Francisco, CA",CA,0918,0920,2.00,1442,1454,12.00,0.00,,0.00,294.00,2352.00,,,,,
2024,1,1,10,3,2024-01-10,WN,N538BA,1283,IAH,"Houston, TX",TX,MIA,"Miami, FL",FL,1012,1009,-3.00,1448,1444,-4.00,0.00,,0.00,246.00,1968.00,,,,,
2024,1,1,25,4,2024-01-25,AA,N252AC,2825,PHX,"Phoenix, AZ",AZ,BOS,"Boston, MA",MA,1114,1108,-6.00,1658,1645,-13.00,0.00,,0.00,314.00,2512.00,,,,,
2024,1,1,20,6,2024-01-20,AA,N416GD,137,ORD,"Chicago, IL",IL,PHX,"Phoenix, AZ",AZ,0940,0941,1.00,1159,1211,12.00,0.00,,0.00,109.00,872.00,,,,,
2024,1,1,31,3,2024-01-31,DL,N607BE,2624,LAX,"Los Angeles, CA",CA,DEN,"Denver, CO",CO,1555,1543,-12.00,1802,1741,-21.00,0.00,,0.00,97.00,776.00,,,,,
2024,1,1,11,4,2024-01-11,AA,N998BG,2077,JFK,"New York, NY",NY,PHX,"Phoenix, AZ",AZ,1841,1847,6.00,2244,2246,2.00,0.00,,0.00,213.00,1704.00,,,,,
2024,1,1,30,2,2024-01-30,AS,N924EE,2880,PHX,"Phoenix, AZ",AZ,SEA,"Seattle, WA",WA,1302,1445,103.00,1844,2017,93.00,0.00,,0.00,312.00,2496.00,58.00,1.00,0.00,34.00,0.00
2024,1,1,25,4,2024-01-25,UA,N237GF,506,IAH,"Houston, TX",TX,BOS,"Boston, MA",MA,0931,0927,-4.00,1222,1222,0.00,0.00,,0.00,141.00,1128.00,,,,,
2024,1,1,10,3,2024-01-10,F9,N148CF,2750,ORD,"Chicago, IL",IL,SEA,"Seattle, WA",WA,1058,1053,-5.00,1606,1558,-8.00,0.00,,0.00,278.00,2224.00,,,,,
2024,1,1,31,3,2024-01-31,NK,N673DD,2848,LAX,"Los Angeles, CA",CA,PHX,"Phoenix, AZ",AZ,1428,1420,-8.00,1711,1702,-9.00,0.00,,0.00,133.00,1064.00,,,,,
2024,1,1,17,3,2024-01-17,NK,N238BA,1922,SEA,"Seattle, WA",WA,BOS,"Boston, MA",MA,2213,2217,4.00,0012,0022,10.00,0.00,,0.00,89.00,712.00,,,,,
2024,1,1,14,7,2024-01-14,B6,N402CF,1801,DEN,"Denver, CO",CO,IAH,"Houston, TX",TX,1418,1416,-2.00,1730,1734,4.00,0.00,,0.00,162.00,1296.00,,,,,
2024,1,1,20,6,2024-01-20,UA,N468DD,1627,DEN,"Denver, CO",CO,MIA,"Miami, FL",FL,1218,,,1700,,,1.00,A,0.00,,2016.00,,,,,
2024,1,1,27,6,2024-01-27,NK,N785AB,576,ATL,"Atlanta, GA",GA,BOS,"Boston, MA",MA,1611,1627,16.00,1825,1837,12.00,0.00,,0.00,104.00,832.00,,,,,
2024,1,1,11,4,2024-01-11,DL,N369DG,1244,BOS,"Boston, MA",MA,JFK,"New York, NY",NY,1913,1909,-4.00,2300,2254,-6.00,0.00,,0.00,197.00,1576.00,,,,,
2024,1,1,31,3,2024-01-31,DL,N747GF,2895,SEA,"Seattle, WA",WA,ATL,"Atlanta, GA",GA,0737,0816,39.00,1319,1359,40.00,0.00,,0.00,312.00,2496.00,14.00,22.00,0.00,1.00,3.00
2024,1,1,21,7,2024-01-21,DL,N233DD,324,PHX,"Phoenix, AZ",AZ,DFW,"Dallas/Fort Worth, TX",TX,1546,1545,-1.00,1804,1800,-4.00,0.00,,0.00,108.00,864.00,,,,,
2024,1,1,25,4,2024-01-25,UA,N524BE,1893,ATL,"Atlanta, GA",GA,SFO,"San Francisco, CA",CA,0513,0513,0.00,1012,1012,0.00,0.00,,0.00,269.00,2152.00,,,,,
2024,1,1,13,6,2024-01-13,F9,N290EE,1230,PHX,"Phoenix, AZ",AZ,BOS,"Boston, MA",MA,1844,1839,-5.00,2129,2126,-3.00,0.00,,0.00,135.00,1080.00,,,,,
2024,1,1,19,5,2024-01-19,WN,N790DF,2725,PHX,"Phoenix, AZ",AZ,LAX,"Los Angeles, CA",CA,1910,1913,3.00,2134,2130,-4.00,0.00,,0.00,114.00,912.00,,,,,
2024,1,1,10,3,2024-01-10,UA,N771GG,2370,IAH,"Houston, TX",TX,PHX,"Phoenix, AZ",AZ,0554,0537,-17.00,1126,1115,-11.00,0.00,,0.00,302.00,2416.00,,,,,
2024,1,1,5,5,2024-01-05,DL,N794AC,2698,DEN,"Denver, CO",CO,ORD,"Chicago, IL",IL,1454,1758,184.00,2034,2340,186.00,0.00,,0.00,310.00,2480.00,9.00,0.00,4.00,173.00,0.00
2024,1,1,14,7,2024-01-14,B6,N752CB,1810,ORD,"Chicago, IL",IL,SEA,"Seattle, WA",WA,0507,0503,-4.00,0927,0911,-16.00,0.00,,0.00,230.00,1840.00,,,,,
2024,1,1,29,1,2024-01-29,B6,N684BD,287,JFK,"New York, NY",NY,MIA,"Miami, FL",FL,1958,1949,-9.00,2129,2129,0.00,0.00,,0.00,61.00,488.00,,,,,
2024,1,1,7,7,2024-01-07,B6,N972BD,2614,DFW,"Dallas/Fort Worth, TX",TX,IAH,"Houston, TX",TX,2213,2208,-5.00,0214,0217,3.00,0.00,,0.00,211.00,1688.00,,,,,
2024,1,1,12,5,2024-01-12,B6,N145CE,1387,DEN,"Denver, CO",CO,PHX,"Phoenix, AZ",AZ,0832,0831,-1.00,1252,1301,9.00,0.00,,0.00,230.00,1840.00,,,,,
2024,1,1,27,6,2024-01-27,NK,N644DG,941,SEA,"Seattle, WA",WA,IAH,"Houston, TX",TX,1511,1506,-5.00,2038,2044,6.00,0.00,,0.00,297.00,2376.00,,,,,
2024,1,1,21,7,2024-01-21,WN,N230FC,2521,LAX,"Los Angeles, CA",CA,MIA,"Miami, FL",FL,2132,0035,183.00,0108,0420,192.00,0.00,,0.00,186.00,1488.00,7.00,163.00,0.00,0.00,22.00
2024,1,1,22,1,2024-01-22,AA,N830AC,1598,LAX,"Los Angeles, CA",CA,SEA,"Seattle, WA",WA,1606,1600,-6.00,1908,1900,-8.00,0.00,,0.00,152.00,1216.00,,,,,
2024,1,1,12,5,2024-01-12,F9,N364DC,1811,DFW,"Dallas/Fort Worth, TX",TX,SFO,"San Francisco, CA",CA,0725,0727,2.00,1026,1017,-9.00,0.00,,0.00,151.00,1208.00,,,,,
2024,1,1,7,7,2024-01-07,F9,N964AC,1629,LAX,"Los Angeles, CA",CA,PHX,"Phoenix, AZ",AZ,1457,1619,82.00,1708,1820,72.00,0.00,,0.00,101.00,808.00,18.00,0.00,2.00,5.00,47.00
2024,1,1,23,2,2024-01-23,F9,N696DE,2076,ATL,"Atlanta, GA",GA,IAH,"Houston, TX",TX,0731,0933,122.00,1250,1457,127.00,0.00,,0.00,289.00,2312.00,63.00,4.00,45.00,5.00,10.00
2024,1,1,28,7,2024-01-28,WN,N624CB,78,SEA,"Seattle, WA",WA,PHX,"Phoenix, AZ",AZ,1809,1800,-9.00,2119,2122,3.00,0.00,,0.00,160.00,1280.00,,,,,
2024,1,1,16,2,2024-01-16,UA,N528CB,430,IAH,"Houston, TX",TX,JFK,"New York, NY",NY,1618,1643,25.00,2039,2107,28.00,0.00,,0.00,231.00,1848.00,9.00,14.00,1.00,1.00,3.00
2024,1,1,16,2,2024-01-16,NK,N843CB,1316,IAH,"Houston, TX",TX,ORD,"Chicago, IL",IL,1057,1055,-2.00,1313,1323,10.00,0.00,,0.00,106.00,848.00,,,,,
2024,1,1,14,7,2024-01-14,DL,N634BD,355,SEA,"Seattle, WA",WA,IAH,"Houston, TX",TX,0754,,,1029,,,1.00,B,0.00,,1000.00,,,,,
2024,1,1,3,3,2024-01-03,NK,N702EE,2511,JFK,"New York, NY",NY,MIA,"Miami, FL",FL,2014,2014,0.00,2302,2312,10.00,0.00,,0.00,138.00,1104.00,,,,,
2024,1,1,20,6,2024-01-20,AS,N946AG,2640,SFO,"San Francisco, CA",CA,ATL,"Atlanta, GA",GA,1806,1802,-4.00,1946,1954,8.00,0.00,,0.00,70.00,560.00,,,,,
2024,1,1,15,1,2024-01-15,WN,N894DF,1888,ATL,"Atlanta, GA",GA,MIA,"Miami, FL",FL,2130,2348,138.00,0104,0313,129.00,0.00,,0.00,184.00,1472.00,26.00,11.00,80.00,8.00,4.00
2024,1,1,7,7,2024-01-07,UA,N813DC,1503,JFK,"New York, NY",NY,ATL,"Atlanta, GA",GA,1815,2150,215.00,2003,2339,216.00,0.00,,0.00,78.00,624.00,38.00,9.00,24.00,141.00,4.00
2024,1,1,10,3,2024-01-10,AA,N564GC,560,JFK,"New York, NY",NY,LAX,"Los Angeles, CA",CA,0851,0846,-5.00,1223,1224,1.00,0.00,,0.00,182.00,1456.00,,,,,
2024,1,1,21,7,2024-01-21,DL,N488CC,533,DFW,"Dallas/Fort Worth, TX",TX,SEA,"Seattle, WA",WA,0729,0731,2.00,1311,1306,-5.00,0.00,,0.00,312.00,2496.00,,,,,
2024,1,1,1,1,2024-01-01,AS,N416BC,1897,LAX,"Los Angeles, CA",CA,JFK,"New York, NY",NY,1104,1149,45.00,1339,1425,46.00,0.00,,0.00,125.00,1000.00,25.00,0.00,16.00,0.00,5.00
2024,1,1,9,2,2024-01-09,B6,N633AB,378,LAX,"Los Angeles, CA",CA,DEN,"Denver, CO",CO,1858,1852,-6.00,2307,2312,5.00,0.00,,0.00,219.00,1752.00,,,,,
2024,1,1,17,3,2024-01-17,B6,N438EG,1754,BOS,"Boston, MA",MA,DFW,"Dallas/Fort Worth, TX",TX,1843,2239,236.00,2136,0144,248.00,0.00,,0.00,143.00,1144.00,32.00,35.00,63.00,42.00,76.00
2024,1,1,16,2,2024-01-16,NK,N195CD,2679,DEN,"Denver, CO",CO,SEA,"Seattle, WA",WA,1212,1206,-6.00,1616,1613,-3.00,0.00,,0.00,214.00,1712.00,,,,,
2024,1,1,13,6,2024-01-13,DL,N316AE,1186,MIA,"Miami, FL",FL,SFO,"San Francisco, CA",CA,0818,0828,10.00,1310,1332,22.00,0.00,,0.00,262.00,2096.00,0.00,1.00,0.00,19.00,2.00
2024,1,1,29,1,2024-01-29,NK,N888CF,212,DEN,"Denver, CO",CO,ORD,"Chicago, IL",IL,1136,1431,175.00,1511,1754,163.00,0.00,,0.00,185.00,1480.00,56.00,33.00,11.00,36.00,27.00
2024,1,1,22,1,2024-01-22,WN,N270EC,1489,DEN,"Denver, CO",CO,DFW,"Dallas/Fort Worth, TX",TX,2157,2158,1.00,0344,0353,9.00,0.00,,0.00,317.00,2536.00,,,,,
2024,1,1,16,2,2024-01-16,AA,N493FG,1975,ATL,"Atlanta, GA",GA,IAH,"Houston, TX",TX,0723,0721,-2.00,1048,1045,-3.00,0.00,,0.00,175.00,1400.00,,,,,
2024,1,1,26,5,2024-01-26,NK,N371ED,2526,DEN,"Denver, CO",CO,DFW,"Dallas/Fort Worth, TX",TX,1118,1123,5.00,1609,1620,11.00,0.00,,0.00,261.00,2088.00,,,,,
2024,1,1,18,4,2024-01-18,WN,N460BC,1789,LAX,"Los Angeles, CA",CA,SFO,"San Francisco, CA",CA,1956,1954,-2.00,2226,2225,-1.00,0.00,,0.00,120.00,960.00,,,,,
2024,1,1,21,7,2024-01-21,DL,N746FE,2861,BOS,"Boston, MA",MA,ATL,"Atlanta, GA",GA,1701,1652,-9.00,2032,2023,-9.00,0.00,,0.00,181.00,1448.00,,,,,
2024,1,1,11,4,2024-01-11,UA,N992FA,1777,LAX,"Los Angeles, CA",CA,DEN,"Denver, CO",CO,1119,1119,0.00,1329,1332,3.00,0.00,,0.00,100.00,800.00,,,,,
2024,1,1,1,1,2024-01-01,B6,N450BE,2825,MIA,"Miami, FL",FL,SFO,"San Francisco, CA",CA,0709,0719,10.00,1002,1024,22.00,0.00,,0.00,143.00,1144.00,16.00,3.00,3.00,0.00,0.00
2024,1,1,18,4,2024-01-18,F9,N216AG,2699,MIA,"Miami, FL",FL,IAH,"Houston, TX",TX,2108,2120,12.00,0144,0204,20.00,0.00,,0.00,246.00,1968.00,0.00,0.00,5.00,0.00,15.00
2024,1,1,23,2,2024-01-23,WN,N676GA,1096,LAX,"Los Angeles, CA",CA,ATL,"Atlanta, GA",GA,1847,1942,55.00,2326,0020,54.00,0.00,,0.00,249.00,1992.00,6.00,19.00,8.00,6.00,15.00
2024,1,1,15,1,2024-01-15,AA,N418DD,1053,ATL,"Atlanta, GA",GA,BOS,"Boston, MA",MA,2001,1953,-8.00,2239,2241,2.00,0.00,,0.00,128.00,1024.00,,,,,
2024,1,1,26,5,2024-01-26,WN,N209AA,1263,PHX,"Phoenix, AZ",AZ,LAX,"Los Angeles, CA",CA,1817,1817,0.00,2229,2230,1.00,0.00,,0.00,222.00,1776.00,,,,,
2024,1,1,18,4,2024-01-18,AS,N732GD,955,SEA,"Seattle, WA",WA,ORD,"Chicago, IL",IL,1801,2055,174.00,2256,0138,162.00,0.00,,0.00,265.00,2120.00,5.00,58.00,10.00,86.00,3.00
2024,1,1,26,5,2024-01-26,NK,N624AG,1340,PHX,"Phoenix, AZ",AZ,LAX,"Los Angeles, CA",CA,1042,1036,-6.00,1234,1235,1.00,0.00,,0.00,82.00,656.00,,,,,
2024,1,1,7,7,2024-01-07,AA,N364DC,1968,PHX,"Phoenix, AZ",AZ,IAH,"Houston, TX",TX,1503,1458,-5.00,2018,2012,-6.00,0.00,,0.00,285.00,2280.00,,,,,
2024,1,1,11,4,2024-01-11,WN,N138CF,2618,IAH,"Houston, TX",TX,LAX,"Los Angeles, CA",CA,2053,2209,76.00,2254,0004,70.00,0.00,,0.00,91.00,728.00,0.00,40.00,0.00,2.00,28.00
2024,1,1,24,3,2024-01-24,UA,N316FE,1058,ATL,"Atlanta, GA",GA,DEN,"Denver, CO",CO,1339,1530,111.00,1744,1946,122.00,0.00,,0.00,215.00,1720.00,49.00,25.00,14.00,6.00,28.00
2024,1,1,23,2,2024-01-23,NK,N934DE,2915,LAX,"Los Angeles, CA",CA,SEA,"Seattle, WA",WA,0815,,,1205,,,1.00,B,0.00,,1600.00,,,,,
2024,1,1,22,1,2024-01-22,UA,N314BF,278,PHX,"Phoenix, AZ",AZ,DFW,"Dallas/Fort Worth, TX",TX,2014,2333,199.00,2149,0056,187.00,0.00,,0.00,65.00,520.00,105.00,12.00,5.00,63.00,2.00
2024,1,1,26,5,2024-01-26,DL,N851FE,799,SFO,"San Francisco, CA",CA,ORD,"Chicago, IL",IL,1821,1823,2.00,2347,2337,-10.00,0.00,,0.00,296.00,2368.00,,,,,
2024,1,1,13,6,2024-01-13,B6,N198CC,727,IAH,"Houston, TX",TX,JFK,"New York, NY",NY,0943,1205,142.00,1408,1620,132.00,0.00,,0.00,235.00,1880.00,0.00,89.00,41.00,0.00,2.00
2024,1,1,24,3,2024-01-24,AS,N911AB,638,IAH,"Houston, TX",TX,ATL,"Atlanta, GA",GA,0929,0914,-15.00,1155,1149,-6.00,0.00,,0.00,116.00,928.00,,,,,
2024,1,1,29,1,2024-01-29,UA,N977FB,2243,BOS,"Boston, MA",MA,IAH,"Houston, TX",TX,0510,0513,3.00,0853,0856,3.00,0.00,,0.00,193.00,1544.00,,,,,
2024,1,1,18,4,2024-01-18,WN,N672CA,1452,SEA,"Seattle, WA",WA,SFO,"San Francisco, CA",CA,1923,1920,-3.00,2203,2158,-5.00,0.00,,0.00,130.00,1040.00,,,,,
2024,1,1,9,2,2024-01-09,NK,N438EG,2426,MIA,"Miami, FL",FL,SFO,"San Francisco, CA",CA,0919,1242,203.00,1516,1846,210.00,0.00,,0.00,327.00,2616.00,93.00,23.00,18.00,55.00,21.00
2024,1,1,7,7,2024-01-07,F9,N139CC,2607,MIA,"Miami, FL",FL,BOS,"Boston, MA",MA,0713,0751,38.00,1021,1108,47.00,0.00,,0.00,158.00,1264.00,43.00,0.00,0.00,0.00,4.00
2024,1,1,27,6,2024-01-27,AA,N377DA,681,BOS,"Boston, MA",MA,JFK,"New York, NY",NY,2221,,,0240,,,1.00,C,0.00,,1832.00,,,,,
2024,1,1,13,6,2024-01-13,B6,N549DB,2548,MIA,"Miami, FL",FL,IAH,"Houston, TX",TX,1122,1120,-2.00,1504,1513,9.00,0.00,,0.00,192.00,1536.00,,,,,
2024,1,1,17,3,2024-01-17,DL,N506AD,196,DEN,"Denver, CO",CO,SEA,"Seattle, WA",WA,1234,1359,85.00,1754,1924,90.00,0.00,,0.00,290.00,2320.00,3.00,4.00,2.00,18.00,63.00
2024,1,1,10,3,2024-01-10,WN,N404FA,2441,DFW,"Dallas/Fort Worth, TX",TX,ATL,"Atlanta, GA",GA,0535,0534,-1.00,1053,1057,4.00,0.00,,0.00,288.00,2304.00,,,,,
2024,1,1,16,2,2024-01-16,AS,N820EF,1121,JFK,"New York, NY",NY,SEA,"Seattle, WA",WA,0621,0617,-4.00,1036,1037,1.00,0.00,,0.00,225.00,1800.00,,,,,
2024,1,1,22,1,2024-01-22,AS,N433FG,1530,LAX,"Los Angeles, CA",CA,DEN,"Denver, CO",CO,1625,1619,-6.00,2205,2205,0.00,0.00,,0.00,310.00,2480.00,,,,,
2024,1,1,4,4,2024-01-04,AS,N295FG,1511,DFW,"Dallas/Fort Worth, TX",TX,ATL,"Atlanta, GA",GA,1243,1251,8.00,1540,1536,-4.00,0.00,,0.00,147.00,1176.00,,,,,
2024,1,1,25,4,2024-01-25,WN,N702GC,2860,IAH,"Houston, TX",TX,JFK,"New York, NY",NY,0524,0525,1.00,0739,0738,-1.00,0.00,,0.00,105.00,840.00,,,,,
2024,1,1,12,5,2024-01-12,DL,N316BC,2787,DFW,"Dallas/Fort Worth, TX",TX,SEA,"Seattle, WA",WA,0834,0835,1.00,1411,1416,5.00,0.00,,0.00,307.00,2456.00,,,,,
2024,1,1,26,5,2024-01-26,F9,N995CE,421,MIA,"Miami, FL",FL,LAX,"Los Angeles, CA",CA,1332,1331,-1.00,1528,1520,-8.00,0.00,,0.00,86.00,688.00,,,,,
2024,1,1,21,7,2024-01-21,B6,N748CC,1993,JFK,"New York, NY",NY,ORD,"Chicago, IL",IL,0733,0734,1.00,0904,0915,11.00,0.00,,0.00,61.00,488.00,,,,,
2024,1,1,14,7,2024-01-14,AA,N665GF,1286,BOS,"Boston, MA",MA,PHX,"Phoenix, AZ",AZ,1831,2111,160.00,2015,2251,156.00,0.00,,0.00,74.00,592.00,24.00,4.00,14.00,112.00,2.00
2024,1,1,29,1,2024-01-29,AS,N319DF,1339,MIA,"Miami, FL",FL,JFK,"New York, NY",NY,2259,0126,147.00,0443,0705,142.00,0.00,,0.00,314.00,2512.00,24.00,93.00,0.00,0.00,25.00
2024,1,1,22,1,2024-01-22,DL,N905DA,51,LAX,"Los Angeles, CA",CA,DEN,"Denver, CO",CO,0847,1008,81.00,1202,1320,78.00,0.00,,0.00,165.00,1320.00,14.00,11.00,2.00,49.00,2.00
2024,1,1,30,2,2024-01-30,NK,N621FD,738,ORD,"Chicago, IL",IL,SFO,"San Francisco, CA",CA,1235,1501,146.00,1407,1635,148.00,0.00,,0.00,62.00,496.00,138.00,1.00,0.00,0.00,9.00
2024,1,1,3,3,2024-01-03,AS,N557CC,1464,JFK,"New York, NY",NY,SEA,"Seattle, WA",WA,2018,2117,59.00,2340,0048,68.00,0.00,,0.00,172.00,1376.00,2.00,8.00,0.00,56.00,2.00
2024,1,1,5,5,2024-01-05,WN,N392BD,2030,IAH,"Houston, TX",TX,SEA,"Seattle, WA",WA,1452,1447,-5.00,1629,1628,-1.00,0.00,,0.00,67.00,536.00,,,,,
2024,1,1,6,6,2024-01-06,F9,N538GA,710,BOS,"Boston, MA",MA,ATL,"Atlanta, GA",GA,1511,1504,-7.00,1913,1917,4.00,0.00,,0.00,212.00,1696.00,,,,,
2024,1,1,20,6,2024-01-20,F9,N238FD,1078,DFW,"Dallas/Fort Worth, TX",TX,JFK,"New York, NY",NY,0527,0521,-6.00,0916,0901,-15.00,0.00,,0.00,199.00,1592.00,,,,,
2024,1,1,2,2,2024-01-02,AA,N238DB,34,DFW,"Dallas/Fort Worth, TX",TX,SFO,"San Francisco, CA",CA,0616,0614,-2.00,0922,0924,2.00,0.00,,0.00,156.00,1248.00,,,,,
2024,1,1,17,3,2024-01-17,F9,N967DD,2811,ORD,"Chicago, IL",IL,JFK,"New York, NY",NY,0603,0600,-3.00,0804,0803,-1.00,0.00,,0.00,91.00,728.00,,,,,
2024,1,1,23,2,2024-01-23,DL,N881CA,380,ATL,"Atlanta, GA",GA,DFW,"Dallas/Fort Worth, TX",TX,1429,1424,-5.00,1718,1702,-16.00,0.00,,0.00,139.00,1112.00,,,,,
2024,1,1,30,2,2024-01-30,DL,N207BF,1574,PHX,"Phoenix, AZ",AZ,JFK,"New York, NY",NY,1602,1606,4.00,1930,1925,-5.00,0.00,,0.00,178.00,1424.00,,,,,
2024,1,1,30,2,2024-01-30,WN,N548ED,496,BOS,"Boston, MA",MA,DEN,"Denver, CO",CO,1538,1542,4.00,2032,2042,10.00,0.00,,0.00,264.00,2112.00,,,,,
2024,1,1,28,7,2024-01-28,UA,N283AG,1849,SFO,"San Francisco, CA",CA,SEA,"Seattle, WA",WA,1310,1307,-3.00,1513,1522,9.00,0.00,,0.00,93.00,744.00,,,,,
2024,1,1,12,5,2024-01-12,AA,N908FF,1371,ORD,"Chicago, IL",IL,ATL,"Atlanta, GA",GA,1857,1852,-5.00,2320,2326,6.00,0.00,,0.00,233.00,1864.00,,,,,
2024,1,1,14,7,2024-01-14,AS,N731CG,2207,JFK,"New York, NY",NY,SEA,"Seattle, WA",WA,1759,1806,7.00,2100,2103,3.00,0.00,,0.00,151.00,1208.00,,,,,
2024,1,1,21,7,2024-01-21,F9,N135GC,2585,ATL,"Atlanta, GA",GA,IAH,"Houston, TX",TX,1325,1321,-4.00,1659,1702,3.00,0.00,,0.00,184.00,1472.00,,,,,
2024,1,1,16,2,2024-01-16,F9,N189FD,1814,DEN,"Denver, CO",CO,ORD,"Chicago, IL",IL,1431,1717,166.00,1916,2202,166.00,0.00,,0.00,255.00,2040.00,17.00,37.00,2.00,9.00,101.00
2024,1,1,22,1,2024-01-22,F9,N652BE,1236,DFW,"Dallas/Fort Worth, TX",TX,IAH,"Houston, TX",TX,1002,1006,4.00,1442,1449,7.00,0.00,,0.00,250.00,2000.00,,,,,
2024,1,1,20,6,2024-01-20,F9,N399EB,405,ORD,"Chicago, IL",IL,LAX,"Los Angeles, CA",CA,2040,2036,-4.00,0145,0134,-11.00,0.00,,0.00,275.00,2200.00,,,,,
2024,1,1,17,3,2024-01-17,NK,N472GG,1300,DFW,"Dallas/Fort Worth, TX",TX,PHX,"Phoenix, AZ",AZ,1432,1600,88.00,1855,2016,81.00,0.00,,0.00,233.00,1864.00,4.00,10.00,13.00,0.00,54.00
2024,1,1,30,2,2024-01-30,NK,N643CE,743,SFO,"San Francisco, CA",CA,SEA,"Seattle, WA",WA,1009,1004,-5.00,1310,1302,-8.00,0.00,,0.00,151.00,1208.00,,,,,
2024,1,1,28,7,2024-01-28,AS,N918CD,1639,SEA,"Seattle, WA",WA,PHX,"Phoenix, AZ",AZ,1619,1812,113.00,2008,2159,111.00,0.00,,0.00,199.00,1592.00,0.00,102.00,1.00,8.00,0.00
2024,1,1,28,7,2024-01-28,AA,N280GC,415,BOS,"Boston, MA",MA,DEN,"Denver, CO",CO,1105,,,1415,,,1.00,B,0.00,,1280.00,,,,,
2024,1,1,30,2,2024-01-30,DL,N976GD,179,DFW,"Dallas/Fort Worth, TX",TX,DEN,"Denver, CO",CO,1309,1311,2.00,1755,1806,11.00,0.00,,0.00,256.00,2048.00,,,,,
2024,1,1,11,4,2024-01-11,WN,N788DC,1581,DFW,"Dallas/Fort Worth, TX",TX,DEN,"Denver, CO",CO,1329,1450,81.00,1909,2034,85.00,0.00,,0.00,310.00,2480.00,1.00,2.00,35.00,21.00,26.00
2024,1,1,19,5,2024-01-19,B6,N610AE,199,SFO,"San Francisco, CA",CA,JFK,"New York, NY",NY,2036,2040,4.00,0224,0234,10.00,0.00,,0.00,318.00,2544.00,,,,,
2024,1,1,2,2,2024-01-02,F9,N193FB,2629,ATL,"Atlanta, GA",GA,ORD,"Chicago, IL",IL,1128,1155,27.00,1400,1425,25.00,0.00,,0.00,122.00,976.00,0.00,24.00,0.00,1.00,0.00
2024,1,1,26,5,2024-01-26,WN,N952GD,2783,DEN,"Denver, CO",CO,LAX,"Los Angeles, CA",CA,1318,1320,2.00,1658,1657,-1.00,0.00,,0.00,190.00,1520.00,,,,,
2024,1,1,23,2,2024-01-23,AS,N330GA,1891,LAX,"Los Angeles, CA",CA,ORD,"Chicago, IL",IL,0528,0532,4.00,1026,1027,1.00,0.00,,0.00,268.00,2144.00,,,,,
2024,1,1,11,4,2024-01-11,B6,N649DD,282,ATL,"Atlanta, GA",GA,IAH,"Houston, TX",TX,1021,1128,67.00,1247,1346,59.00,0.00,,0.00,116.00,928.00,1.00,38.00,18.00,0.00,2.00
2024,1,1,21,7,2024-01-21,NK,N563GD,194,DFW,"Dallas/Fort Worth, TX",TX,SEA,"Seattle, WA",WA,1048,1044,-4.00,1459,1506,7.00,0.00,,0.00,221.00,1768.00,,,,,
2024,1,1,29,1,2024-01-29,UA,N472GD,2832,BOS,"Boston, MA",MA,MIA,"Miami, FL",FL,1056,1443,227.00,1226,1608,222.00,0.00,,0.00,60.00,480.00,79.00,11.00,109.00,1.00,22.00
2024,1,1,15,1,2024-01-15,AA,N665FE,455,SFO,"San Francisco, CA",CA,ATL,"Atlanta, GA",GA,0836,0835,-1.00,1344,1335,-9.00,0.00,,0.00,278.00,2224.00,,,,,
2024,1,1,30,2,2024-01-30,AA,N439AD,141,ORD,"Chicago, IL",IL,MIA,"Miami, FL",FL,1557,1548,-9.00,1741,1744,3.00,0.00,,0.00,74.00,592.00,,,,,
2024,1,1,30,2,2024-01-30,B6,N176DG,1086,JFK,"New York, NY",NY,SEA,"Seattle, WA",WA,0955,0946,-9.00,1454,1454,0.00,0.00,,0.00,269.00,2152.00,,,,,
2024,1,1,14,7,2024-01-14,AS,N390EE,1674,LAX,"Los Angeles, CA",CA,ORD,"Chicago, IL",IL,2117,2105,-12.00,0046,0045,-1.00,0.00,,0.00,179.00,1432.00,,,,,
2024,1,1,30,2,2024-01-30,NK,N149CG,213,JFK,"New York, NY",NY,SEA,"Seattle, WA",WA,1222,1220,-2.00,1710,1708,-2.00,0.00,,0.00,258.00,2064.00,,,,,
2024,1,1,30,2,2024-01-30,AS,N650BE,1087,??,"San Francisco, CA",CA,SEA,"Seattle, WA",WA,2038,2039,1.00,2259,2257,-2.00,0.00,,0.00,111.00,888.00,,,,,
2024,1,1,29,1,2024-01-29,F9,N403AB,827,ORD,"Chicago, IL",IL,IAH,"Houston, TX",TX,1352,1352,0.00,1557,1602,5.00,0.00,,0.00,95.00,760.00,,,,,
2024,1,1,28,7,2024-01-28,F9,N873EF,1057,ATL,"Atlanta, GA",GA,IAH,"Houston, TX",TX,1207,1207,0.00,1441,1442,1.00,0.00,,0.00,124.00,992.00,,,,,
2024,1,1,4,4,2024-01-04,UA,N972EC,790,JFK,"New York, NY",NY,SEA,"Seattle, WA",WA,2120,2118,-2.00,0137,0136,-1.00,0.00,,0.00,227.00,1816.00,,,,,
2024,1,1,6,6,2024-01-06,B6,N874BA,2004,BOS,"Boston, MA",MA,MIA,"Miami, FL",FL,2237,2237,0.00,0109,0107,-2.00,0.00,,0.00,122.00,976.00,,,,,
2024,1,1,2,2,2024-01-02,AA,N780CF,1388,JFK,"New York, NY",NY,DEN,"Denver, CO",CO,0507,0642,95.00,0938,1115,97.00,0.00,,0.00,241.00,1928.00,60.00,31.00,2.00,0.00,4.00
2024,1,1,4,4,2024-01-04,UA,N700BF,1647,IAH,"Houston, TX",TX,ORD,"Chicago, IL",IL,1930,2209,159.00,2308,0153,165.00,0.00,,0.00,188.00,1504.00,45.00,2.00,62.00,2.00,54.00
2024,1,1,15,1,2024-01-15,WN,N604FE,1900,BOS,"Boston, MA",MA,PHX,"Phoenix, AZ",AZ,0512,0512,0.00,0908,0859,-9.00,0.00,,0.00,206.00,1648.00,,,,,
2024,1,1,31,3,2024-01-31,B6,N754BF,1275,MIA,"Miami, FL",FL,PHX,"Phoenix, AZ",AZ,0820,0820,0.00,1318,1327,9.00,0.00,,0.00,268.00,2144.00,,,,,
2024,1,1,20,6,2024-01-20,UA,N774GB,223,BOS,"Boston, MA",MA,LAX,"Los Angeles, CA",CA,1416,1728,192.00,1744,2105,201.00,0.00,,0.00,178.00,1424.00,120.00,5.00,0.00,64.00,12.00
2024,1,1,27,6,2024-01-27,UA,N849FE,251,DEN,"Denver, CO",CO,JFK,"New York, NY",NY,1121,1132,11.00,1651,1658,7.00,0.00,,0.00,300.00,2400.00,,,,,
2024,1,1,31,3,2024-01-31,AA,N775AB,1579,ORD,"Chicago, IL",IL,SFO,"San Francisco, CA",CA,1603,1601,-2.00,1849,1851,2.00,0.00,,0.00,136.00,1088.00,,,,,
2024,1,1,15,1,2024-01-15,F9,N928AC,1734,DEN,"Denver, CO",CO,PHX,"Phoenix, AZ",AZ,0804,0759,-5.00,1310,1311,1.00,0.00,,0.00,276.00,2208.00,,,,,
2024,1,1,14,7,2024-01-14,WN,N591BG,2670,ATL,"Atlanta, GA",GA,SFO,"San Francisco, CA",CA,2257,2254,-3.00,0407,0416,9.00,0.00,,0.00,280.00,2240.00,,,,,
2024,1,1,23,2,2024-01-23,WN,N165FG,2202,ATL,"Atlanta, GA",GA,ORD,"Chicago, IL",IL,0916,0936,20.00,1136,1156,20.00,0.00,,0.00,110.00,880.00,11.00,0.00,1.00,5.00,3.00
2024,1,1,9,2,2024-01-09,B6,N948EE,2706,IAH,"Houston, TX",TX,BOS,"Boston, MA",MA,1615,1818,123.00,2136,2332,116.00,0.00,,0.00,291.00,2328.00,3.00,23.00,0.00,13.00,77.00
2024,1,1,7,7,2024-01-07,DL,N954FG,2025,MIA,"Miami, FL",FL,PHX,"Phoenix, AZ",AZ,2130,2125,-5.00,2334,2318,-16.00,0.00,,0.00,94.00,752.00,,,,,
2024,1,1,2,2,2024-01-02,B6,N620CF,2864,PHX,"Phoenix, AZ",AZ,ATL,"Atlanta, GA",GA,2221,2221,0.00,0419,0421,2.00,0.00,,0.00,328.00,2624.00,,,,,
2024,1,1,7,7,2024-01-07,B6,N222FD,1751,PHX,"Phoenix, AZ",AZ,ORD,"Chicago, IL",IL,1342,1346,4.00,1523,1531,8.00,0.00,,0.00,71.00,568.00,,,,,
2024,1,1,11,4,2024-01-11,DL,N992ED,2630,SEA,"Seattle, WA",WA,JFK,"New York, NY",NY,1855,1851,-4.00,2155,2202,7.00,0.00,,0.00,150.00,1200.00,,,,,
2024,1,1,8,1,2024-01-08,F9,N253FD,2520,SFO,"San Francisco, CA",CA,IAH,"Houston, TX",TX,1856,1850,-6.00,0013,0019,6.00,0.00,,0.00,287.00,2296.00,,,,,
2024,1,1,9,2,2024-01-09,AA,N565FE,2242,BOS,"Boston, MA",MA,ATL,"Atlanta, GA",GA,1142,1353,131.00,1654,1854,120.00,0.00,,0.00,282.00,2256.00,6.00,1.00,60.00,0.00,53.00
2024,1,1,6,6,2024-01-06,B6,N147BE,1213,DEN,"Denver, CO",CO,SEA,"Seattle, WA",WA,1223,1602,219.00,1611,1956,225.00,0.00,,0.00,198.00,1584.00,171.00,1.00,0.00,2.00,51.00
2024,1,1,29,1,2024-01-29,F9,N156CE,2565,IAH,"Houston, TX",TX,SFO,"San Francisco, CA",CA,0921,0920,-1.00,1122,1110,-12.00,0.00,,0.00,91.00,728.00,,,,,
2024,1,1,9,2,2024-01-09,DL,N939GD,2973,ATL,"Atlanta, GA",GA,JFK,"New York, NY",NY,1500,1843,223.00,1642,2013,211.00,0.00,,0.00,72.00,576.00,126.00,3.00,7.00,27.00,48.00
2024,1,1,12,5,2024-01-12,UA,N334FA,2665,DFW,"Dallas/Fort Worth, TX",TX,ORD,"Chicago, IL",IL,0713,0714,1.00,1225,1229,4.00,0.00,,0.00,282.00,2256.00,,,,,
2024,1,1,31,3,2024-01-31,NK,N361GE,1667,JFK,"New York, NY",NY,SEA,"Seattle, WA",WA,2112,2115,3.00,2359,2359,0.00,0.00,,0.00,137.00,1096.00,,,,,
2024,1,1,18,4,2024-01-18,UA,N398GC,1850,DFW,"Dallas/Fort Worth, TX",TX,SFO,"San Francisco, CA",CA,1205,1204,-1.00,1644,1650,6.00,0.00,,0.00,249.00,1992.00,,,,,
2024,1,1,5,5,2024-01-05,UA,N831FB,898,SEA,"Seattle, WA",WA,PHX,"Phoenix, AZ",AZ,1205,1208,3.00,1400,1405,5.00,0.00,,0.00,85.00,680.00,,,,,
2024,1,1,27,6,2024-01-27,B6,N853AC,2224,ORD,"Chicago, IL",IL,PHX,"Phoenix, AZ",AZ,1558,1559,1.00,1824,1828,4.00,0.00,,0.00,116.00,928.00,,,,,
2024,1,1,20,6,2024-01-20,AS,N517DE,725,LAX,"Los Angeles, CA",CA,IAH,"Houston, TX",TX,0554,0552,-2.00,0958,0956,-2.00,0.00,,0.00,214.00,1712.00,,,,,
2024,1,1,1,1,2024-01-01,DL,N870GA,2681,JFK,"New York, NY",NY,DEN,"Denver, CO",CO,2045,2047,2.00,2300,2302,2.00,0.00,,0.00,105.00,840.00,,,,,
2024,1,1,12,5,2024-01-12,B6,N184DG,490,SEA,"Seattle, WA",WA,MIA,"Miami, FL",FL,1013,1013,0.00,1313,1318,5.00,0.00,,0.00,150.00,1200.00,,,,,
2024,1,1,10,3,2024-01-10,B6,N213BA,1378,SEA,"Seattle, WA",WA,ORD,"Chicago, IL",IL,1918,1915,-3.00,0001,2357,-4.00,0.00,,0.00,253.00,2024.00,,,,,
2024,1,1,4,4,2024-01-04,F9,N537BC,315,MIA,"Miami, FL",FL,DFW,"Dallas/Fort Worth, TX",TX,1419,1414,-5.00,1623,1615,-8.00,0.00,,0.00,94.00,752.00,,,,,
2024,1,1,8,1,2024-01-08,DL,N738BG,1006,ATL,"Atlanta, GA",GA,MIA,"Miami, FL",FL,2212,2201,-11.00,0207,0151,-16.00,0.00,,0.00,205.00,1640.00,,,,,
2024,1,1,16,2,2024-01-16,WN,N735CD,2354,MIA,"Miami, FL",FL,SEA,"Seattle, WA",WA,0626,0625,-1.00,1202,1213,11.00,0.00,,0.00,306.00,2448.00,,,,,
2024,1,1,18,4,2024-01-18,F9,N460CE,1330,ATL,"Atlanta, GA",GA,BOS,"Boston, MA",MA,1631,1621,-10.00,1921,1909,-12.00,0.00,,0.00,140.00,1120.00,,,,,
2024,1,1,22,1,2024-01-22,F9,N300BF,1297,LAX,"Los Angeles, CA",CA,JFK,"New York, NY",NY,1456,1804,188.00,1945,2250,185.00,0.00,,0.00,259.00,2072.00,14.00,17.00,75.00,32.00,47.00
2024,1,1,28,7,2024-01-28,UA,N408AG,965,JFK,"New York, NY",NY,ATL,"Atlanta, GA",GA,0516,0612,56.00,1007,1105,58.00,0.00,,0.00,261.00,2088.00,0.00,0.00,52.00,6.00,0.00
2024,1,1,9,2,2024-01-09,AA,N719GA,2287,DFW,"Dallas/Fort Worth, TX",TX,ATL,"Atlanta, GA",GA,1134,1127,-7.00,1514,1457,-17.00,0.00,,0.00,190.00,1520.00,,,,,
2024,1,1,18,4,2024-01-18,WN,N594CF,2216,BOS,"Boston, MA",MA,MIA,"Miami, FL",FL,1129,1126,-3.00,1320,1328,8.00,0.00,,0.00,81.00,648.00,,,,,
2024,1,1,15,1,2024-01-15,AA,N754DG,917,DEN,"Denver, CO",CO,SEA,"Seattle, WA",WA,2106,2106,0.00,2340,2333,-7.00,0.00,,0.00,124.00,992.00,,,,,
2024,1,1,24,3,2024-01-24,AS,N368GC,2884,LAX,"Los Angeles, CA",CA,JFK,"New York, NY",NY,2240,0008,88.00,0328,0506,98.00,0.00,,0.00,258.00,2064.00,28.00,11.00,2.00,57.00,0.00
2024,1,1,30,2,2024-01-30,WN,N978BA,604,SFO,"San Francisco, CA",CA,ATL,"Atlanta, GA",GA,0732,0923,111.00,0909,1103,114.00,0.00,,0.00,67.00,536.00,0.00,9.00,91.00,7.00,7.00
2024,1,1,6,6,2024-01-06,NK,N287GF,1409,JFK,"New York, NY",NY,ORD,"Chicago, IL",IL,1005,1000,-5.00,1517,1506,-11.00,0.00,,0.00,282.00,2256.00,,,,,
2024,1,1,20,6,2024-01-20,AA,N246GG,1268,SFO,"San Francisco, CA",CA,LAX,"Los Angeles, CA",CA,2158,0133,215.00,0017,0342,205.00,0.00,,0.00,109.00,872.00,51.00,8.00,35.00,75.00,36.00
2024,1,1,28,7,2024-01-28,UA,N314BE,414,SFO,"San Francisco, CA",CA,IAH,"Houston, TX",TX,1205,1158,-7.00,1546,1530,-16.00,0.00,,0.00,191.00,1528.00,,,,,
2024,1,1,13,6,2024-01-13,AA,N629GG,1536,SFO,"San Francisco, CA",CA,ATL,"Atlanta, GA",GA,1345,1337,-8.00,1739,1739,0.00,0.00,,0.00,204.00,1632.00,,,,,
2024,1,1,19,5,2024-01-19,F9,N849DG,668,JFK,"New York, NY",NY,PHX,"Phoenix, AZ",AZ,1927,1921,-6.00,0042,0046,4.00,0.00,,0.00,285.00,2280.00,,,,,
2024,1,1,13,6,2024-01-13,NK,N758GC,524,LAX,"Los Angeles, CA",CA,MIA,"Miami, FL",FL,0753,1117,204.00,1201,1534,213.00,0.00,,0.00,218.00,1744.00,134.00,23.00,39.00,13.00,4.00
2024,1,1,24,3,2024-01-24,AS,N665CG,2575,JFK,"New York, NY",NY,BOS,"Boston, MA",MA,0915,1157,162.00,1358,1634,156.00,0.00,,0.00,253.00,2024.00,29.00,8.00,12.00,48.00,59.00
2024,1,1,19,5,2024-01-19,NK,N934DF,164,SFO,"San Francisco, CA",CA,IAH,"Houston, TX",TX,1308,1701,233.00,1742,2137,235.00,0.00,,0.00,244.00,1952.00,149.00,11.00,0.00,20.00,55.00
2024,1,1,23,2,2024-01-23,UA,N806BG,2304,MIA,"Miami, FL",FL,IAH,"Houston, TX",TX,1852,1846,-6.00,2024,2016,-8.00,0.00,,0.00,62.00,496.00,,,,,
2024,1,1,13,6,2024-01-13,UA,N696FE,47,DEN,"Denver, CO",CO,JFK,"New York, NY",NY,1406,1413,7.00,1824,1826,2.00,0.00,,0.00,228.00,1824.00,,,,,
2024,1,1,27,6,2024-01-27,AS,N484EA,2508,MIA,"Miami, FL",FL,DFW,"Dallas/Fort Worth, TX",TX,0552,0548,-4.00,0746,0753,7.00,0.00,,0.00,84.00,672.00,,,,,
2024,1,1,12,5,2024-01-12,WN,N123DF,3,DEN,"Denver, CO",CO,MIA,"Miami, FL",FL,2141,2138,-3.00,0126,0134,8.00,0.00,,0.00,195.00,1560.00,,,,,
2024,1,1,7,7,2024-01-07,AS,N136CC,186,ORD,"Chicago, IL",IL,BOS,"Boston, MA",MA,0749,0739,-10.00,1108,1107,-1.00,0.00,,0.00,169.00,1352.00,,,,,
2024,1,1,12,5,2024-01-12,NK,N994AD,93,ATL,"Atlanta, GA",GA,DFW,"Dallas/Fort Worth, TX",TX,0553,0553,0.00,0935,0943,8.00,0.00,,0.00,192.00,1536.00,,,,,
2024,1,1,7,7,2024-01-07,AS,N718DD,1540,SFO,"San Francisco, CA",CA,MIA,"Miami, FL",FL,1732,1720,-12.00,2134,2116,-18.00,0.00,,0.00,212.00,1696.00,,,,,
2024,1,1,4,4,2024-01-04,NK,N693GE,2635,JFK,"New York, NY",NY,BOS,"Boston, MA",MA,0846,0839,-7.00,1316,1320,4.00,0.00,,0.00,240.00,1920.00,,,,,
2024,1,1,10,3,2024-01-10,AS,N587EF,202,ATL,"Atlanta, GA",GA,LAX,"Los Angeles, CA",CA,0930,0926,-4.00,1352,1348,-4.00,0.00,,0.00,232.00,1856.00,,,,,
2024,1,1,19,5,2024-01-19,AA,N351EB,2735,SFO,"San Francisco, CA",CA,DFW,"Dallas/Fort Worth, TX",TX,1240,1239,-1.00,1756,1750,-6.00,0.00,,0.00,286.00,2288.00,,,,,
2024,1,1,13,6,2024-01-13,DL,N944GE,605,ATL,"Atlanta, GA",GA,PHX,"Phoenix, AZ",AZ,0705,0658,-7.00,0908,0855,-13.00,0.00,,0.00,93.00,744.00,,,,,
2024,1,1,18,4,2024-01-18,B6,N293GB,845,JFK,"New York, NY",NY,PHX,"Phoenix, AZ",AZ,1150,1155,5.00,1621,1631,10.00,0.00,,0.00,241.00,1928.00,,,,,
2024,1,1,16,2,2024-01-16,WN,N382DF,2850,DEN,"Denver, CO",CO,IAH,"Houston, TX",TX,0715,0711,-4.00,1054,1047,-7.00,0.00,,0.00,189.00,1512.00,,,,,
2024,1,1,15,1,2024-01-15,NK,N595DB,1394,SFO,"San Francisco, CA",CA,SEA,"Seattle, WA",WA,1023,1019,-4.00,1538,1533,-5.00,0.00,,0.00,285.00,2280.00,,,,,
2024,1,1,15,1,2024-01-15,AA,N670AF,1529,SFO,"San Francisco, CA",CA,BOS,"Boston, MA",MA,1347,1338,-9.00,1527,1522,-5.00,0.00,,0.00,70.00,560.00,,,,,
2024,1,1,27,6,2024-01-27,F9,N346FE,2545,PHX,"Phoenix, AZ",AZ,SEA,"Seattle, WA",WA,0854,0844,-10.00,1321,1309,-12.00,0.00,,0.00,237.00,1896.00,,,,,
2024,1,1,31,3,2024-01-31,WN,N230BG,1578,IAH,"Houston, TX",TX,ORD,"Chicago, IL",IL,0956,0949,-7.00,1212,1208,-4.00,0.00,,0.00,106.00,848.00,,,,,
2024,1,1,24,3,2024-01-24,DL,N410DG,2152,ATL,"Atlanta, GA",GA,LAX,"Los Angeles, CA",CA,0756,0739,-17.00,1039,1028,-11.00,0.00,,0.00,133.00,1064.00,,,,,
2024,1,1,4,4,2024-01-04,DL,N882AE,711,PHX,"Phoenix, AZ",AZ,MIA,"Miami, FL",FL,0941,0938,-3.00,1355,1344,-11.00,0.00,,0.00,224.00,1792.00,,,,,
2024,1,1,7,7,2024-01-07,AS,N471EC,2390,IAH,"Houston, TX",TX,LAX,"Los Angeles, CA",CA,1216,1212,-4.00,1623,1616,-7.00,0.00,,0.00,217.00,1736.00,,,,,
2024,1,1,18,4,2024-01-18,UA,N647GC,1469,MIA,"Miami, FL",FL,SEA,"Seattle, WA",WA,0537,0536,-1.00,0838,0825,-13.00,0.00,,0.00,151.00,1208.00,,,,,
2024,1,1,8,1,2024-01-08,DL,N905FB,862,DEN,"Denver, CO",CO,IAH,"Houston, TX",TX,0954,1123,89.00,1529,1654,85.00,0.00,,0.00,305.00,2440.00,31.00,48.00,2.00,1.00,3.00
2024,1,1,27,6,2024-01-27,DL,N854FE,2744,LAX,"Los Angeles, CA",CA,DFW,"Dallas/Fort Worth, TX",TX,1954,1949,-5.00,2257,2259,2.00,0.00,,0.00,153.00,1224.00,,,,,
2024,1,1,27,6,2024-01-27,WN,N867CC,2114,SEA,"Seattle, WA",WA,DEN,"Denver, CO",CO,2115,2109,-6.00,0008,2357,-11.00,0.00,,0.00,143.00,1144.00,,,,,
2024,1,1,16,2,2024-01-16,AS,N675AF,597,SFO,"San Francisco, CA",CA,ATL,"Atlanta, GA",GA,0603,0600,-3.00,1106,1111,5.00,0.00,,0.00,273.00,2184.00,,,,,
2024,1,1,30,2,2024-01-30,AA,N660AG,1211,PHX,"Phoenix, AZ",AZ,JFK,"New York, NY",NY,1811,1802,-9.00,2043,2024,-19.00,0.00,,0.00,122.00,976.00,,,,,
2024,1,1,28,7,2024-01-28,DL,N989CB,690,LAX,"Los Angeles, CA",CA,SFO,"San Francisco, CA",CA,1655,1934,159.00,1912,2200,168.00,0.00,,0.00,107.00,856.00,1.00,58.00,0.00,3.00,106.00
2024,1,1,27,6,2024-01-27,B6,N893AA,1248,DEN,"Denver, CO",CO,BOS,"Boston, MA",MA,2210,2208,-2.00,0105,0106,1.00,0.00,,0.00,145.00,1160.00,,,,,
2024,1,1,28,7,2024-01-28,AA,N732AB,2586,BOS,"Boston, MA",MA,ATL,"Atlanta, GA",GA,1548,1536,-12.00,2127,2110,-17.00,0.00,,0.00,309.00,2472.00,,,,,
2024,1,1,2,2,2024-01-02,B6,N162GG,245,ORD,"Chicago, IL",IL,SEA,"Seattle, WA",WA,1947,1945,-2.00,0114,0106,-8.00,0.00,,0.00,297.00,2376.00,,,,,
2024,1,1,9,2,2024-01-09,NK,N146EE,2862,DFW,"Dallas/Fort Worth, TX",TX,LAX,"Los Angeles, CA",CA,0604,0605,1.00,0923,0931,8.00,0.00,,0.00,169.00,1352.00,,,,,
2024,1,1,11,4,2024-01-11,F9,N825EC,1946,LAX,"Los Angeles, CA",CA,ATL,"Atlanta, GA",GA,1512,1502,-10.00,1934,1930,-4.00,0.00,,0.00,232.00,1856.00,,,,,
2024,1,1,13,6,2024-01-13,NK,N680CF,370,IAH,"Houston, TX",TX,MIA,"Miami, FL",FL,2001,1954,-7.00,0010,0001,-9.00,0.00,,0.00,219.00,1752.00,,,,,
2024,1,1,12,5,2024-01-12,UA,N864FG,761,MIA,"Miami, FL",FL,JFK,"New York, NY",NY,1220,1207,-13.00,1733,1729,-4.00,0.00,,0.00,283.00,2264.00,,,,,
2024,1,1,24,3,2024-01-24,NK,N257FA,652,IAH,"Houston, TX",TX,DEN,"Denver, CO",CO,1730,1722,-8.00,2133,2134,1.00,0.00,,0.00,213.00,1704.00,,,,,
2024,1,1,25,4,2024-01-25,F9,N349EA,547,ATL,"Atlanta, GA",GA,LAX,"Los Angeles, CA",CA,1737,2028,171.00,2031,2322,171.00,0.00,,0.00,144.00,1152.00,46.00,1.00,5.00,1.00,118.00
2024,1,1,12,5,2024-01-12,B6,N637DB,189,LAX,"Los Angeles, CA",CA,DEN,"Denver, CO",CO,0749,0839,50.00,1203,1300,57.00,0.00,,0.00,224.00,1792.00,36.00,1.00,4.00,10.00,6.00
2024,1,1,14,7,2024-01-14,NK,N721EG,2735,PHX,"Phoenix, AZ",AZ,ORD,"Chicago, IL",IL,0832,0821,-11.00,1411,1351,-20.00,0.00,,0.00,309.00,2472.00,,,,,
2024,1,1,1,1,2024-01-01,NK,N532CB,1648,IAH,"Houston, TX",TX,LAX,"Los Angeles, CA",CA,0729,0733,4.00,1006,1007,1.00,0.00,,0.00,127.00,1016.00,,,,,
2024,1,1,7,7,2024-01-07,F9,N532AA,681,SFO,"San Francisco, CA",CA,ORD,"Chicago, IL",IL,2049,2049,0.00,2334,2336,2.00,0.00,,0.00,135.00,1080.00,,,,,
2024,1,1,7,7,2024-01-07,UA,N682ED,699,SEA,"Seattle, WA",WA,DEN,"Denver, CO",CO,1831,1820,-11.00,2057,2052,-5.00,0.00,,0.00,116.00,928.00,,,,,
2024,1,1,29,1,2024-01-29,NK,N119AB,1321,SEA,"Seattle, WA",WA,ATL,"Atlanta, GA",GA,1501,1500,-1.00,1634,1631,-3.00,0.00,,0.00,63.00,504.00,,,,,
2024,1,1,28,7,2024-01-28,B6,N583FB,1322,LAX,"Los Angeles, CA",CA,JFK,"New York, NY",NY,1735,1739,4.00,2107,2113,6.00,0.00,,0.00,182.00,1456.00,,,,,
2024,1,1,25,4,2024-01-25,AS,N954DA,1819,DFW,"Dallas/Fort Worth, TX",TX,SEA,"Seattle, WA",WA,0941,1049,68.00,1456,1604,68.00,0.00,,0.00,285.00,2280.00,26.00,18.00,0.00,24.00,0.00
2024,1,1,11,4,2024-01-11,B6,N272FA,1664,ORD,"Chicago, IL",IL,JFK,"New York, NY",NY,1816,1815,-1.00,2013,2008,-5.00,0.00,,0.00,87.00,696.00,,,,,
2024,1,1,19,5,2024-01-19,WN,N500DG,2784,IAH,"Houston, TX",TX,MIA,"Miami, FL",FL,1232,1229,-3.00,1750,1738,-12.00,0.00,,0.00,288.00,2304.00,,,,,
2024,1,1,16,2,2024-01-16,F9,N517BB,2055,LAX,"Los Angeles, CA",CA,BOS,"Boston, MA",MA,0948,0951,3.00,1121,1116,-5.00,0.00,,0.00,63.00,504.00,,,,,
2024,1,1,3,3,2024-01-03,NK,N668BE,1820,DFW,"Dallas/Fort Worth, TX",TX,JFK,"New York, NY",NY,1002,0959,-3.00,1520,1527,7.00,0.00,,0.00,288.00,2304.00,,,,,
2024,1,1,14,7,2024-01-14,AS,N890EB,2868,ATL,"Atlanta, GA",GA,SFO,"San Francisco, CA",CA,2102,2100,-2.00,0239,0242,3.00,0.00,,0.00,307.00,2456.00,,,,,
2024,1,1,3,3,2024-01-03,WN,N337FD,525,IAH,"Houston, TX",TX,DEN,"Denver, CO",CO,0824,0949,85.00,1400,1528,88.00,0.00,,0.00,306.00,2448.00,2.00,6.00,49.00,22.00,9.00
2024,1,1,6,6,2024-01-06,AS,N506FC,2473,ATL,"Atlanta, GA",GA,DFW,"Dallas/Fort Worth, TX",TX,1452,1452,0.00,1649,1638,-11.00,0.00,,0.00,87.00,696.00,,,,,
2024,1,1,20,6,2024-01-20,UA,N850DE,2328,ORD,"Chicago, IL",IL,BOS,"Boston, MA",MA,1224,1220,-4.00,1451,1438,-13.00,0.00,,0.00,117.00,936.00,,,,,
2024,1,1,7,7,2024-01-07,NK,N325DE,1140,DEN,"Denver, CO",CO,BOS,"Boston, MA",MA,0554,0551,-3.00,0905,0855,-10.00,0.00,,0.00,161.00,1288.00,,,,,
2024,1,1,11,4,2024-01-11,DL,N209DA,2205,DFW,"Dallas/Fort Worth, TX",TX,PHX,"Phoenix, AZ",AZ,0918,0920,2.00,1514,1513,-1.00,0.00,,0.00,326.00,2608.00,,,,,
2024,1,1,17,3,2024-01-17,UA,N675GE,196,BOS,"Boston, MA",MA,DFW,"Dallas/Fort Worth, TX",TX,2136,2135,-1.00,0139,0127,-12.00,0.00,,0.00,213.00,1704.00,,,,,
2024,1,1,9,2,2024-01-09,AS,N321EA,415,BOS,"Boston, MA",MA,SEA,"Seattle, WA",WA,0724,0724,0.00,1129,1124,-5.00,0.00,,0.00,215.00,1720.00,,,,,
2024,1,1,7,7,2024-01-07,UA,N661DE,2990,IAH,"Houston, TX",TX,BOS,"Boston, MA",MA,1213,1208,-5.00,1527,1531,4.00,0.00,,0.00,164.00,1312.00,,,,,
2024,1,1,29,1,2024-01-29,F9,N697AD,1014,SFO,"San Francisco, CA",CA,LAX,"Los Angeles, CA",CA,0519,0525,6.00,0949,0952,3.00,0.00,,0.00,240.00,1920.00,,,,,
2024,1,1,24,3,2024-01-24,NK,N967FG,403,SFO,"San Francisco, CA",CA,BOS,"Boston, MA",MA,0824,0824,0.00,1113,1116,3.00,0.00,,0.00,139.00,1112.00,,,,,
2024,1,1,24,3,2024-01-24,NK,N380AE,2360,BOS,"Boston, MA",MA,ATL,"Atlanta, GA",GA,0713,0709,-4.00,1135,1130,-5.00,0.00,,0.00,232.00,1856.00,,,,,
2024,1,1,1,1,2024-01-01,AS,N217AE,689,BOS,"Boston, MA",MA,DFW,"Dallas/Fort Worth, TX",TX,1802,1800,-2.00,2143,2142,-1.00,0.00,,0.00,191.00,1528.00,,,,,
2024,1,1,5,5,2024-01-05,DL,N979AB,1971,SEA,"Seattle, WA",WA,DEN,"Denver, CO",CO,0849,0839,-10.00,1027,1022,-5.00,0.00,,0.00,68.00,544.00,,,,,
2024,1,1,31,3,2024-01-31,NK,N319EB,1670,SFO,"San Francisco, CA",CA,LAX,"Los Angeles, CA",CA,1706,1752,46.00,2150,2238,48.00,0.00,,0.00,254.00,2032.00,36.00,11.00,0.00,0.00,1.00
2024,1,1,9,2,2024-01-09,WN,N153GF,893,JFK,"New York, NY",NY,PHX,"Phoenix, AZ",AZ,1511,1508,-3.00,1822,1815,-7.00,0.00,,0.00,161.00,1288.00,,,,,
2024,1,1,29,1,2024-01-29,WN,N116BE,591,BOS,"Boston, MA",MA,MIA,"Miami, FL",FL,0607,0605,-2.00,0908,0906,-2.00,0.00,,0.00,151.00,1208.00,,,,,
2024,1,1,8,1,2024-01-08,AS,N571AC,668,ATL,"Atlanta, GA",GA,PHX,"Phoenix, AZ",AZ,0747,1028,161.00,1201,1432,151.00,0.00,,0.00,224.00,1792.00,35.00,23.00,38.00,30.00,25.00
2024,1,1,7,7,2024-01-07,AS,N498AB,1434,DFW,"Dallas/Fort Worth, TX",TX,DEN,"Denver, CO",CO,0847,0844,-3.00,1033,1021,-12.00,0.00,,0.00,76.00,608.00,,,,,
2024,1,1,27,6,2024-01-27,UA,N264AE,2034,BOS,"Boston, MA",MA,DEN,"Denver, CO",CO,1713,1718,5.00,2212,2220,8.00,0.00,,0.00,269.00,2152.00,,,,,
2024,1,1,14,7,2024-01-14,AS,N498BG,2831,JFK,"New York, NY",NY,DFW,"Dallas/Fort Worth, TX",TX,1126,1506,220.00,1423,1758,215.00,0.00,,0.00,147.00,1176.00,149.00,19.00,5.00,4.00,38.00
2024,1,1,27,6,2024-01-27,B6,N422AD,2370,SFO,"San Francisco, CA",CA,SEA,"Seattle, WA",WA,1528,1519,-9.00,2026,2015,-11.00,0.00,,0.00,268.00,2144.00,,,,,
2024,1,1,3,3,2024-01-03,DL,N403BB,1669,SFO,"San Francisco, CA",CA,DEN,"Denver, CO",CO,1739,1731,-8.00,1933,1917,-16.00,0.00,,0.00,84.00,672.00,,,,,
2024,1,1,5,5,2024-01-05,AS,N396AA,543,ORD,"Chicago, IL",IL,JFK,"New York, NY",NY,0508,0502,-6.00,0800,0757,-3.00,0.00,,0.00,142.00,1136.00,,,,,
2024,1,1,24,3,2024-01-24,AA,N991CF,2311,IAH,"Houston, TX",TX,SFO,"San Francisco, CA",CA,1524,1528,4.00,1850,1900,10.00,0.00,,0.00,176.00,1408.00,,,,,
2024,1,1,1,1,2024-01-01,AS,N407DD,754,BOS,"Boston, MA",MA,JFK,"New York, NY",NY,1820,2054,154.00,2018,2248,150.00,0.00,,0.00,88.00,704.00,27.00,4.00,1.00,81.00,37.00
2024,1,1,4,4,2024-01-04,B6,N389CA,943,BOS,"Boston, MA",MA,ATL,"Atlanta, GA",GA,2133,2139,6.00,2324,2330,6.00,0.00,,0.00,81.00,648.00,,,,,
2024,1,1,28,7,2024-01-28,F9,N130DD,844,BOS,"Boston, MA",MA,ATL,"Atlanta, GA",GA,0739,0745,6.00,1234,1246,12.00,0.00,,0.00,265.00,2120.00,,,,,
2024,1,1,8,1,2024-01-08,AA,N614EG,910,PHX,"Phoenix, AZ",AZ,ATL,"Atlanta, GA",GA,1423,1419,-4.00,1657,1642,-15.00,0.00,,0.00,124.00,992.00,,,,,
2024,1,1,8,1,2024-01-08,WN,N842GG,582,ORD,"Chicago, IL",IL,BOS,"Boston, MA",MA,1211,1202,-9.00,1443,1436,-7.00,0.00,,0.00,122.00,976.00,,,,,
2024,1,1,24,3,2024-01-24,AS,N125DB,218,BOS,"Boston, MA",MA,ORD,"Chicago, IL",IL,1925,1919,-6.00,2101,2107,6.00,0.00,,0.00,66.00,528.00,,,,,
2024,1,1,21,7,2024-01-21,F9,N554GE,1836,ATL,"Atlanta, GA",GA,IAH,"Houston, TX",TX,1301,1252,-9.00,1511,1513,2.00,0.00,,0.00,100.00,800.00,,,,,
2024,1,1,1,1,2024-01-01,DL,N944EF,1302,ATL,"Atlanta, GA",GA,SFO,"San Francisco, CA",CA,1228,1225,-3.00,1734,1737,3.00,0.00,,0.00,276.00,2208.00,,,,,
2024,1,1,11,4,2024-01-11,F9,N213EB,2242,IAH,"Houston, TX",TX,ORD,"Chicago, IL",IL,1854,2110,136.00,2121,2325,124.00,0.00,,0.00,117.00,936.00,54.00,28.00,18.00,6.00,18.00
2024,1,1,5,5,2024-01-05,F9,N602GA,2194,DEN,"Denver, CO",CO,PHX,"Phoenix, AZ",AZ,1806,1804,-2.00,2144,2143,-1.00,0.00,,0.00,188.00,1504.00,,,,,
2024,1,1,13,6,2024-01-13,AA,N671DB,1631,MIA,"Miami, FL",FL,BOS,"Boston, MA",MA,0652,0639,-13.00,1150,1145,-5.00,0.00,,0.00,268.00,2144.00,,,,,
2024,1,1,6,6,2024-01-06,AS,N770AB,2804,LAX,"Los Angeles, CA",CA,MIA,"Miami, FL",FL,0641,0636,-5.00,1010,1003,-7.00,0.00,,0.00,179.00,1432.00,,,,,
2024,1,1,19,5,2024-01-19,AS,N289GG,914,MIA,"Miami, FL",FL,DEN,"Denver, CO",CO,1058,1054,-4.00,1405,1402,-3.00,0.00,,0.00,157.00,1256.00,,,,,
2024,1,1,21,7,2024-01-21,F9,N278DC,667,IAH,"Houston, TX",TX,SEA,"Seattle, WA",WA,1338,1327,-11.00,1608,1547,-21.00,0.00,,0.00,120.00,960.00,,,,,
2024,1,1,13,6,2024-01-13,AS,N329AC,1464,PHX,"Phoenix, AZ",AZ,SFO,"San Francisco, CA",CA,2147,2147,0.00,0043,0042,-1.00,0.00,,0.00,146.00,1168.00,,,,,
2024,1,1,25,4,2024-01-25,DL,N311AA,2433,SFO,"San Francisco, CA",CA,SEA,"Seattle, WA",WA,1918,1928,10.00,2056,,,0.00,,1.00,,544.00,,,,,
2024,1,1,14,7,2024-01-14,F9,N478CE,765,PHX,"Phoenix, AZ",AZ,LAX,"Los Angeles, CA",CA,0517,0517,0.00,0759,0801,2.00,0.00,,0.00,132.00,1056.00,,,,,
2024,1,1,30,2,2024-01-30,UA,N618AC,1724,DFW,"Dallas/Fort Worth, TX",TX,ATL,"Atlanta, GA",GA,0825,1148,203.00,1117,1438,201.00,0.00,,0.00,142.00,1136.00,19.00,6.00,12.00,164.00,0.00
2024,1,1,27,6,2024-01-27,AA,N227DC,791,MIA,"Miami, FL",FL,DFW,"Dallas/Fort Worth, TX",TX,1812,1813,1.00,2112,2123,11.00,0.00,,0.00,150.00,1200.00,,,,,
2024,1,1,18,4,2024-01-18,UA,N880BB,111,DFW,"Dallas/Fort Worth, TX",TX,BOS,"Boston, MA",MA,1730,1730,0.00,2218,2229,11.00,0.00,,0.00,258.00,2064.00,,,,,
2024,1,1,1,1,2024-01-01,B6,N204FB,1070,LAX,"Los Angeles, CA",CA,PHX,"Phoenix, AZ",AZ,0808,0906,58.00,1349,1453,64.00,0.00,,0.00,311.00,2488.00,1.00,4.00,27.00,3.00,29.00
2024,1,1,15,1,2024-01-15,UA,N209AB,2750,MIA,"Miami, FL",FL,LAX,"Los Angeles, CA",CA,1055,1048,-7.00,1417,1404,-13.00,0.00,,0.00,172.00,1376.00,,,,,
2024,1,1,14,7,2024-01-14,AS,N718GG,1845,SEA,"Seattle, WA",WA,ORD,"Chicago, IL",IL,1930,2247,197.00,2312,0227,195.00,0.00,,0.00,192.00,1536.00,6.00,0.00,48.00,5.00,136.00
2024,1,1,4,4,2024-01-04,AA,N993FC,179,ORD,"Chicago, IL",IL,BOS,"Boston, MA",MA,1937,,,2127,,,1.00,B,0.00,,640.00,,,,,
2024,1,1,18,4,2024-01-18,B6,N344FB,89,DFW,"Dallas/Fort Worth, TX",TX,PHX,"Phoenix, AZ",AZ,0948,0948,0.00,1141,1148,7.00,0.00,,0.00,83.00,664.00,,,,,
2024,1,1,11,4,2024-01-11,DL,N666EE,2954,LAX,"Los Angeles, CA",CA,DEN,"Denver, CO",CO,1427,1419,-8.00,1640,1642,2.00,0.00,,0.00,103.00,824.00,,,,,
2024,1,1,14,7,2024-01-14,WN,N923DC,1119,JFK,"New York, NY",NY,IAH,"Houston, TX",TX,1945,1944,-1.00,0044,0038,-6.00,0.00,,0.00,269.00,2152.00,,,,,
2024,1,1,12,5,2024-01-12,UA,N940GD,2394,PHX,"Phoenix, AZ",AZ,SEA,"Seattle, WA",WA,1134,1137,3.00,1524,1539,15.00,0.00,,0.00,200.00,1600.00,6.00,1.00,1.00,4.00,3.00
2024,1,1,2,2,2024-01-02,F9,N774DG,2905,ORD,"Chicago, IL",IL,ATL,"Atlanta, GA",GA,1122,1122,0.00,1706,1716,10.00,0.00,,0.00,314.00,2512.00,,,,,
2024,1,1,13,6,2024-01-13,DL,N407GF,592,LAX,"Los Angeles, CA",CA,BOS,"Boston, MA",MA,2109,2347,158.00,0042,0321,159.00,0.00,,0.00,183.00,1464.00,28.00,42.00,27.00,52.00,10.00
2024,1,1,23,2,2024-01-23,B6,N923FE,1903,SEA,"Seattle, WA",WA,SFO,"San Francisco, CA",CA,1930,1928,-2.00,2252,2241,-11.00,0.00,,0.00,172.00,-1,,,,,
2024,1,1,5,5,2024-01-05,B6,N524FA,2005,ATL,"Atlanta, GA",GA,JFK,"New York, NY",NY,1739,1905,86.00,2243,2358,75.00,0.00,,0.00,274.00,2192.00,3.00,3.00,46.00,21.00,2.00
2024,1,1,12,5,2024-01-12,B6,N170EE,35,ORD,"Chicago, IL",IL,LAX,"Los Angeles, CA",CA,1803,1802,-1.00,2041,2039,-2.00,0.00,,0.00,128.00,1024.00,,,,,
2024,1,1,30,2,2024-01-30,DL,N365AC,360,IAH,"Houston, TX",TX,ATL,"Atlanta, GA",GA,1954,1949,-5.00,2323,2324,1.00,0.00,,0.00,179.00,1432.00,,,,,
2024,1,1,11,4,2024-01-11,UA,N966EA,1574,BOS,"Boston, MA",MA,DFW,"Dallas/Fort Worth, TX",TX,1545,1543,-2.00,2109,2103,-6.00,0.00,,0.00,294.00,2352.00,,,,,
2024,1,1,8,1,2024-01-08,WN,N968BD,1883,ORD,"Chicago, IL",IL,BOS,"Boston, MA",MA,1624,2021,237.00,1904,2249,225.00,0.00,,0.00,130.00,1040.00,14.00,142.00,0.00,60.00,9.00
2024,1,1,12,5,2024-01-12,AS,N289EF,2549,PHX,"Phoenix, AZ",AZ,ORD,"Chicago, IL",IL,1449,1449,0.00,1620,1618,-2.00,0.00,,0.00,61.00,488.00,,,,,
2024,1,1,8,1,2024-01-08,UA,N350GA,2632,IAH,"Houston, TX",TX,JFK,"New York, NY",NY,2110,2112,2.00,2325,2330,5.00,0.00,,0.00,105.00,840.00,,,,,
2024,1,1,1,1,2024-01-01,F9,N153DG,1546,DEN,"Denver, CO",CO,BOS,"Boston, MA",MA,1756,1803,7.00,1935,1943,8.00,0.00,,0.00,69.00,552.00,,,,,
2024,1,1,16,2,2024-01-16,UA,N684DD,2336,SFO,"San Francisco, CA",CA,MIA,"Miami, FL",FL,1122,1116,-6.00,1347,1336,-11.00,0.00,,0.00,115.00,920.00,,,,,
2024,1,1,3,3,2024-01-03,UA,N775EA,1863,ATL,"Atlanta, GA",GA,ORD,"Chicago, IL",IL,1201,1159,-2.00,1530,1521,-9.00,0.00,,0.00,179.00,1432.00,,,,,
2024,1,1,12,5,2024-01-12,B6,N685BE,2810,DFW,"Dallas/Fort Worth, TX",TX,ATL,"Atlanta, GA",GA,1432,1432,0.00,1952,1948,-4.00,0.00,,0.00,290.00,2320.00,,,,,
2024,1,1,13,6,2024-01-13,AS,N915FB,221,ORD,"Chicago, IL",IL,ATL,"Atlanta, GA",GA,2052,2052,0.00,2308,2311,3.00,0.00,,0.00,106.00,848.00,,,,,
2024,1,1,9,2,2024-01-09,F9,N179FC,961,BOS,"Boston, MA",MA,JFK,"New York, NY",NY,1309,1310,1.00,1659,1705,6.00,0.00,,0.00,200.00,1600.00,,,,,
2024,1,1,24,3,2024-01-24,B6,N758BD,424,DEN,"Denver, CO",CO,LAX,"Los Angeles, CA",CA,0702,0654,-8.00,1002,0957,-5.00,0.00,,0.00,150.00,1200.00,,,,,
2024,1,1,19,5,2024-01-19,DL,N582AE,2300,ATL,"Atlanta, GA",GA,PHX,"Phoenix, AZ",AZ,1740,1732,-8.00,2005,1959,-6.00,0.00,,0.00,115.00,920.00,,,,,
2024,1,1,9,2,2024-01-09,WN,N151GF,4,MIA,"Miami, FL",FL,DFW,"Dallas/Fort Worth, TX",TX,0811,0940,89.00,1131,1300,89.00,0.00,,0.00,170.00,1360.00,27.00,2.00,0.00,60.00,0.00
2024,1,1,31,3,2024-01-31,NK,N233BG,1514,DEN,"Denver, CO",CO,IAH,"Houston, TX",TX,2217,2212,-5.00,0001,0004,3.00,0.00,,0.00,74.00,592.00,,,,,
2024,1,1,3,3,2024-01-03,AA,N335BG,2836,JFK,"New York, NY",NY,ATL,"Atlanta, GA",GA,1618,1618,0.00,1836,1832,-4.00,0.00,,0.00,108.00,864.00,,,,,
2024,1,1,28,7,2024-01-28,UA,N687DC,1291,ATL,"Atlanta, GA",GA,ORD,"Chicago, IL",IL,1903,1858,-5.00,2109,2058,-11.00,0.00,,0.00,96.00,768.00,,,,,
2024,1,1,17,3,2024-01-17,WN,N360BD,316,MIA,"Miami, FL",FL,JFK,"New York, NY",NY,2203,2319,76.00,0226,0346,80.00,0.00,,0.00,233.00,1864.00,6.00,23.00,51.00,0.00,0.00
2024,1,1,18,4,2024-01-18,WN,N112GD,2008,ATL,"Atlanta, GA",GA,PHX,"Phoenix, AZ",AZ,1738,2035,177.00,1943,2242,179.00,0.00,,0.00,95.00,760.00,17.00,119.00,6.00,27.00,10.00
2024,1,1,31,3,2024-01-31,UA,N951FA,1676,IAH,"Houston, TX",TX,JFK,"New York, NY",NY,1209,1205,-4.00,1723,1711,-12.00,0.00,,0.00,284.00,2272.00,,,,,
2024,1,1,19,5,2024-01-19,F9,N785AC,1909,ATL,"Atlanta, GA",GA,SFO,"San Francisco, CA",CA,1236,1230,-6.00,1724,1720,-4.00,0.00,,0.00,258.00,2064.00,,,,,
2024,1,1,6,6,2024-01-06,DL,N894AB,1450,ATL,"Atlanta, GA",GA,BOS,"Boston, MA",MA,1139,1130,-9.00,1421,1401,-20.00,0.00,,0.00,132.00,1056.00,,,,,
2024,1,1,3,3,2024-01-03,NK,N372BB,578,MIA,"Miami, FL",FL,IAH,"Houston, TX",TX,1844,1835,-9.00,2124,2119,-5.00,0.00,,0.00,130.00,1040.00,,,,,
2024,1,1,21,7,2024-01-21,B6,N816CD,2354,SEA,"Seattle, WA",WA,IAH,"Houston, TX",TX,1819,,,2205,,,1.00,D,0.00,,1568.00,,,,,
2024,1,1,11,4,2024-01-11,AS,N690FD,2427,DFW,"Dallas/Fort Worth, TX",TX,ATL,"Atlanta, GA",GA,1416,1407,-9.00,1554,1538,-16.00,0.00,,0.00,68.00,544.00,,,,,
2024,1,1,7,7,2024-01-07,UA,N515EG,2,ATL,"Atlanta, GA",GA,PHX,"Phoenix, AZ",AZ,1756,1749,-7.00,2055,2054,-1.00,0.00,,0.00,149.00,1192.00,,,,,
2024,1,1,30,2,2024-01-30,AS,N149CA,1081,IAH,"Houston, TX",TX,SEA,"Seattle, WA",WA,1351,1350,-1.00,1543,1535,-8.00,0.00,,0.00,82.00,656.00,,,,,
2024,1,1,3,3,2024-01-03,AS,N520DB,1184,BOS,"Boston, MA",MA,DEN,"Denver, CO",CO,2212,2207,-5.00,0216,0222,6.00,0.00,,0.00,214.00,1712.00,,,,,
2024,1,1,29,1,2024-01-29,AA,N803EF,637,ATL,"Atlanta, GA",GA,JFK,"New York, NY",NY,0921,0914,-7.00,1303,1307,4.00,0.00,,0.00,192.00,1536.00,,,,,
2024,1,1,29,1,2024-01-29,F9,N131EA,2202,JFK,"New York, NY",NY,LAX,"Los Angeles, CA",CA,2219,2304,45.00,0105,0147,42.00,0.00,,0.00,136.00,1088.00,31.00,1.00,6.00,4.00,0.00
2024,1,1,3,3,2024-01-03,AS,N687DE,2664,MIA,"Miami, FL",FL,SFO,"San Francisco, CA",CA,0850,0848,-2.00,1141,1135,-6.00,0.00,,0.00,141.00,1128.00,,,,,
2024,1,1,17,3,2024-01-17,WN,N117FC,188,ATL,"Atlanta, GA",GA,PHX,"Phoenix, AZ",AZ,1124,1126,2.00,1255,1306,11.00,0.00,,0.00,61.00,488.00,,,,,
2024,1,1,21,7,2024-01-21,NK,N625AG,2795,DEN,"Denver, CO",CO,PHX,"Phoenix, AZ",AZ,1203,,,1550,,,1.00,B,0.00,,1576.00,,,,,
2024,1,1,25,4,2024-01-25,F9,N423FA,49,LAX,"Los Angeles, CA",CA,JFK,"New York, NY",NY,0906,0903,-3.00,1501,1449,-12.00,0.00,,0.00,325.00,2600.00,,,,,
2024,1,1,27,6,2024-01-27,AS,N316EF,1289,SEA,"Seattle, WA",WA,DFW,"Dallas/Fort Worth, TX",TX,1841,1830,-11.00,2228,2225,-3.00,0.00,,0.00,197.00,1576.00,,,,,
2024,1,1,15,1,2024-01-15,AS,N446CD,674,LAX,"Los Angeles, CA",CA,SEA,"Seattle, WA",WA,2239,2249,10.00,0044,0046,2.00,0.00,,0.00,95.00,760.00,,,,,
2024,1,1,22,1,2024-01-22,F9,N466BB,2927,SEA,"Seattle, WA",WA,PHX,"Phoenix, AZ",AZ,1419,1418,-1.00,1707,,,0.00,,1.00,,1104.00,,,,,
2024,1,1,21,7,2024-01-21,UA,N452GD,841,ORD,"Chicago, IL",IL,LAX,"Los Angeles, CA",CA,1036,1028,-8.00,1524,1507,-17.00,0.00,,0.00,258.00,2064.00,,,,,
2024,1,1,20,6,2024-01-20,WN,N326EF,291,IAH,"Houston, TX",TX,MIA,"Miami, FL",FL,1344,,,1539,,,1.00,B,0.00,,680.00,,,,,
2024,1,1,8,1,2024-01-08,AS,N812FB,1547,DEN,"Denver, CO",CO,IAH,"Houston, TX",TX,0654,0639,-15.00,0934,0920,-14.00,0.00,,0.00,130.00,1040.00,,,,,
2024,1,1,8,1,2024-01-08,UA,N317DA,1623,JFK,"New York, NY",NY,BOS,"Boston, MA",MA,2250,2248,-2.00,0234,0231,-3.00,0.00,,0.00,194.00,1552.00,,,,,
2024,1,1,26,5,2024-01-26,UA,N952FF,2759,LAX,"Los Angeles, CA",CA,IAH,"Houston, TX",TX,1453,1453,0.00,1630,1621,-9.00,0.00,,0.00,67.00,536.00,,,,,
2024,1,1,22,1,2024-01-22,NK,N327GC,2039,BOS,"Boston, MA",MA,MIA,"Miami, FL",FL,1237,1234,-3.00,1418,1410,-8.00,0.00,,0.00,71.00,568.00,,,,,
2024,1,1,15,1,2024-01-15,WN,N490AD,1788,IAH,"Houston, TX",TX,SEA,"Seattle, WA",WA,1816,1853,37.00,2242,2320,38.00,0.00,,0.00,236.00,1888.00,5.00,1.00,16.00,1.00,15.00
2024,1,1,1,1,2024-01-01,AA,N919EE,1536,SEA,"Seattle, WA",WA,DFW,"Dallas/Fort Worth, TX",TX,1807,1910,63.00,2213,2324,71.00,0.00,,0.00,216.00,1728.00,2.00,0.00,2.00,55.00,12.00
2024,1,1,9,2,2024-01-09,AS,N327GD,1432,JFK,"New York, NY",NY,BOS,"Boston, MA",MA,1001,1000,-1.00,1514,1513,-1.00,0.00,,0.00,283.00,2264.00,,,,,
2024,1,1,8,1,2024-01-08,NK,N538EG,420,DFW,"Dallas/Fort Worth, TX",TX,DEN,"Denver, CO",CO,0603,0601,-2.00,1141,1146,5.00,0.00,,0.00,308.00,2464.00,,,,,
2024,1,1,25,4,2024-01-25,WN,N130AG,48,DFW,"Dallas/Fort Worth, TX",TX,JFK,"New York, NY",NY,1037,1030,-7.00,1428,1432,4.00,0.00,,0.00,201.00,1608.00,,,,,
2024,1,1,2,2,2024-01-02,NK,N868DF,2745,IAH,"Houston, TX",TX,MIA,"Miami, FL",FL,1710,2055,225.00,2046,0026,220.00,0.00,,0.00,186.00,1488.00,26.00,0.00,91.00,0.00,103.00
2024,1,1,22,1,2024-01-22,NK,N985EA,652,PHX,"Phoenix, AZ",AZ,SFO,"San Francisco, CA",CA,2101,2211,70.00,0103,0204,61.00,0.00,,0.00,212.00,1696.00,41.00,1.00,12.00,1.00,6.00
2024,1,1,15,1,2024-01-15,AA,N338AE,509,ATL,"Atlanta, GA",GA,BOS,"Boston, MA",MA,1256,1254,-2.00,1843,1830,-13.00,0.00,,0.00,317.00,2536.00,,,,,
2024,1,1,11,4,2024-01-11,F9,N648CA,2475,IAH,"Houston, TX",TX,DEN,"Denver, CO",CO,0923,0916,-7.00,1142,1130,-12.00,0.00,,0.00,109.00,872.00,,,,,
2024,1,1,29,1,2024-01-29,NK,N511FF,2268,MIA,"Miami, FL",FL,SEA,"Seattle, WA",WA,2244,2244,0.00,0245,0243,-2.00,0.00,,0.00,211.00,1688.00,,,,,
2024,1,1,28,7,2024-01-28,F9,N967AG,1424,MIA,"Miami, FL",FL,ORD,"Chicago, IL",IL,2039,2031,-8.00,0020,0002,-18.00,0.00,,0.00,191.00,1528.00,,,,,
2024,1,1,25,4,2024-01-25,AS,N714FG,2449,PHX,"Phoenix, AZ",AZ,DFW,"Dallas/Fort Worth, TX",TX,1923,1910,-13.00,2132,2119,-13.00,0.00,,0.00,99.00,792.00,,,,,
2024,1,1,2,2,2024-01-02,UA,N116FG,1448,BOS,"Boston, MA",MA,DEN,"Denver, CO",CO,0704,0702,-2.00,1046,1048,2.00,0.00,,0.00,192.00,1536.00,,,,,
2024,1,1,5,5,2024-01-05,DL,N803FG,1082,??,"Chicago, IL",IL,IAH,"Houston, TX",TX,1211,1210,-1.00,1636,1643,7.00,0.00,,0.00,235.00,1880.00,,,,,
2024,1,1,10,3,2024-01-10,WN,N283CA,2901,SFO,"San Francisco, CA",CA,DEN,"Denver, CO",CO,1506,1510,4.00,1832,1846,14.00,0.00,,0.00,176.00,1408.00,,,,,
2024,1,1,24,3,2024-01-24,NK,N298GE,1279,BOS,"Boston, MA",MA,MIA,"Miami, FL",FL,1010,1007,-3.00,1228,1227,-1.00,0.00,,0.00,108.00,864.00,,,,,
2024,1,1,10,3,2024-01-10,UA,N850FB,2256,JFK,"New York, NY",NY,BOS,"Boston, MA",MA,1859,1849,-10.00,0021,0015,-6.00,0.00,,0.00,292.00,2336.00,,,,,
2024,1,1,19,5,2024-01-19,AA,N695GF,1947,SFO,"San Francisco, CA",CA,ATL,"Atlanta, GA",GA,1317,1315,-2.00,1451,1501,10.00,0.00,,0.00,64.00,512.00,,,,,
2024,1,1,23,2,2024-01-23,AA,N552CF,2298,JFK,"New York, NY",NY,ATL,"Atlanta, GA",GA,0857,0849,-8.00,1440,1443,3.00,0.00,,0.00,313.00,2504.00,,,,,
2024,1,1,12,5,2024-01-12,DL,N541EA,2826,JFK,"New York, NY",NY,DEN,"Denver, CO",CO,1622,1624,2.00,2204,2158,-6.00,0.00,,0.00,312.00,2496.00,,,,,
2024,1,1,24,3,2024-01-24,DL,N612EG,2737,ATL,"Atlanta, GA",GA,LAX,"Los Angeles, CA",CA,0924,0924,0.00,1408,1419,11.00,0.00,,0.00,254.00,2032.00,,,,,
2024,1,1,17,3,2024-01-17,AS,N321DE,1931,ATL,"Atlanta, GA",GA,MIA,"Miami, FL",FL,0538,0538,0.00,0933,0939,6.00,0.00,,0.00,205.00,1640.00,,,,,
2024,1,1,13,6,2024-01-13,WN,N760EE,213,PHX,"Phoenix, AZ",AZ,ORD,"Chicago, IL",IL,1234,1231,-3.00,1502,1510,8.00,0.00,,0.00,118.00,944.00,,,,,
2024,1,1,22,1,2024-01-22,AA,N933DG,2323,DEN,"Denver, CO",CO,SEA,"Seattle, WA",WA,1800,1759,-1.00,1931,1938,7.00,0.00,,0.00,61.00,488.00,,,,,
2024,1,1,4,4,2024-01-04,B6,N111DG,1736,LAX,"Los Angeles, CA",CA,SEA,"Seattle, WA",WA,0605,0841,156.00,0903,1149,166.00,0.00,,0.00,148.00,1184.00,69.00,12.00,40.00,11.00,34.00
2024,1,1,23,2,2024-01-23,AS,N227EA,2584,ORD,"Chicago, IL",IL,DFW,"Dallas/Fort Worth, TX",TX,1241,1246,5.00,1834,1846,12.00,0.00,,0.00,323.00,2584.00,,,,,
2024,1,1,18,4,2024-01-18,WN,N553GC,537,ORD,"Chicago, IL",IL,ATL,"Atlanta, GA",GA,2119,2229,70.00,0031,0151,80.00,0.00,,0.00,162.00,1296.00,1.00,77.00,0.00,0.00,2.00
2024,1,1,8,1,2024-01-08,AS,N298DF,443,MIA,"Miami, FL",FL,ATL,"Atlanta, GA",GA,1716,2024,188.00,2031,2344,193.00,0.00,,0.00,165.00,1320.00,3.00,75.00,2.00,100.00,13.00
2024,1,1,17,3,2024-01-17,NK,N529EB,1206,MIA,"Miami, FL",FL,SEA,"Seattle, WA",WA,1732,1728,-4.00,2041,2037,-4.00,0.00,,0.00,159.00,1272.00,,,,,
2024,1,1,10,3,2024-01-10,DL,N756AE,2091,SEA,"Seattle, WA",WA,DEN,"Denver, CO",CO,1452,1617,85.00,1905,2031,86.00,0.00,,0.00,223.00,1784.00,14.00,20.00,0.00,0.00,52.00
2024,1,1,7,7,2024-01-07,UA,N539AB,1665,SFO,"San Francisco, CA",CA,ORD,"Chicago, IL",IL,2105,2057,-8.00,0147,0149,2.00,0.00,,0.00,252.00,2016.00,,,,,
2024,1,1,2,2,2024-01-02,AS,N492AA,1747,LAX,"Los Angeles, CA",CA,SEA,"Seattle, WA",WA,2104,2104,0.00,2259,2305,6.00,0.00,,0.00,85.00,680.00,,,,,
2024,1,1,23,2,2024-01-23,DL,N881CA,380,ATL,"Atlanta, GA",GA,DFW,"Dallas/Fort Worth, TX",TX,1429,1424,-5.00,1718,1702,-16.00,0.00,,0.00,139.00,1112.00,,,,,
2024,1,1,13,6,2024-01-13,DL,N130GG,1151,ORD,"Chicago, IL",IL,LAX,"Los Angeles, CA",CA,0553,0823,150.00,1006,1235,149.00,0.00,,0.00,223.00,1784.00,46.00,34.00,1.00,7.00,61.00
2024,1,1,26,5,2024-01-26,NK,N200CC,2446,PHX,"Phoenix, AZ",AZ,IAH,"Houston, TX",TX,1811,1806,-5.00,2317,2318,1.00,0.00,,0.00,276.00,2208.00,,,,,
2024,1,1,11,4,2024-01-11,AS,N185GE,2069,DEN,"Denver, CO",CO,SEA,"Seattle, WA",WA,1852,2046,114.00,2039,2224,105.00,0.00,,0.00,77.00,616.00,4.00,0.00,52.00,23.00,26.00
2024,1,1,24,3,2024-01-24,UA,N410EE,2209,SFO,"San Francisco, CA",CA,ATL,"Atlanta, GA",GA,0858,0854,-4.00,1206,1151,-15.00,0.00,,0.00,158.00,1264.00,,,,,
2024,1,1,11,4,2024-01-11,UA,N139AE,1780,SEA,"Seattle, WA",WA,SFO,"San Francisco, CA",CA,1354,1600,126.00,1655,1908,133.00,0.00,,0.00,151.00,1208.00,91.00,27.00,4.00,0.00,11.00
2024,1,1,20,6,2024-01-20,B6,N565EC,917,ORD,"Chicago, IL",IL,DFW,"Dallas/Fort Worth, TX",TX,2031,2026,-5.00,0206,0154,-12.00,0.00,,0.00,305.00,2440.00,,,,,
2024,1,1,4,4,2024-01-04,DL,N556FE,1530,SEA,"Seattle, WA",WA,LAX,"Los Angeles, CA",CA,0756,0747,-9.00,1101,1101,0.00,0.00,,0.00,155.00,1240.00,,,,,
2024,1,1,10,3,2024-01-10,B6,N511CA,416,DFW,"Dallas/Fort Worth, TX",TX,SFO,"San Francisco, CA",CA,0510,0505,-5.00,0939,0938,-1.00,0.00,,0.00,239.00,1912.00,,,,,
2024,1,1,2,2,2024-01-02,AS,N941CE,1973,ORD,"Chicago, IL",IL,PHX,"Phoenix, AZ",AZ,0839,0925,46.00,1259,1356,57.00,0.00,,0.00,230.00,1840.00,18.00,1.00,2.00,1.00,35.00
2024,1,1,21,7,2024-01-21,UA,N577AG,2338,PHX,"Phoenix, AZ",AZ,IAH,"Houston, TX",TX,0527,0524,-3.00,0715,0718,3.00,0.00,,0.00,78.00,624.00,,,,,
2024,1,1,17,3,2024-01-17,B6,N448FB,1326,JFK,"New York, NY",NY,SEA,"Seattle, WA",WA,1619,1616,-3.00,1932,1920,-12.00,0.00,,0.00,163.00,1304.00,,,,,
2024,1,1,28,7,2024-01-28,F9,N778EB,997,JFK,"New York, NY",NY,LAX,"Los Angeles, CA",CA,2013,2009,-4.00,2242,2239,-3.00,0.00,,0.00,119.00,952.00,,,,,
2024,1,1,18,4,2024-01-18,UA,N677GC,2551,JFK,"New York, NY",NY,SEA,"Seattle, WA",WA,1735,1752,17.00,2047,2116,29.00,0.00,,0.00,162.00,1296.00,20.00,0.00,2.00,0.00,7.00
2024,1,1,23,2,2024-01-23,WN,N460AC,1627,SEA,"Seattle, WA",WA,ATL,"Atlanta, GA",GA,1717,1714,-3.00,2236,2222,-14.00,0.00,,0.00,289.00,2312.00,,,,,
2024,1,1,2,2,2024-01-02,UA,N776AB,983,MIA,"Miami, FL",FL,SFO,"San Francisco, CA",CA,1205,1208,3.00,1523,1533,10.00,0.00,,0.00,168.00,1344.00,,,,,
2024,1,1,14,7,2024-01-14,B6,N954EC,1310,SFO,"San Francisco, CA",CA,PHX,"Phoenix, AZ",AZ,1951,2023,32.00,2304,2326,22.00,0.00,,0.00,163.00,1304.00,0.00,3.00,0.00,16.00,3.00
2024,1,1,18,4,2024-01-18,WN,N655GG,171,BOS,"Boston, MA",MA,SFO,"San Francisco, CA",CA,0853,0852,-1.00,1240,1250,10.00,0.00,,0.00,197.00,1576.00,,,,,
2024,1,1,21,7,2024-01-21,AA,N376CE,1574,JFK,"New York, NY",NY,SFO,"San Francisco, CA",CA,0543,0613,30.00,1128,1154,26.00,0.00,,0.00,315.00,2520.00,6.00,0.00,1.00,7.00,12.00
2024,1,1,16,2,2024-01-16,F9,N840FF,2010,BOS,"Boston, MA",MA,PHX,"Phoenix, AZ",AZ,1631,1627,-4.00,2012,2013,1.00,0.00,,0.00,191.00,1528.00,,,,,
2024,1,1,5,5,2024-01-05,AS,N312BA,2814,ATL,"Atlanta, GA",GA,SEA,"Seattle, WA",WA,1009,1208,119.00,1256,1457,121.00,0.00,,0.00,137.00,1096.00,72.00,14.00,6.00,25.00,4.00
2024,1,1,7,7,2024-01-07,B6,N891EE,31,DFW,"Dallas/Fort Worth, TX",TX,BOS,"Boston, MA",MA,0748,0746,-2.00,1007,1013,6.00,0.00,,0.00,109.00,872.00,,,,,
2024,1,1,7,7,2024-01-07,UA,N515EG,2,ATL,"Atlanta, GA",GA,PHX,"Phoenix, AZ",AZ,1756,1749,-7.00,2055,2054,-1.00,0.00,,0.00,149.00,-1,,,,,
2024,1,1,20,6,2024-01-20,AS,N632BD,1075,SFO,"San Francisco, CA",CA,SEA,"Seattle, WA",WA,1752,1750,-2.00,1926,1929,3.00,0.00,,0.00,64.00,512.00,,,,,
2024,1,1,16,2,2024-01-16,F9,N120AG,2026,DFW,"Dallas/Fort Worth, TX",TX,IAH,"Houston, TX",TX,0824,0824,0.00,1415,1408,-7.00,0.00,,0.00,321.00,2568.00,,,,,
2024,1,1,15,1,2024-01-15,DL,N404DC,198,LAX,"Los Angeles, CA",CA,BOS,"Boston, MA",MA,1432,1715,163.00,1651,1938,167.00,0.00,,0.00,109.00,872.00,0.00,0.00,122.00,45.00,0.00
2024,1,1,21,7,2024-01-21,DL,N560ED,1593,PHX,"Phoenix, AZ",AZ,ATL,"Atlanta, GA",GA,1830,,,2014,,,1.00,B,0.00,,592.00,,,,,
2024,1,1,7,7,2024-01-07,NK,N325DE,1140,DEN,"Denver, CO",CO,BOS,"Boston, MA",MA,0554,0551,-3.00,0905,0855,-10.00,0.00,,0.00,161.00,1288.00,,,,,
2024,1,1,27,6,2024-01-27,F9,N864EF,2014,PHX,"Phoenix, AZ",AZ,LAX,"Los Angeles, CA",CA,1638,1641,3.00,2131,2138,7.00,0.00,,0.00,263.00,2104.00,,,,,
2024,1,1,22,1,2024-01-22,F9,N695EB,481,DFW,"Dallas/Fort Worth, TX",TX,BOS,"Boston, MA",MA,1557,1855,178.00,1911,2204,173.00,0.00,,0.00,164.00,1312.00,30.00,62.00,50.00,14.00,17.00
2024,1,1,3,3,2024-01-03,UA,N184GF,764,LAX,"Los Angeles, CA",CA,DFW,"Dallas/Fort Worth, TX",TX,1536,1533,-3.00,1846,1850,4.00,0.00,,0.00,160.00,1280.00,,,,,
2024,1,1,1,1,2024-01-01,NK,N554BG,558,LAX,"Los Angeles, CA",CA,SFO,"San Francisco, CA",CA,0801,0755,-6.00,1247,1250,3.00,0.00,,0.00,256.00,2048.00,,,,,
2024,1,1,21,7,2024-01-21,WN,N237BE,1175,BOS,"Boston, MA",MA,LAX,"Los Angeles, CA",CA,1630,1622,-8.00,1804,1802,-2.00,0.00,,0.00,64.00,512.00,,,,,
2024,1,1,3,3,2024-01-03,WN,N911DB,2000,MIA,"Miami, FL",FL,ATL,"Atlanta, GA",GA,1225,1220,-5.00,1434,1435,1.00,0.00,,0.00,99.00,792.00,,,,,
2024,1,1,16,2,2024-01-16,F9,N410GG,933,BOS,"Boston, MA",MA,DEN,"Denver, CO",CO,1657,,,2207,,,1.00,A,0.00,,2240.00,,,,,
2024,1,1,24,3,2024-01-24,B6,N241FB,2103,SEA,"Seattle, WA",WA,LAX,"Los Angeles, CA",CA,0807,0935,88.00,1356,1512,76.00,0.00,,0.00,319.00,2552.00,7.00,64.00,2.00,1.00,2.00
2024,1,1,16,2,2024-01-16,WN,N718CA,375,JFK,"New York, NY",NY,SFO,"San Francisco, CA",CA,0621,0623,2.00,1132,1122,-10.00,0.00,,0.00,281.00,2248.00,,,,,
2024,1,1,1,1,2024-01-01,WN,N800AC,744,ORD,"Chicago, IL",IL,BOS,"Boston, MA",MA,1950,1947,-3.00,2254,2252,-2.00,0.00,,0.00,154.00,1232.00,,,,,
2024,1,1,7,7,2024-01-07,NK,N685CE,1212,ATL,"Atlanta, GA",GA,JFK,"New York, NY",NY,0838,0843,5.00,1209,1210,1.00,0.00,,0.00,181.00,1448.00,,,,,
2024,1,1,25,4,2024-01-25,WN,N853AE,2764,ORD,"Chicago, IL",IL,MIA,"Miami, FL",FL,1204,1158,-6.00,1415,1409,-6.00,0.00,,0.00,101.00,808.00,,,,,
2024,1,1,10,3,2024-01-10,WN,N419CD,848,ATL,"Atlanta, GA",GA,SFO,"San Francisco, CA",CA,0857,0856,-1.00,1139,1129,-10.00,0.00,,0.00,132.00,1056.00,,,,,
2024,1,1,4,4,2024-01-04,B6,N358BE,183,BOS,"Boston, MA",MA,DFW,"Dallas/Fort Worth, TX",TX,1859,1853,-6.00,0019,0013,-6.00,0.00,,0.00,290.00,2320.00,,,,,
2024,1,1,14,7,2024-01-14,AA,N221BD,2002,LAX,"Los Angeles, CA",CA,PHX,"Phoenix, AZ",AZ,1847,1847,0.00,2222,2215,-7.00,0.00,,0.00,185.00,1480.00,,,,,
2024,1,1,21,7,2024-01-21,B6,N355EF,2660,ORD,"Chicago, IL",IL,DFW,"Dallas/Fort Worth, TX",TX,0748,1058,190.00,1014,1325,191.00,0.00,,0.00,116.00,928.00,26.00,36.00,44.00,83.00,2.00
2024,1,1,21,7,2024-01-21,DL,N380AC,2334,SEA,"Seattle, WA",WA,SFO,"San Francisco, CA",CA,1047,1046,-1.00,1340,1347,7.00,0.00,,0.00,143.00,1144.00,,,,,
2024,1,1,26,5,2024-01-26,F9,N946AB,2125,SEA,"Seattle, WA",WA,BOS,"Boston, MA",MA,0843,0908,25.00,1404,1434,30.00,0.00,,0.00,291.00,2328.00,11.00,3.00,0.00,12.00,4.00
2024,1,1,10,3,2024-01-10,WN,N209EA,2813,SFO,"San Francisco, CA",CA,LAX,"Los Angeles, CA",CA,0813,0813,0.00,1054,1052,-2.00,0.00,,0.00,131.00,1048.00,,,,,
2024,1,1,31,3,2024-01-31,UA,N986AB,1769,SEA,"Seattle, WA",WA,IAH,"Houston, TX",TX,1715,1718,3.00,1941,1942,1.00,0.00,,0.00,116.00,928.00,,,,,
2024,1,1,31,3,2024-01-31,DL,N330BC,829,LAX,"Los Angeles, CA",CA,DFW,"Dallas/Fort Worth, TX",TX,0657,0653,-4.00,1133,1139,6.00,0.00,,0.00,246.00,1968.00,,,,,
2024,1,1,21,7,2024-01-21,DL,N302CB,897,MIA,"Miami, FL",FL,DFW,"Dallas/Fort Worth, TX",TX,0629,0629,0.00,0814,0812,-2.00,0.00,,0.00,75.00,600.00,,,,,
2024,1,1,1,1,2024-01-01,DL,N865DC,2647,PHX,"Phoenix, AZ",AZ,ORD,"Chicago, IL",IL,1200,1316,76.00,1755,1914,79.00,0.00,,0.00,325.00,2600.00,2.00,5.00,0.00,67.00,5.00
2024,1,1,7,7,2024-01-07,B6,N584FA,2311,SEA,"Seattle, WA",WA,MIA,"Miami, FL",FL,1012,1009,-3.00,1344,1348,4.00,0.00,,0.00,182.00,1456.00,,,,,
2024,1,1,3,3,2024-01-03,AS,N716BE,820,ORD,"Chicago, IL",IL,PHX,"Phoenix, AZ",AZ,0521,0527,6.00,0740,0742,2.00,0.00,,0.00,109.00,872.00,,,,,
2024,1,1,30,2,2024-01-30,DL,N167BD,2528,ORD,"Chicago, IL",IL,ATL,"Atlanta, GA",GA,1235,1228,-7.00,1548,1541,-7.00,0.00,,0.00,163.00,1304.00,,,,,
2024,1,1,11,4,2024-01-11,B6,N189BE,2432,JFK,"New York, NY",NY,DFW,"Dallas/Fort Worth, TX",TX,2023,2017,-6.00,0038,0027,-11.00,0.00,,0.00,225.00,1800.00,,,,,
2024,1,1,12,5,2024-01-12,NK,N686CD,2336,ATL,"Atlanta, GA",GA,DFW,"Dallas/Fort Worth, TX",TX,1142,1136,-6.00,1728,1721,-7.00,0.00,,0.00,316.00,2528.00,,,,,
2024,1,1,1,1,2024-01-01,AS,N804BD,403,SFO,"San Francisco, CA",CA,DFW,"Dallas/Fort Worth, TX",TX,1037,1337,180.00,1248,1547,179.00,0.00,,0.00,101.00,808.00,83.00,4.00,43.00,1.00,48.00
2024,1,1,29,1,2024-01-29,UA,N795GB,639,IAH,"Houston, TX",TX,BOS,"Boston, MA",MA,1906,,,2354,,,1.00,B,0.00,,2064.00,,,,,
2024,1,1,28,7,2024-01-28,F9,N890BG,2881,MIA,"Miami, FL",FL,IAH,"Houston, TX",TX,0549,0738,109.00,1111,1308,117.00,0.00,,0.00,292.00,2336.00,2.00,0.00,0.00,114.00,1.00
2024,1,1,9,2,2024-01-09,F9,N398FD,241,IAH,"Houston, TX",TX,MIA,"Miami, FL",FL,2119,2116,-3.00,0039,0046,7.00,0.00,,0.00,170.00,1360.00,,,,,
2024,1,1,30,2,2024-01-30,WN,N665CC,2020,DEN,"Denver, CO",CO,ATL,"Atlanta, GA",GA,0528,0522,-6.00,0941,0940,-1.00,0.00,,0.00,223.00,1784.00,,,,,
2024,1,1,24,3,2024-01-24,B6,N491EF,1340,SEA,"Seattle, WA",WA,SFO,"San Francisco, CA",CA,2200,2159,-1.00,2343,2354,11.00,0.00,,0.00,73.00,584.00,,,,,
2024,1,1,9,2,2024-01-09,DL,N870EE,969,ATL,"Atlanta, GA",GA,SFO,"San Francisco, CA",CA,0646,0641,-5.00,0959,0943,-16.00,0.00,,0.00,163.00,1304.00,,,,,
2024,1,1,3,3,2024-01-03,NK,N738BD,2087,LAX,"Los Angeles, CA",CA,PHX,"Phoenix, AZ",AZ,1911,2104,113.00,0034,0226,112.00,0.00,,0.00,293.00,2344.00,1.00,108.00,0.00,2.00,1.00
2024,1,1,22,1,2024-01-22,NK,N482GC,2285,MIA,"Miami, FL",FL,SFO,"San Francisco, CA",CA,0923,0923,0.00,1142,1146,4.00,0.00,,0.00,109.00,872.00,,,,,
2024,1,1,3,3,2024-01-03,WN,N517FG,2032,PHX,"Phoenix, AZ",AZ,ORD,"Chicago, IL",IL,1524,1515,-9.00,2014,2010,-4.00,0.00,,0.00,260.00,2080.00,,,,,
2024,1,1,19,5,2024-01-19,UA,N367GC,1610,SEA,"Seattle, WA",WA,ATL,"Atlanta, GA",GA,0927,0920,-7.00,1258,1249,-9.00,0.00,,0.00,181.00,1448.00,,,,,
2024,1,1,20,6,2024-01-20,B6,N337DF,1041,ATL,"Atlanta, GA",GA,MIA,"Miami, FL",FL,1313,1315,2.00,1857,1856,-1.00,0.00,,0.00,314.00,2512.00,,,,,
2024,1,1,20,6,2024-01-20,WN,N611FF,2564,SFO,"San Francisco, CA",CA,DFW,"Dallas/Fort Worth, TX",TX,1304,1438,94.00,1437,1614,97.00,0.00,,0.00,63.00,504.00,16.00,10.00,62.00,1.00,8.00
2024,1,1,2,2,2024-01-02,NK,N208AA,1060,MIA,"Miami, FL",FL,PHX,"Phoenix, AZ",AZ,1838,1839,1.00,2257,2303,6.00,0.00,,0.00,229.00,1832.00,,,,,
2024,1,1,15,1,2024-01-15,NK,N663BF,1213,LAX,"Los Angeles, CA",CA,ATL,"Atlanta, GA",GA,1007,1145,98.00,1301,1451,110.00,0.00,,0.00,144.00,1152.00,72.00,20.00,0.00,7.00,11.00
2024,1,1,24,3,2024-01-24,DL,N932AA,233,BOS,"Boston, MA",MA,MIA,"Miami, FL",FL,0633,0631,-2.00,0810,0757,-13.00,0.00,,0.00,67.00,536.00,,,,,
2024,1,1,24,3,2024-01-24,WN,N347GE,248,MIA,"Miami, FL",FL,ATL,"Atlanta, GA",GA,1322,1304,-18.00,1639,1633,-6.00,0.00,,0.00,167.00,1336.00,,,,,
2024,1,1,20,6,2024-01-20,WN,N528AE,966,LAX,"Los Angeles, CA",CA,JFK,"New York, NY",NY,0800,0839,39.00,1204,1250,46.00,0.00,,0.00,214.00,1712.00,9.00,12.00,3.00,7.00,15.00
2024,1,1,25,4,2024-01-25,B6,N524FG,144,JFK,"New York, NY",NY,SEA,"Seattle, WA",WA,0902,0901,-1.00,1433,,,0.00,,1.00,,2408.00,,,,,
2024,1,1,13,6,2024-01-13,WN,N964DE,2671,PHX,"Phoenix, AZ",AZ,DFW,"Dallas/Fort Worth, TX",TX,0624,0630,6.00,0843,0845,2.00,0.00,,0.00,109.00,872.00,,,,,
2024,1,1,13,6,2024-01-13,UA,N250CB,1684,LAX,"Los Angeles, CA",CA,ATL,"Atlanta, GA",GA,0900,1224,204.00,1115,1437,202.00,0.00,,0.00,105.00,840.00,0.00,13.00,16.00,0.00,173.00
2024,1,1,8,1,2024-01-08,NK,N647FA,421,ATL,"Atlanta, GA",GA,SEA,"Seattle, WA",WA,1159,1406,127.00,1728,1945,137.00,0.00,,0.00,299.00,2392.00,35.00,94.00,2.00,0.00,6.00
2024,1,1,28,7,2024-01-28,AA,N529CC,2991,LAX,"Los Angeles, CA",CA,IAH,"Houston, TX",TX,0956,0951,-5.00,1257,1244,-13.00,0.00,,0.00,151.00,1208.00,,,,,
2024,1,1,29,1,2024-01-29,AA,N741FB,927,DFW,"Dallas/Fort Worth, TX",TX,BOS,"Boston, MA",MA,1130,1131,1.00,1309,1316,7.00,0.00,,0.00,69.00,552.00,,,,,
2024,1,1,6,6,2024-01-06,F9,N615FF,2151,MIA,"Miami, FL",FL,DEN,"Denver, CO",CO,0518,0648,90.00,1110,1250,100.00,0.00,,0.00,322.00,2576.00,21.00,2.00,68.00,9.00,0.00
2024,1,1,10,3,2024-01-10,NK,N942BA,2273,MIA,"Miami, FL",FL,ORD,"Chicago, IL",IL,0842,0835,-7.00,1113,1110,-3.00,0.00,,0.00,121.00,968.00,,,,,
2024,1,1,24,3,2024-01-24,AS,N742DC,2498,PHX,"Phoenix, AZ",AZ,MIA,"Miami, FL",FL,1710,1708,-2.00,2105,2056,-9.00,0.00,,0.00,205.00,1640.00,,,,,
2024,1,1,8,1,2024-01-08,AA,N268CB,2122,ORD,"Chicago, IL",IL,DFW,"Dallas/Fort Worth, TX",TX,0722,0722,0.00,1201,1206,5.00,0.00,,0.00,249.00,1992.00,,,,,
2024,1,1,8,1,2024-01-08,WN,N315AA,709,IAH,"Houston, TX",TX,SEA,"Seattle, WA",WA,1055,1048,-7.00,1447,1443,-4.00,0.00,,0.00,202.00,1616.00,,,,,
2024,1,1,4,4,2024-01-04,UA,N175BE,998,LAX,"Los Angeles, CA",CA,PHX,"Phoenix, AZ",AZ,0803,0803,0.00,1049,1056,7.00,0.00,,0.00,136.00,1088.00,,,,,
2024,1,1,4,4,2024-01-04,B6,N725DG,1469,ATL,"Atlanta, GA",GA,MIA,"Miami, FL",FL,2128,0117,229.00,0242,0642,240.00,0.00,,0.00,284.00,2272.00,69.00,112.00,40.00,11.00,8.00
2024,1,1,30,2,2024-01-30,F9,N969EC,2011,IAH,"Houston, TX",TX,SFO,"San Francisco, CA",CA,1216,1319,63.00,1729,1839,70.00,0.00,,0.00,283.00,2264.00,63.00,4.00,0.00,0.00,3.00
2024,1,1,22,1,2024-01-22,AS,N503CE,435,SFO,"San Francisco, CA",CA,DFW,"Dallas/Fort Worth, TX",TX,0553,0559,6.00,0948,1003,15.00,0.00,,0.00,205.00,1640.00,0.00,0.00,5.00,10.00,0.00
2024,1,1,5,5,2024-01-05,F9,N467GC,1995,PHX,"Phoenix, AZ",AZ,DFW,"Dallas/Fort Worth, TX",TX,2122,2113,-9.00,0248,0246,-2.00,0.00,,0.00,296.00,2368.00,,,,,
2024,1,1,9,2,2024-01-09,AS,N889AC,1759,LAX,"Los Angeles, CA",CA,DFW,"Dallas/Fort Worth, TX",TX,0919,0914,-5.00,1306,1311,5.00,0.00,,0.00,197.00,1576.00,,,,,
2024,1,1,27,6,2024-01-27,F9,N507EF,1771,MIA,"Miami, FL",FL,LAX,"Los Angeles, CA",CA,0707,0711,4.00,0907,0912,5.00,0.00,,0.00,90.00,720.00,,,,,
2024,1,1,7,7,2024-01-07,DL,N415GF,2631,PHX,"Phoenix, AZ",AZ,DFW,"Dallas/Fort Worth, TX",TX,2042,0008,206.00,2253,0231,218.00,0.00,,0.00,101.00,808.00,25.00,45.00,71.00,5.00,72.00
2024,1,1,5,5,2024-01-05,DL,N580GF,2602,ORD,"Chicago, IL",IL,MIA,"Miami, FL",FL,2024,2024,0.00,0100,0110,10.00,0.00,,0.00,246.00,1968.00,,,,,
2024,1,1,30,2,2024-01-30,NK,N284GB,2628,SFO,"San Francisco, CA",CA,JFK,"New York, NY",NY,0604,0545,-19.00,1000,0941,-19.00,0.00,,0.00,206.00,1648.00,,,,,
2024,1,1,18,4,2024-01-18,WN,N768CF,1002,BOS,"Boston, MA",MA,LAX,"Los Angeles, CA",CA,1304,1537,153.00,1559,1826,147.00,0.00,,0.00,145.00,1160.00,0.00,1.00,125.00,1.00,20.00
2024,1,1,3,3,2024-01-03,F9,N822BE,1514,MIA,"Miami, FL",FL,DFW,"Dallas/Fort Worth, TX",TX,1924,2042,78.00,2341,0105,84.00,0.00,,0.00,227.00,1816.00,14.00,9.00,7.00,3.00,51.00
2024,1,1,10,3,2024-01-10,NK,N402EA,2257,LAX,"Los Angeles, CA",CA,IAH,"Houston, TX",TX,1515,1517,2.00,1852,1845,-7.00,0.00,,0.00,187.00,1496.00,,,,,
2024,1,1,23,2,2024-01-23,F9,N928AD,541,MIA,"Miami, FL",FL,JFK,"New York, NY",NY,0806,0809,3.00,1357,1357,0.00,0.00,,0.00,321.00,2568.00,,,,,
2024,1,1,15,1,2024-01-15,DL,N433FF,2468,LAX,"Los Angeles, CA",CA,DEN,"Denver, CO",CO,1533,1536,3.00,1859,1906,7.00,0.00,,0.00,176.00,1408.00,,,,,
2024,1,1,21,7,2024-01-21,DL,N808BA,2991,MIA,"Miami, FL",FL,SFO,"San Francisco, CA",CA,1425,1419,-6.00,1719,1716,-3.00,0.00,,0.00,144.00,1152.00,,,,,
2024,1,1,22,1,2024-01-22,AS,N637AF,1827,SEA,"Seattle, WA",WA,SFO,"San Francisco, CA",CA,0524,0521,-3.00,1024,1017,-7.00,0.00,,0.00,270.00,2160.00,,,,,
2024,1,1,21,7,2024-01-21,WN,N671FD,1512,JFK,"New York, NY",NY,SFO,"San Francisco, CA",CA,2058,2048,-10.00,2259,2256,-3.00,0.00,,0.00,91.00,728.00,,,,,
2024,1,1,6,6,2024-01-06,AA,N159AD,2131,BOS,"Boston, MA",MA,LAX,"Los Angeles, CA",CA,1611,1838,147.00,2004,2224,140.00,0.00,,0.00,203.00,1624.00,43.00,23.00,17.00,53.00,4.00
2024,1,1,14,7,2024-01-14,DL,N456BB,2784,IAH,"Houston, TX",TX,BOS,"Boston, MA",MA,1040,1034,-6.00,1523,1516,-7.00,0.00,,0.00,253.00,2024.00,,,,,
2024,1,1,15,1,2024-01-15,UA,N442AF,1862,JFK,"New York, NY",NY,LAX,"Los Angeles, CA",CA,0845,1038,113.00,1020,1201,101.00,0.00,,0.00,65.00,520.00,38.00,43.00,4.00,2.00,14.00
2024,1,1,18,4,2024-01-18,NK,N469EE,1242,SFO,"San Francisco, CA",CA,PHX,"Phoenix, AZ",AZ,0824,0817,-7.00,1018,1013,-5.00,0.00,,0.00,84.00,672.00,,,,,
2024,1,1,26,5,2024-01-26,B6,N221CC,197,MIA,"Miami, FL",FL,ORD,"Chicago, IL",IL,1046,1040,-6.00,1423,1415,-8.00,0.00,,0.00,187.00,1496.00,,,,,
2024,1,1,17,3,2024-01-17,AS,N707EB,1627,JFK,"New York, NY",NY,DEN,"Denver, CO",CO,1018,1014,-4.00,1308,1306,-2.00,0.00,,0.00,140.00,1120.00,,,,,
2024,1,1,6,6,2024-01-06,NK,N950GB,797,PHX,"Phoenix, AZ",AZ,DEN,"Denver, CO",CO,0932,1213,161.00,1319,1551,152.00,0.00,,0.00,197.00,1576.00,34.00,12.00,83.00,23.00,0.00
2024,1,1,23,2,2024-01-23,AS,N782BB,1793,SFO,"San Francisco, CA",CA,PHX,"Phoenix, AZ",AZ,1102,1341,159.00,1232,1510,158.00,0.00,,0.00,60.00,480.00,43.00,21.00,6.00,7.00,81.00
2024,1,1,9,2,2024-01-09,F9,N674GD,1432,ORD,"Chicago, IL",IL,MIA,"Miami, FL",FL,1110,1405,175.00,1707,1957,170.00,0.00,,0.00,327.00,2616.00,37.00,26.00,93.00,10.00,4.00
2024,1,1,1,1,2024-01-01,NK,N413DG,1177,JFK,"New York, NY",NY,SFO,"San Francisco, CA",CA,1558,1558,0.00,2135,2139,4.00,0.00,,0.00,307.00,2456.00,,,,,
2024,1,1,16,2,2024-01-16,WN,N835BA,536,DFW,"Dallas/Fort Worth, TX",TX,LAX,"Los Angeles, CA",CA,0831,0832,1.00,1205,1206,1.00,0.00,,0.00,184.00,1472.00,,,,,
2024,1,1,25,4,2024-01-25,AS,N953EF,755,DFW,"Dallas/Fort Worth, TX",TX,SFO,"San Francisco, CA",CA,1956,2028,32.00,2345,0025,40.00,0.00,,0.00,199.00,1592.00,4.00,3.00,11.00,22.00,0.00
2024,1,1,31,3,2024-01-31,AS,N905BA,2038,LAX,"Los Angeles, CA",CA,PHX,"Phoenix, AZ",AZ,1111,1111,0.00,1547,1546,-1.00,0.00,,0.00,246.00,1968.00,,,,,
2024,1,1,16,2,2024-01-16,B6,N167AD,747,JFK,"New York, NY",NY,ORD,"Chicago, IL",IL,1741,2040,179.00,2133,0022,169.00,0.00,,0.00,202.00,1616.00,4.00,4.00,6.00,5.00,150.00
2024,1,1,27,6,2024-01-27,DL,N586FD,2,DEN,"Denver, CO",CO,ATL,"Atlanta, GA",GA,0841,0907,26.00,1210,1232,22.00,0.00,,0.00,179.00,1432.00,12.00,2.00,5.00,1.00,2.00
2024,1,1,31,3,2024-01-31,AA,N415FB,1387,JFK,"New York, NY",NY,DEN,"Denver, CO",CO,1912,1907,-5.00,0053,0040,-13.00,0.00,,0.00,311.00,2488.00,,,,,
2024,1,1,19,5,2024-01-19,NK,N562BD,2545,JFK,"New York, NY",NY,IAH,"Houston, TX",TX,1644,1643,-1.00,1950,2000,10.00,0.00,,0.00,156.00,1248.00,,,,,
2024,1,1,19,5,2024-01-19,B6,N151FF,1610,LAX,"Los Angeles, CA",CA,DFW,"Dallas/Fort Worth, TX",TX,2208,2203,-5.00,0131,0127,-4.00,0.00,,0.00,173.00,1384.00,,,,,
2024,1,1,11,4,2024-01-11,B6,N206FE,728,MIA,"Miami, FL",FL,JFK,"New York, NY",NY,1523,1517,-6.00,1740,,,0.00,,1.00,,856.00,,,,,
2024,1,1,30,2,2024-01-30,AS,N116DA,60,DEN,"Denver, CO",CO,DFW,"Dallas/Fort Worth, TX",TX,1308,1303,-5.00,1620,1606,-14.00,0.00,,0.00,162.00,1296.00,,,,,
2024,1,1,7,7,2024-01-07,AS,N543GD,2322,SEA,"Seattle, WA",WA,MIA,"Miami, FL",FL,2245,0013,88.00,0310,0429,79.00,0.00,,0.00,235.00,1880.00,20.00,0.00,9.00,33.00,17.00
2024,1,1,26,5,2024-01-26,UA,N280AA,1166,ORD,"Chicago, IL",IL,BOS,"Boston, MA",MA,0832,,,1118,,,1.00,D,0.00,,1088.00,,,,,
2024,1,1,11,4,2024-01-11,WN,N613BG,2349,SFO,"San Francisco, CA",CA,PHX,"Phoenix, AZ",AZ,1736,1736,0.00,2118,2114,-4.00,0.00,,0.00,192.00,1536.00,,,,,
2024,1,1,20,6,2024-01-20,B6,N198GG,950,DEN,"Denver, CO",CO,MIA,"Miami, FL",FL,1955,2002,7.00,0012,0022,10.00,0.00,,0.00,227.00,1816.00,,,,,
2024,1,1,9,2,2024-01-09,UA,N537AG,2178,ORD,"Chicago, IL",IL,PHX,"Phoenix, AZ",AZ,1716,1721,5.00,2059,2103,4.00,0.00,,0.00,193.00,1544.00,,,,,
2024,1,1,13,6,2024-01-13,AS,N144CA,1545,DFW,"Dallas/Fort Worth, TX",TX,MIA,"Miami, FL",FL,1236,1230,-6.00,1629,1629,0.00,0.00,,0.00,203.00,1624.00,,,,,
2024,1,1,14,7,2024-01-14,NK,N268AG,1207,MIA,"Miami, FL",FL,SFO,"San Francisco, CA",CA,2147,2337,110.00,0011,0152,101.00,0.00,,0.00,114.00,912.00,33.00,6.00,4.00,11.00,47.00
2024,1,1,11,4,2024-01-11,WN,N337AB,1575,IAH,"Houston, TX",TX,MIA,"Miami, FL",FL,1749,1751,2.00,1920,1927,7.00,0.00,,0.00,61.00,488.00,,,,,
2024,1,1,3,3,2024-01-03,WN,N877FA,245,DEN,"Denver, CO",CO,LAX,"Los Angeles, CA",CA,2203,2158,-5.00,0019,0017,-2.00,0.00,,0.00,106.00,848.00,,,,,
2024,1,1,2,2,2024-01-02,WN,N459AC,2870,PHX,"Phoenix, AZ",AZ,JFK,"New York, NY",NY,0604,0931,207.00,1149,1521,212.00,0.00,,0.00,315.00,2520.00,44.00,62.00,4.00,97.00,5.00
2024,1,1,15,1,2024-01-15,UA,N864ED,2391,LAX,"Los Angeles, CA",CA,ORD,"Chicago, IL",IL,0945,0949,4.00,1321,1315,-6.00,0.00,,0.00,186.00,1488.00,,,,,
2024,1,1,13,6,2024-01-13,DL,N205EC,2934,ORD,"Chicago, IL",IL,MIA,"Miami, FL",FL,1214,1609,235.00,1813,2217,244.00,0.00,,0.00,329.00,2632.00,215.00,3.00,6.00,20.00,0.00
2024,1,1,20,6,2024-01-20,UA,N704AF,1169,MIA,"Miami, FL",FL,SFO,"San Francisco, CA",CA,0845,0852,7.00,1304,1305,1.00,0.00,,0.00,229.00,1832.00,,,,,
2024,1,1,9,2,2024-01-09,NK,N275GC,901,LAX,"Los Angeles, CA",CA,SFO,"San Francisco, CA",CA,2053,2053,0.00,0217,0224,7.00,0.00,,0.00,294.00,2352.00,,,,,
2024,1,1,19,5,2024-01-19,AS,N538FC,295,SFO,"San Francisco, CA",CA,LAX,"Los Angeles, CA",CA,0717,0715,-2.00,1155,1202,7.00,0.00,,0.00,248.00,1984.00,,,,,
2024,1,1,6,6,2024-01-06,F9,N411GD,1477,DEN,"Denver, CO",CO,IAH,"Houston, TX",TX,1657,1657,0.00,1859,1848,-11.00,0.00,,0.00,92.00,736.00,,,,,
2024,1,1,9,2,2024-01-09,AS,N944DE,1012,DEN,"Denver, CO",CO,SEA,"Seattle, WA",WA,0952,1212,140.00,1510,1732,142.00,0.00,,0.00,288.00,2304.00,13.00,1.00,9.00,116.00,3.00
2024,1,1,8,1,2024-01-08,F9,N683EF,1553,SFO,"San Francisco, CA",CA,ORD,"Chicago, IL",IL,2023,2025,2.00,2357,2357,0.00,0.00,,0.00,184.00,1472.00,,,,,
2024,1,1,30,2,2024-01-30,NK,N861CG,2943,IAH,"Houston, TX",TX,SFO,"San Francisco, CA",CA,2254,2245,-9.00,0347,0343,-4.00,0.00,,0.00,263.00,2104.00,,,,,
2024,1,1,24,3,2024-01-24,UA,N809FA,1563,BOS,"Boston, MA",MA,DEN,"Denver, CO",CO,1816,2126,190.00,2147,0055,188.00,0.00,,0.00,181.00,1448.00,27.00,0.00,0.00,3.00,158.00
2024,1,1,3,3,2024-01-03,F9,N445GD,1947,SEA,"Seattle, WA",WA,ATL,"Atlanta, GA",GA,2125,2213,48.00,0133,0233,60.00,0.00,,0.00,218.00,1744.00,0.00,55.00,0.00,5.00,0.00
2024,1,1,29,1,2024-01-29,F9,N269BA,2108,MIA,"Miami, FL",FL,SEA,"Seattle, WA",WA,2207,2159,-8.00,0048,0033,-15.00,0.00,,0.00,131.00,1048.00,,,,,
2024,1,1,21,7,2024-01-21,DL,N242FA,2772,SFO,"San Francisco, CA",CA,SEA,"Seattle, WA",WA,1423,1419,-4.00,1758,1744,-14.00,0.00,,0.00,185.00,1480.00,,,,,
2024,1,1,22,1,2024-01-22,B6,N131BG,2489,PHX,"Phoenix, AZ",AZ,ATL,"Atlanta, GA",GA,1724,1720,-4.00,2316,2304,-12.00,0.00,,0.00,322.00,2576.00,,,,,
2024,1,1,29,1,2024-01-29,DL,N494GD,1013,ORD,"Chicago, IL",IL,ATL,"Atlanta, GA",GA,0525,0513,-12.00,0757,0749,-8.00,0.00,,0.00,122.00,976.00,,,,,
2024,1,1,29,1,2024-01-29,AA,N940EB,818,SEA,"Seattle, WA",WA,DFW,"Dallas/Fort Worth, TX",TX,1245,1247,2.00,1800,1803,3.00,0.00,,0.00,285.00,2280.00,,,,,
2024,1,1,20,6,2024-01-20,UA,N455DF,2236,BOS,"Boston, MA",MA,IAH,"Houston, TX",TX,0715,1042,207.00,0928,1244,196.00,0.00,,0.00,103.00,824.00,25.00,28.00,1.00,139.00,3.00
2024,1,1,15,1,2024-01-15,F9,N694CF,1063,SEA,"Seattle, WA",WA,PHX,"Phoenix, AZ",AZ,1434,1636,122.00,2002,2207,125.00,0.00,,0.00,298.00,2384.00,1.00,0.00,107.00,3.00,14.00
2024,1,1,1,1,2024-01-01,B6,N376BE,963,DFW,"Dallas/Fort Worth, TX",TX,PHX,"Phoenix, AZ",AZ,0635,0627,-8.00,1052,1045,-7.00,0.00,,0.00,227.00,1816.00,,,,,
2024,1,1,20,6,2024-01-20,F9,N969FA,1532,SEA,"Seattle, WA",WA,ATL,"Atlanta, GA",GA,1511,1510,-1.00,2033,2024,-9.00,0.00,,0.00,292.00,2336.00,,,,,
2024,1,1,26,5,2024-01-26,NK,N222AD,701,JFK,"New York, NY",NY,IAH,"Houston, TX",TX,0635,0635,0.00,1025,1020,-5.00,0.00,,0.00,200.00,1600.00,,,,,
2024,1,1,28,7,2024-01-28,WN,N996FG,605,PHX,"Phoenix, AZ",AZ,IAH,"Houston, TX",TX,0551,0551,0.00,1051,1053,2.00,0.00,,0.00,270.00,2160.00,,,,,
2024,1,1,16,2,2024-01-16,WN,N910AC,770,DEN,"Denver, CO",CO,BOS,"Boston, MA",MA,2059,2300,121.00,0225,0420,115.00,0.00,,0.00,296.00,2368.00,10.00,11.00,4.00,17.00,73.00
2024,1,1,11,4,2024-01-11,AS,N955EF,2024,DEN,"Denver, CO",CO,SEA,"Seattle, WA",WA,0526,0514,-12.00,0741,0720,-21.00,0.00,,0.00,105.00,840.00,,,,,
2024,1,1,4,4,2024-01-04,AA,N558AC,1839,ATL,"Atlanta, GA",GA,LAX,"Los Angeles, CA",CA,1534,1525,-9.00,2040,2032,-8.00,0.00,,0.00,276.00,2208.00,,,,,
2024,1,1,21,7,2024-01-21,UA,N323DC,1413,MIA,"Miami, FL",FL,ORD,"Chicago, IL",IL,1904,1853,-11.00,0053,0038,-15.00,0.00,,0.00,319.00,2552.00,,,,,
2024,1,1,19,5,2024-01-19,DL,N706CG,2858,ATL,"Atlanta, GA",GA,DFW,"Dallas/Fort Worth, TX",TX,1055,1051,-4.00,1355,1357,2.00,0.00,,0.00,150.00,1200.00,,,,,
2024,1,1,10,3,2024-01-10,F9,N452FA,2539,LAX,"Los Angeles, CA",CA,SFO,"San Francisco, CA",CA,0706,0650,-16.00,0908,0901,-7.00,0.00,,0.00,92.00,736.00,,,,,
2024,1,1,14,7,2024-01-14,UA,N343AA,1610,IAH,"Houston, TX",TX,BOS,"Boston, MA",MA,1403,1457,54.00,1757,1840,43.00,0.00,,0.00,204.00,1632.00,1.00,0.00,42.00,0.00,0.00
2024,1,1,16,2,2024-01-16,UA,N803GD,926,SFO,"San Francisco, CA",CA,ATL,"Atlanta, GA",GA,1440,1434,-6.00,2003,1958,-5.00,0.00,,0.00,293.00,2344.00,,,,,
2024,1,1,24,3,2024-01-24,AS,N229FB,2593,ATL,"Atlanta, GA",GA,DEN,"Denver, CO",CO,1058,1241,103.00,1311,1456,105.00,0.00,,0.00,103.00,824.00,30.00,41.00,23.00,2.00,9.00
2024,1,1,14,7,2024-01-14,F9,N896CE,2432,BOS,"Boston, MA",MA,SFO,"San Francisco, CA",CA,0710,0709,-1.00,1243,1251,8.00,0.00,,0.00,303.00,2424.00,,,,,
2024,1,1,8,1,2024-01-08,B6,N439FA,975,PHX,"Phoenix, AZ",AZ,MIA,"Miami, FL",FL,0833,0820,-13.00,1417,1414,-3.00,0.00,,0.00,314.00,2512.00,,,,,
2024,1,1,15,1,2024-01-15,B6,N763CA,1271,LAX,"Los Angeles, CA",CA,IAH,"Houston, TX",TX,1126,1123,-3.00,1707,1704,-3.00,0.00,,0.00,311.00,2488.00,,,,,
2024,1,1,18,4,2024-01-18,NK,N742ED,1072,MIA,"Miami, FL",FL,DEN,"Denver, CO",CO,1904,2244,220.00,2209,0145,216.00,0.00,,0.00,155.00,1240.00,27.00,4.00,45.00,138.00,2.00
2024,1,1,1,1,2024-01-01,DL,N487GA,1373,DEN,"Denver, CO",CO,BOS,"Boston, MA",MA,1720,1725,5.00,1916,1925,9.00,0.00,,0.00,86.00,688.00,,,,,
2024,1,1,18,4,2024-01-18,DL,N556CA,1337,SFO,"San Francisco, CA",CA,ORD,"Chicago, IL",IL,0550,0538,-12.00,1045,1039,-6.00,0.00,,0.00,265.00,2120.00,,,,,
2024,1,1,28,7,2024-01-28,WN,N110AE,1334,LAX,"Los Angeles, CA",CA,ATL,"Atlanta, GA",GA,1436,1433,-3.00,1757,1755,-2.00,0.00,,0.00,171.00,1368.00,,,,,
2024,1,1,14,7,2024-01-14,NK,N774BF,2330,DEN,"Denver, CO",CO,LAX,"Los Angeles, CA",CA,1944,1953,9.00,0108,0110,2.00,0.00,,0.00,294.00,2352.00,,,,,
2024,1,1,12,5,2024-01-12,AS,N953GG,1890,LAX,"Los Angeles, CA",CA,ORD,"Chicago, IL",IL,1957,1959,2.00,2358,0010,12.00,0.00,,0.00,211.00,1688.00,,,,,
2024,1,1,6,6,2024-01-06,DL,N782GD,813,DEN,"Denver, CO",CO,ORD,"Chicago, IL",IL,0855,0936,41.00,1239,1330,51.00,0.00,,0.00,194.00,1552.00,32.00,8.00,0.00,4.00,7.00
2024,1,1,11,4,2024-01-11,UA,N342CD,2512,DFW,"Dallas/Fort Worth, TX",TX,MIA,"Miami, FL",FL,1351,1343,-8.00,1656,1700,4.00,0.00,,0.00,155.00,1240.00,,,,,
2024,1,1,20,6,2024-01-20,WN,N296FF,1318,JFK,"New York, NY",NY,ATL,"Atlanta, GA",GA,1347,1340,-7.00,1521,1517,-4.00,0.00,,0.00,64.00,512.00,,,,,
2024,1,1,13,6,2024-01-13,DL,N291CC,1827,PHX,"Phoenix, AZ",AZ,ATL,"Atlanta, GA",GA,1053,1045,-8.00,1524,1523,-1.00,0.00,,0.00,241.00,1928.00,,,,,
2024,1,1,26,5,2024-01-26,AA,N807GC,836,LAX,"Los Angeles, CA",CA,ORD,"Chicago, IL",IL,1333,1332,-1.00,1617,1625,8.00,0.00,,0.00,134.00,1072.00,,,,,
2024,1,1,31,3,2024-01-31,B6,N130BF,1693,MIA,"Miami, FL",FL,SEA,"Seattle, WA",WA,1204,1542,218.00,1505,1848,223.00,0.00,,0.00,151.00,1208.00,71.00,26.00,0.00,0.00,126.00
2024,1,1,18,4,2024-01-18,WN,N214CD,648,SEA,"Seattle, WA",WA,PHX,"Phoenix, AZ",AZ,0854,1253,239.00,1240,1650,250.00,0.00,,0.00,196.00,1568.00,1.00,32.00,215.00,1.00,1.00
2024,1,1,21,7,2024-01-21,F9,N458ED,1945,BOS,"Boston, MA",MA,DFW,"Dallas/Fort Worth, TX",TX,1001,0957,-4.00,1541,1531,-10.00,0.00,,0.00,310.00,2480.00,,,,,
2024,1,1,3,3,2024-01-03,DL,N865FC,943,DEN,"Denver, CO",CO,JFK,"New York, NY",NY,1607,1601,-6.00,2111,2056,-15.00,0.00,,0.00,274.00,2192.00,,,,,
2024,1,1,11,4,2024-01-11,DL,N521CB,911,LAX,"Los Angeles, CA",CA,JFK,"New York, NY",NY,1245,1244,-1.00,1718,1705,-13.00,0.00,,0.00,243.00,1944.00,,,,,
2024,1,1,24,3,2024-01-24,WN,N119EG,378,ATL,"Atlanta, GA",GA,IAH,"Houston, TX",TX,0926,0917,-9.00,1206,1205,-1.00,0.00,,0.00,130.00,1040.00,,,,,
2024,1,1,28,7,2024-01-28,F9,N748EC,132,IAH,"Houston, TX",TX,LAX,"Los Angeles, CA",CA,1650,1658,8.00,2032,2043,11.00,0.00,,0.00,192.00,1536.00,,,,,
2024,1,1,3,3,2024-01-03,WN,N657FB,709,DFW,"Dallas/Fort Worth, TX",TX,DEN,"Denver, CO",CO,1942,1935,-7.00,0054,0057,3.00,0.00,,0.00,282.00,2256.00,,,,,
2024,1,1,20,6,2024-01-20,F9,N785FE,111,ATL,"Atlanta, GA",GA,BOS,"Boston, MA",MA,0726,0731,5.00,1153,1210,17.00,0.00,,0.00,237.00,1896.00,0.00,12.00,0.00,0.00,5.00
2024,1,1,2,2,2024-01-02,UA,N176BB,2420,DFW,"Dallas/Fort Worth, TX",TX,LAX,"Los Angeles, CA",CA,1107,1104,-3.00,1447,1440,-7.00,0.00,,0.00,190.00,1520.00,,,,,
2024,1,1,19,5,2024-01-19,NK,N883AG,1163,LAX,"Los Angeles, CA",CA,MIA,"Miami, FL",FL,1700,1659,-1.00,2210,2201,-9.00,0.00,,0.00,280.00,2240.00,,,,,
2024,1,1,6,6,2024-01-06,UA,N158EC,2608,DFW,"Dallas/Fort Worth, TX",TX,JFK,"New York, NY",NY,1453,1816,203.00,2004,2331,207.00,0.00,,0.00,281.00,2248.00,0.00,13.00,15.00,0.00,179.00
2024,1,1,16,2,2024-01-16,NK,N623DF,1,JFK,"New York, NY",NY,ATL,"Atlanta, GA",GA,0810,0810,0.00,1401,1407,6.00,0.00,,0.00,321.00,2568.00,,,,,
2024,1,1,17,3,2024-01-17,DL,N776DC,512,ORD,"Chicago, IL",IL,BOS,"Boston, MA",MA,0830,0825,-5.00,1401,1348,-13.00,0.00,,0.00,301.00,2408.00,,,,,
2024,1,1,17,3,2024-01-17,AA,N211EF,2577,ATL,"Atlanta, GA",GA,BOS,"Boston, MA",MA,1209,1205,-4.00,1526,1532,6.00,0.00,,0.00,167.00,1336.00,,,,,
2024,1,1,8,1,2024-01-08,NK,N151CD,2653,JFK,"New York, NY",NY,BOS,"Boston, MA",MA,0739,0735,-4.00,1123,1116,-7.00,0.00,,0.00,194.00,1552.00,,,,,
2024,1,1,15,1,2024-01-15,AA,N254GF,2734,JFK,"New York, NY",NY,ORD,"Chicago, IL",IL,1243,1243,0.00,1630,1642,12.00,0.00,,0.00,197.00,1576.00,,,,,
2024,1,1,21,7,2024-01-21,DL,N242FA,2772,SFO,"San Francisco, CA",CA,SEA,"Seattle, WA",WA,1423,1419,-4.00,1758,1744,-14.00,0.00,,0.00,185.00,1480.00,,,,,
2024,1,1,24,3,2024-01-24,DL,N954BG,2534,DEN,"Denver, CO",CO,ORD,"Chicago, IL",IL,1203,1202,-1.00,1530,1538,8.00,0.00,,0.00,177.00,1416.00,,,,,
2024,1,1,2,2,2024-01-02,WN,N907EE,1904,PHX,"Phoenix, AZ",AZ,MIA,"Miami, FL",FL,1937,1934,-3.00,2343,2351,8.00,0.00,,0.00,216.00,1728.00,,,,,
2024,1,1,14,7,2024-01-14,AS,N651AG,2751,BOS,"Boston, MA",MA,JFK,"New York, NY",NY,1824,1822,-2.00,2035,2033,-2.00,0.00,,0.00,101.00,808.00,,,,,
2024,1,1,30,2,2024-01-30,UA,N810FA,2429,BOS,"Boston, MA",MA,DEN,"Denver, CO",CO,0547,0547,0.00,1122,1130,8.00,0.00,,0.00,305.00,2440.00,,,,,
2024,1,1,15,1,2024-01-15,NK,N950ED,652,LAX,"Los Angeles, CA",CA,JFK,"New York, NY",NY,1549,1546,-3.00,2105,2110,5.00,0.00,,0.00,286.00,-1,,,,,
2024,1,1,19,5,2024-01-19,F9,N548FC,924,BOS,"Boston, MA",MA,DEN,"Denver, CO",CO,1140,1141,1.00,1519,1514,-5.00,0.00,,0.00,189.00,1512.00,,,,,
2024,1,1,8,1,2024-01-08,B6,N572EF,456,PHX,"Phoenix, AZ",AZ,MIA,"Miami, FL",FL,2008,0006,238.00,2341,0332,231.00,0.00,,0.00,183.00,1464.00,9.00,191.00,26.00,2.00,3.00
2024,1,1,24,3,2024-01-24,B6,N689BD,2414,JFK,"New York, NY",NY,LAX,"Los Angeles, CA",CA,1643,1648,5.00,2132,2135,3.00,0.00,,0.00,259.00,2072.00,,,,,
2024,1,1,14,7,2024-01-14,AS,N362CF,2412,JFK,"New York, NY",NY,SEA,"Seattle, WA",WA,0831,0834,3.00,1242,1240,-2.00,0.00,,0.00,221.00,1768.00,,,,,
2024,1,1,23,2,2024-01-23,AS,N515EB,1037,ATL,"Atlanta, GA",GA,ORD,"Chicago, IL",IL,2159,2207,8.00,2329,2345,16.00,0.00,,0.00,60.00,480.00,7.00,0.00,3.00,5.00,1.00
2024,1,1,3,3,2024-01-03,AS,N925EF,854,LAX,"Los Angeles, CA",CA,JFK,"New York, NY",NY,1752,,,2212,,,1.00,C,0.00,,1840.00,,,,,
2024,1,1,9,2,2024-01-09,AS,N361AF,2994,DFW,"Dallas/Fort Worth, TX",TX,IAH,"Houston, TX",TX,1916,1913,-3.00,2125,2123,-2.00,0.00,,0.00,99.00,792.00,,,,,
2024,1,1,5,5,2024-01-05,F9,N283DG,1574,BOS,"Boston, MA",MA,DFW,"Dallas/Fort Worth, TX",TX,1158,1146,-12.00,1448,1444,-4.00,0.00,,0.00,140.00,1120.00,,,,,
2024,1,1,30,2,2024-01-30,UA,N685BD,1558,DEN,"Denver, CO",CO,IAH,"Houston, TX",TX,1218,1212,-6.00,1406,1409,3.00,0.00,,0.00,78.00,624.00,,,,,
2024,1,1,12,5,2024-01-12,DL,N157CC,1302,MIA,"Miami, FL",FL,IAH,"Houston, TX",TX,0745,0845,60.00,1226,1314,48.00,0.00,,0.00,251.00,2008.00,2.00,35.00,0.00,9.00,2.00
2024,1,1,15,1,2024-01-15,F9,N707EF,1782,BOS,"Boston, MA",MA,LAX,"Los Angeles, CA",CA,0544,0542,-2.00,1058,1103,5.00,0.00,,0.00,284.00,2272.00,,,,,
2024,1,1,5,5,2024-01-05,WN,N801GC,2422,SFO,"San Francisco, CA",CA,ATL,"Atlanta, GA",GA,1100,1109,9.00,1542,1602,20.00,0.00,,0.00,252.00,2016.00,9.00,7.00,2.00,2.00,0.00
2024,1,1,23,2,2024-01-23,F9,N943AG,399,PHX,"Phoenix, AZ",AZ,MIA,"Miami, FL",FL,1647,1647,0.00,1922,1921,-1.00,0.00,,0.00,125.00,1000.00,,,,,
2024,1,1,29,1,2024-01-29,WN,N592EF,545,IAH,"Houston, TX",TX,MIA,"Miami, FL",FL,0704,0705,1.00,1110,1107,-3.00,0.00,,0.00,216.00,1728.00,,,,,
2024,1,1,29,1,2024-01-29,DL,N717EF,777,MIA,"Miami, FL",FL,DEN,"Denver, CO",CO,0815,0814,-1.00,1232,1219,-13.00,0.00,,0.00,227.00,1816.00,,,,,
2024,1,1,1,1,2024-01-01,AS,N117FG,2754,DEN,"Denver, CO",CO,DFW,"Dallas/Fort Worth, TX",TX,1357,1358,1.00,1751,1756,5.00,0.00,,0.00,204.00,1632.00,,,,,
2024,1,1,27,6,2024-01-27,DL,N219AC,2354,IAH,"Houston, TX",TX,PHX,"Phoenix, AZ",AZ,1014,1014,0.00,1306,1255,-11.00,0.00,,0.00,142.00,1136.00,,,,,
2024,1,1,15,1,2024-01-15,AA,N580BG,1325,DEN,"Denver, CO",CO,DFW,"Dallas/Fort Worth, TX",TX,2038,2037,-1.00,2251,2251,0.00,0.00,,0.00,103.00,824.00,,,,,
2024,1,1,2,2,2024-01-02,AS,N694DF,328,SEA,"Seattle, WA",WA,MIA,"Miami, FL",FL,2129,2143,14.00,0207,0233,26.00,0.00,,0.00,248.00,1984.00,4.00,0.00,7.00,15.00,0.00
2024,1,1,18,4,2024-01-18,UA,N672CF,2531,MIA,"Miami, FL",FL,JFK,"New York, NY",NY,1528,1526,-2.00,2112,2106,-6.00,0.00,,0.00,314.00,2512.00,,,,,
2024,1,1,2,2,2024-01-02,AS,N779FC,2160,DFW,"Dallas/Fort Worth, TX",TX,SEA,"Seattle, WA",WA,2123,2119,-4.00,2343,2343,0.00,0.00,,0.00,110.00,880.00,,,,,
2024,1,1,6,6,2024-01-06,B6,N188DF,2702,DEN,"Denver, CO",CO,PHX,"Phoenix, AZ",AZ,1655,1646,-9.00,2112,2054,-18.00,0.00,,0.00,227.00,1816.00,,,,,
2024,1,1,12,5,2024-01-12,DL,N508CC,285,ORD,"Chicago, IL",IL,DEN,"Denver, CO",CO,1236,1230,-6.00,1418,1417,-1.00,0.00,,0.00,72.00,576.00,,,,,
2024,1,1,14,7,2024-01-14,DL,N320ED,787,ATL,"Atlanta, GA",GA,BOS,"Boston, MA",MA,0711,0705,-6.00,0915,0912,-3.00,0.00,,0.00,94.00,752.00,,,,,
2024,1,1,19,5,2024-01-19,UA,N720AC,510,JFK,"New York, NY",NY,BOS,"Boston, MA",MA,1639,1834,115.00,1923,2106,103.00,0.00,,0.00,134.00,1072.00,70.00,17.00,0.00,16.00,0.00
2024,1,1,9,2,2024-01-09,NK,N144FF,1037,SEA,"Seattle, WA",WA,PHX,"Phoenix, AZ",AZ,1423,1433,10.00,1958,2014,16.00,0.00,,0.00,305.00,2440.00,5.00,0.00,4.00,7.00,0.00
2024,1,1,16,2,2024-01-16,B6,N530DG,1948,IAH,"Houston, TX",TX,SFO,"San Francisco, CA",CA,0937,0936,-1.00,1240,1251,11.00,0.00,,0.00,153.00,1224.00,,,,,
2024,1,1,14,7,2024-01-14,B6,N471DF,1507,JFK,"New York, NY",NY,PHX,"Phoenix, AZ",AZ,1324,1319,-5.00,1716,1718,2.00,0.00,,0.00,202.00,1616.00,,,,,
2024,1,1,15,1,2024-01-15,AS,N357FE,2737,DFW,"Dallas/Fort Worth, TX",TX,LAX,"Los Angeles, CA",CA,1514,1805,171.00,1644,1942,178.00,0.00,,0.00,60.00,480.00,124.00,1.00,1.00,0.00,52.00
2024,1,1,21,7,2024-01-21,AS,N842DA,2544,IAH,"Houston, TX",TX,JFK,"New York, NY",NY,1400,1353,-7.00,1755,1737,-18.00,0.00,,0.00,205.00,1640.00,,,,,
2024,1,1,28,7,2024-01-28,AS,N832GE,2651,ATL,"Atlanta, GA",GA,SFO,"San Francisco, CA",CA,1914,1913,-1.00,2257,2258,1.00,0.00,,0.00,193.00,1544.00,,,,,
2024,1,1,26,5,2024-01-26,F9,N772CD,260,ORD,"Chicago, IL",IL,PHX,"Phoenix, AZ",AZ,1837,1829,-8.00,2204,2152,-12.00,0.00,,0.00,177.00,1416.00,,,,,
2024,1,1,15,1,2024-01-15,B6,N157CG,1608,IAH,"Houston, TX",TX,SEA,"Seattle, WA",WA,1616,1622,6.00,1827,1827,0.00,0.00,,0.00,101.00,808.00,,,,,
2024,1,1,20,6,2024-01-20,WN,N895GC,976,SEA,"Seattle, WA",WA,LAX,"Los Angeles, CA",CA,1121,1106,-15.00,1330,1321,-9.00,0.00,,0.00,99.00,792.00,,,,,
2024,1,1,30,2,2024-01-30,WN,N548ED,496,BOS,"Boston, MA",MA,DEN,"Denver, CO",CO,1538,1542,4.00,2032,2042,10.00,0.00,,0.00,264.00,2112.00,,,,,
2024,1,1,9,2,2024-01-09,UA,N962EE,2240,PHX,"Phoenix, AZ",AZ,SFO,"San Francisco, CA",CA,1715,1828,73.00,1927,2031,64.00,0.00,,0.00,102.00,816.00,44.00,10.00,2.00,2.00,6.00
2024,1,1,5,5,2024-01-05,NK,N625FG,1466,SEA,"Seattle, WA",WA,IAH,"Houston, TX",TX,0921,1254,213.00,1330,1655,205.00,0.00,,0.00,219.00,1752.00,7.00,94.00,37.00,1.00,66.00
2024,1,1,6,6,2024-01-06,B6,N959EC,2628,DEN,"Denver, CO",CO,SEA,"Seattle, WA",WA,2205,2148,-17.00,0402,0336,-26.00,0.00,,0.00,327.00,2616.00,,,,,
2024,1,1,22,1,2024-01-22,AA,N126BG,1534,DEN,"Denver, CO",CO,SEA,"Seattle, WA",WA,1909,1906,-3.00,2055,2045,-10.00,0.00,,0.00,76.00,608.00,,,,,
2024,1,1,31,3,2024-01-31,NK,N918GB,1749,LAX,"Los Angeles, CA",CA,DEN,"Denver, CO",CO,1916,1915,-1.00,2225,2218,-7.00,0.00,,0.00,159.00,1272.00,,,,,
2024,1,1,15,1,2024-01-15,WN,N720EE,860,LAX,"Los Angeles, CA",CA,MIA,"Miami, FL",FL,2144,2143,-1.00,0154,0145,-9.00,0.00,,0.00,220.00,1760.00,,,,,
2024,1,1,17,3,2024-01-17,AA,N379AA,2975,DEN,"Denver, CO",CO,DFW,"Dallas/Fort Worth, TX",TX,1508,1503,-5.00,1654,1648,-6.00,0.00,,0.00,76.00,608.00,,,,,
2024,1,1,15,1,2024-01-15,DL,N504GE,1075,LAX,"Los Angeles, CA",CA,MIA,"Miami, FL",FL,1515,1515,0.00,1650,1658,8.00,0.00,,0.00,65.00,520.00,,,,,
2024,1,1,2,2,2024-01-02,UA,N287CD,852,DEN,"Denver, CO",CO,IAH,"Houston, TX",TX,1534,1532,-2.00,2058,2102,4.00,0.00,,0.00,294.00,2352.00,,,,,
2024,1,1,14,7,2024-01-14,AS,N573GA,1599,DEN,"Denver, CO",CO,SFO,"San Francisco, CA",CA,1534,1728,114.00,1912,2059,107.00,0.00,,0.00,188.00,1504.00,5.00,1.00,51.00,0.00,50.00
2024,1,1,25,4,2024-01-25,B6,N990BE,2693,ORD,"Chicago, IL",IL,DFW,"Dallas/Fort Worth, TX",TX,1658,1654,-4.00,1831,1838,7.00,0.00,,0.00,63.00,504.00,,,,,
2024,1,1,27,6,2024-01-27,WN,N220BC,480,PHX,"Phoenix, AZ",AZ,ORD,"Chicago, IL",IL,0753,0742,-11.00,1031,1024,-7.00,0.00,,0.00,128.00,1024.00,,,,,
2024,1,1,22,1,2024-01-22,WN,N107FE,1261,SEA,"Seattle, WA",WA,LAX,"Los Angeles, CA",CA,1432,1432,0.00,1807,1816,9.00,0.00,,0.00,185.00,1480.00,,,,,
2024,1,1,13,6,2024-01-13,F9,N853CF,363,DEN,"Denver, CO",CO,ATL,"Atlanta, GA",GA,1634,1622,-12.00,1827,1825,-2.00,0.00,,0.00,83.00,664.00,,,,,
2024,1,1,4,4,2024-01-04,AA,N252DG,1518,BOS,"Boston, MA",MA,DFW,"Dallas/Fort Worth, TX",TX,1911,1904,-7.00,2242,2229,-13.00,0.00,,0.00,181.00,1448.00,,,,,
2024,1,1,18,4,2024-01-18,WN,N354DF,2653,BOS,"Boston, MA",MA,ATL,"Atlanta, GA",GA,1204,1201,-3.00,1709,1655,-14.00,0.00,,0.00,275.00,2200.00,,,,,
2024,1,1,20,6,2024-01-20,UA,N948CD,2881,BOS,"Boston, MA",MA,DFW,"Dallas/Fort Worth, TX",TX,0546,0641,55.00,0910,1002,52.00,0.00,,0.00,174.00,1392.00,39.00,0.00,8.00,5.00,0.00
2024,1,1,8,1,2024-01-08,WN,N170EC,2568,LAX,"Los Angeles, CA",CA,ORD,"Chicago, IL",IL,0805,0753,-12.00,1247,1223,-24.00,0.00,,0.00,252.00,2016.00,,,,,
2024,1,1,11,4,2024-01-11,DL,N856DC,2968,SFO,"San Francisco, CA",CA,BOS,"Boston, MA",MA,1119,1119,0.00,1427,1434,7.00,0.00,,0.00,158.00,1264.00,,,,,
2024,1,1,5,5,2024-01-05,AS,N566DF,2358,SEA,"Seattle, WA",WA,IAH,"Houston, TX",TX,1321,1314,-7.00,1854,1855,1.00,0.00,,0.00,303.00,-1,,,,,
2024,1,1,16,2,2024-01-16,AS,N606BB,1367,MIA,"Miami, FL",FL,DFW,"Dallas/Fort Worth, TX",TX,0601,0559,-2.00,0801,0747,-14.00,0.00,,0.00,90.00,720.00,,,,,
2024,1,1,11,4,2024-01-11,AS,N881BB,1259,PHX,"Phoenix, AZ",AZ,IAH,"Houston, TX",TX,1114,1109,-5.00,1423,1415,-8.00,0.00,,0.00,159.00,1272.00,,,,,
2024,1,1,3,3,2024-01-03,NK,N887BG,2996,BOS,"Boston, MA",MA,SEA,"Seattle, WA",WA,1208,1211,3.00,1653,1656,3.00,0.00,,0.00,255.00,2040.00,,,,,
2024,1,1,21,7,2024-01-21,DL,N914AA,2809,ORD,"Chicago, IL",IL,DEN,"Denver, CO",CO,1952,1954,2.00,0032,0040,8.00,0.00,,0.00,250.00,2000.00,,,,,
2024,1,1,14,7,2024-01-14,B6,N411BB,1322,BOS,"Boston, MA",MA,SEA,"Seattle, WA",WA,0914,0917,3.00,1509,1509,0.00,0.00,,0.00,325.00,2600.00,,,,,
2024,1,1,10,3,2024-01-10,AS,N870BB,2655,SFO,"San Francisco, CA",CA,ORD,"Chicago, IL",IL,2129,2234,65.00,2325,0030,65.00,0.00,,0.00,86.00,688.00,0.00,9.00,0.00,47.00,9.00
2024,1,1,18,4,2024-01-18,AS,N303AA,2915,ORD,"Chicago, IL",IL,BOS,"Boston, MA",MA,1104,1302,118.00,1557,1751,114.00,0.00,,0.00,263.00,2104.00,24.00,17.00,49.00,6.00,18.00
2024,1,1,9,2,2024-01-09,UA,N859GD,1944,SFO,"San Francisco, CA",CA,LAX,"Los Angeles, CA",CA,0534,0539,5.00,0923,0929,6.00,0.00,,0.00,199.00,1592.00,,,,,
2024,1,1,3,3,2024-01-03,AS,N836ED,452,SFO,"San Francisco, CA",CA,ATL,"Atlanta, GA",GA,0504,0452,-12.00,1010,0958,-12.00,0.00,,0.00,276.00,2208.00,,,,,
2024,1,1,5,5,2024-01-05,AS,N613EA,2129,DEN,"Denver, CO",CO,ATL,"Atlanta, GA",GA,0747,0741,-6.00,1251,1250,-1.00,0.00,,0.00,274.00,2192.00,,,,,
2024,1,1,26,5,2024-01-26,DL,N354GC,289,LAX,"Los Angeles, CA",CA,PHX,"Phoenix, AZ",AZ,1918,2008,50.00,0008,0058,50.00,0.00,,0.00,260.00,2080.00,44.00,4.00,0.00,0.00,2.00
2024,1,1,14,7,2024-01-14,B6,N574GF,1851,ORD,"Chicago, IL",IL,MIA,"Miami, FL",FL,0651,0651,0.00,1245,1255,10.00,0.00,,0.00,324.00,2592.00,,,,,
2024,1,1,21,7,2024-01-21,UA,N530GC,1523,SFO,"San Francisco, CA",CA,DEN,"Denver, CO",CO,1707,1657,-10.00,2031,2012,-19.00,0.00,,0.00,174.00,1392.00,,,,,
2024,1,1,5,5,2024-01-05,AS,N589EA,2319,PHX,"Phoenix, AZ",AZ,LAX,"Los Angeles, CA",CA,2224,2226,2.00,0108,0111,3.00,0.00,,0.00,134.00,1072.00,,,,,
2024,1,1,31,3,2024-01-31,WN,N815CA,1373,SEA,"Seattle, WA",WA,LAX,"Los Angeles, CA",CA,2258,0226,208.00,0226,0547,201.00,0.00,,0.00,178.00,1424.00,59.00,6.00,56.00,13.00,67.00
2024,1,1,22,1,2024-01-22,F9,N682AA,2757,DFW,"Dallas/Fort Worth, TX",TX,ATL,"Atlanta, GA",GA,1800,1759,-1.00,2219,2223,4.00,0.00,,0.00,229.00,1832.00,,,,,
2024,1,1,31,3,2024-01-31,AS,N691EB,634,ORD,"Chicago, IL",IL,MIA,"Miami, FL",FL,1539,1545,6.00,2009,2014,5.00,0.00,,0.00,240.00,1920.00,,,,,
2024,1,1,26,5,2024-01-26,DL,N249GF,613,DEN,"Denver, CO",CO,BOS,"Boston, MA",MA,1945,1940,-5.00,0030,0033,3.00,0.00,,0.00,255.00,2040.00,,,,,
2024,1,1,7,7,2024-01-07,F9,N381DG,320,BOS,"Boston, MA",MA,PHX,"Phoenix, AZ",AZ,1122,1108,-14.00,1305,1254,-11.00,0.00,,0.00,73.00,584.00,,,,,
2024,1,1,19,5,2024-01-19,NK,N648FG,1945,DEN,"Denver, CO",CO,BOS,"Boston, MA",MA,0704,0656,-8.00,1152,1141,-11.00,0.00,,0.00,258.00,2064.00,,,,,
2024,1,1,16,2,2024-01-16,UA,N293AA,952,DFW,"Dallas/Fort Worth, TX",TX,ATL,"Atlanta, GA",GA,2009,2010,1.00,2149,2148,-1.00,0.00,,0.00,70.00,560.00,,,,,
2024,1,1,14,7,2024-01-14,B6,N356DA,1995,PHX,"Phoenix, AZ",AZ,DFW,"Dallas/Fort Worth, TX",TX,1116,1104,-12.00,1249,1226,-23.00,0.00,,0.00,63.00,504.00,,,,,
2024,1,1,18,4,2024-01-18,WN,N125AF,2682,DEN,"Denver, CO",CO,ATL,"Atlanta, GA",GA,1303,1258,-5.00,1814,1817,3.00,0.00,,0.00,281.00,2248.00,,,,,
2024,1,1,15,1,2024-01-15,WN,N314FC,2875,PHX,"Phoenix, AZ",AZ,DFW,"Dallas/Fort Worth, TX",TX,1033,1033,0.00,1512,1519,7.00,0.00,,0.00,249.00,1992.00,,,,,
2024,1,1,17,3,2024-01-17,DL,N540DB,1695,MIA,"Miami, FL",FL,ATL,"Atlanta, GA",GA,0823,0820,-3.00,1051,1049,-2.00,0.00,,0.00,118.00,944.00,,,,,
2024,1,1,13,6,2024-01-13,NK,N326BG,1454,MIA,"Miami, FL",FL,DEN,"Denver, CO",CO,2112,2158,46.00,2244,2325,41.00,0.00,,0.00,62.00,496.00,2.00,5.00,0.00,0.00,34.00
2024,1,1,14,7,2024-01-14,B6,N519DA,1075,ATL,"Atlanta, GA",GA,LAX,"Los Angeles, CA",CA,2008,2354,226.00,2158,0133,215.00,0.00,,0.00,80.00,640.00,39.00,36.00,122.00,1.00,17.00
2024,1,1,21,7,2024-01-21,F9,N442CF,411,DFW,"Dallas/Fort Worth, TX",TX,SEA,"Seattle, WA",WA,1025,1019,-6.00,1530,1517,-13.00,0.00,,0.00,275.00,2200.00,,,,,
2024,1,1,4,4,2024-01-04,DL,N691AE,959,SEA,"Seattle, WA",WA,BOS,"Boston, MA",MA,1636,1632,-4.00,2211,2157,-14.00,0.00,,0.00,305.00,2440.00,,,,,
2024,1,1,27,6,2024-01-27,NK,N156GB,2707,BOS,"Boston, MA",MA,LAX,"Los Angeles, CA",CA,0836,0836,0.00,1051,1042,-9.00,0.00,,0.00,105.00,840.00,,,,,
2024,1,1,15,1,2024-01-15,F9,N988FB,262,BOS,"Boston, MA",MA,PHX,"Phoenix, AZ",AZ,0657,0653,-4.00,1124,1131,7.00,0.00,,0.00,237.00,1896.00,,,,,
2024,1,1,11,4,2024-01-11,DL,N986FA,2739,BOS,"Boston, MA",MA,PHX,"Phoenix, AZ",AZ,1122,1126,4.00,1522,1527,5.00,0.00,,0.00,210.00,1680.00,,,,,
2024,1,1,9,2,2024-01-09,WN,N268CA,1548,PHX,"Phoenix, AZ",AZ,DFW,"Dallas/Fort Worth, TX",TX,1924,1930,6.00,0019,0032,13.00,0.00,,0.00,265.00,2120.00,,,,,
2024,1,1,26,5,2024-01-26,NK,N593BF,2395,LAX,"Los Angeles, CA",CA,SEA,"Seattle, WA",WA,2220,2223,3.00,0206,0203,-3.00,0.00,,0.00,196.00,1568.00,,,,,
2024,1,1,2,2,2024-01-02,DL,N138GD,756,JFK,"New York, NY",NY,IAH,"Houston, TX",TX,0843,0845,2.00,1110,1111,1.00,0.00,,0.00,117.00,936.00,,,,,
2024,1,1,20,6,2024-01-20,WN,N117AA,1338,JFK,"New York, NY",NY,ORD,"Chicago, IL",IL,1033,1034,1.00,1308,1307,-1.00,0.00,,0.00,125.00,1000.00,,,,,
2024,1,1,26,5,2024-01-26,AA,N216EF,927,DFW,"Dallas/Fort Worth, TX",TX,PHX,"Phoenix, AZ",AZ,1618,1618,0.00,2044,2033,-11.00,0.00,,0.00,236.00,1888.00,,,,,
2024,1,1,19,5,2024-01-19,UA,N895EE,115,BOS,"Boston, MA",MA,IAH,"Houston, TX",TX,0838,0833,-5.00,1322,1324,2.00,0.00,,0.00,254.00,2032.00,,,,,
2024,1,1,19,5,2024-01-19,AS,N741GG,1883,JFK,"New York, NY",NY,DFW,"Dallas/Fort Worth, TX",TX,0639,,,0832,,,1.00,B,0.00,,664.00,,,,,
2024,1,1,23,2,2024-01-23,NK,N971GE,133,ORD,"Chicago, IL",IL,LAX,"Los Angeles, CA",CA,1103,1057,-6.00,1233,1234,1.00,0.00,,0.00,60.00,480.00,,,,,
2024,1,1,23,2,2024-01-23,B6,N882CE,276,PHX,"Phoenix, AZ",AZ,JFK,"New York, NY",NY,1536,1537,1.00,2031,2025,-6.00,0.00,,0.00,265.00,2120.00,,,,,
2024,1,1,7,7,2024-01-07,WN,N255BG,1154,ORD,"Chicago, IL",IL,IAH,"Houston, TX",TX,0532,0724,112.00,0710,0911,121.00,0.00,,0.00,68.00,544.00,12.00,11.00,16.00,74.00,8.00
2024,1,1,26,5,2024-01-26,AA,N528AD,1431,LAX,"Los Angeles, CA",CA,IAH,"Houston, TX",TX,1714,1714,0.00,2002,2009,7.00,0.00,,0.00,138.00,1104.00,,,,,
2024,1,1,23,2,2024-01-23,B6,N516FD,1956,JFK,"New York, NY",NY,SFO,"San Francisco, CA",CA,0941,0937,-4.00,1113,1058,-15.00,0.00,,0.00,62.00,496.00,,,,,
2024,1,1,12,5,2024-01-12,AS,N132AD,2465,MIA,"Miami, FL",FL,SEA,"Seattle, WA",WA,1447,1451,4.00,1940,1945,5.00,0.00,,0.00,263.00,2104.00,,,,,
2024,1,1,29,1,2024-01-29,B6,N795DG,958,ATL,"Atlanta, GA",GA,ORD,"Chicago, IL",IL,1908,2243,215.00,0037,0402,205.00,0.00,,0.00,299.00,2392.00,0.00,0.00,132.00,0.00,73.00
2024,1,1,24,3,2024-01-24,F9,N560AG,1029,DEN,"Denver, CO",CO,IAH,"Houston, TX",TX,1848,1841,-7.00,2243,2243,0.00,0.00,,0.00,205.00,1640.00,,,,,
2024,1,1,16,2,2024-01-16,AA,N658AF,2929,DFW,"Dallas/Fort Worth, TX",TX,ATL,"Atlanta, GA",GA,0544,0542,-2.00,0840,0831,-9.00,0.00,,0.00,146.00,1168.00,,,,,
2024,1,1,17,3,2024-01-17,UA,N305GF,2532,SEA,"Seattle, WA",WA,ORD,"Chicago, IL",IL,1048,1040,-8.00,1248,1228,-20.00,0.00,,0.00,90.00,720.00,,,,,
2024,1,1,17,3,2024-01-17,AS,N651GD,2774,DEN,"Denver, CO",CO,ORD,"Chicago, IL",IL,1140,1134,-6.00,1321,1313,-8.00,0.00,,0.00,71.00,568.00,,,,,
2024,1,1,29,1,2024-01-29,AS,N952CE,819,PHX,"Phoenix, AZ",AZ,MIA,"Miami, FL",FL,0928,1144,136.00,1401,1613,132.00,0.00,,0.00,243.00,1944.00,24.00,6.00,0.00,55.00,47.00
2024,1,1,31,3,2024-01-31,DL,N731FD,212,MIA,"Miami, FL",FL,ATL,"Atlanta, GA",GA,1315,1307,-8.00,1805,1749,-16.00,0.00,,0.00,260.00,2080.00,,,,,
2024,1,1,31,3,2024-01-31,B6,N411ED,1827,MIA,"Miami, FL",FL,PHX,"Phoenix, AZ",AZ,0827,0828,1.00,1203,1203,0.00,0.00,,0.00,186.00,1488.00,,,,,
2024,1,1,4,4,2024-01-04,B6,N540BA,1263,SFO,"San Francisco, CA",CA,LAX,"Los Angeles, CA",CA,0613,1008,235.00,1052,1436,224.00,0.00,,0.00,249.00,1992.00,11.00,104.00,90.00,0.00,19.00
2024,1,1,31,3,2024-01-31,AA,N262CE,2062,LAX,"Los Angeles, CA",CA,JFK,"New York, NY",NY,2038,2307,149.00,0029,0258,149.00,0.00,,0.00,201.00,1608.00,2.00,0.00,0.00,3.00,144.00
2024,1,1,5,5,2024-01-05,AA,N825GG,1755,LAX,"Los Angeles, CA",CA,DEN,"Denver, CO",CO,2105,2105,0.00,2303,2311,8.00,0.00,,0.00,88.00,704.00,,,,,
2024,1,1,13,6,2024-01-13,UA,N567BC,1526,PHX,"Phoenix, AZ",AZ,SFO,"San Francisco, CA",CA,1633,2012,219.00,1950,2336,226.00,0.00,,0.00,167.00,1336.00,6.00,3.00,8.00,203.00,6.00
2024,1,1,20,6,2024-01-20,AS,N135AA,2341,PHX,"Phoenix, AZ",AZ,SFO,"San Francisco, CA",CA,2004,2007,3.00,2346,2357,11.00,0.00,,0.00,192.00,1536.00,,,,,
2024,1,1,11,4,2024-01-11,B6,N984DG,2369,JFK,"New York, NY",NY,SEA,"Seattle, WA",WA,1852,1849,-3.00,2023,2031,8.00,0.00,,0.00,61.00,488.00,,,,,
2024,1,1,22,1,2024-01-22,F9,N735GG,1355,PHX,"Phoenix, AZ",AZ,IAH,"Houston, TX",TX,1256,1616,200.00,1620,1931,191.00,0.00,,0.00,174.00,1392.00,71.00,111.00,1.00,6.00,2.00
2024,1,1,4,4,2024-01-04,AA,N785EB,2614,MIA,"Miami, FL",FL,IAH,"Houston, TX",TX,1310,1301,-9.00,1644,1633,-11.00,0.00,,0.00,184.00,1472.00,,,,,
2024,1,1,29,1,2024-01-29,WN,N918AC,2065,ATL,"Atlanta, GA",GA,SEA,"Seattle, WA",WA,0928,0933,5.00,1238,1233,-5.00,0.00,,0.00,160.00,1280.00,,,,,
2024,1,1,23,2,2024-01-23,AA,N603FE,1409,DFW,"Dallas/Fort Worth, TX",TX,JFK,"New York, NY",NY,1112,1301,109.00,1631,1810,99.00,0.00,,0.00,289.00,2312.00,1.00,19.00,25.00,40.00,14.00
2024,1,1,3,3,2024-01-03,F9,N966BC,1428,JFK,"New York, NY",NY,SFO,"San Francisco, CA",CA,1659,1652,-7.00,2234,2218,-16.00,0.00,,0.00,305.00,2440.00,,,,,
2024,1,1,26,5,2024-01-26,UA,N967EB,151,MIA,"Miami, FL",FL,JFK,"New York, NY",NY,1148,1141,-7.00,1531,1515,-16.00,0.00,,0.00,193.00,1544.00,,,,,
2024,1,1,4,4,2024-01-04,AS,N406BF,203,ORD,"Chicago, IL",IL,DEN,"Denver, CO",CO,0945,0938,-7.00,1206,1205,-1.00,0.00,,0.00,111.00,888.00,,,,,
2024,1,1,18,4,2024-01-18,UA,N491ED,407,MIA,"Miami, FL",FL,SEA,"Seattle, WA",WA,0612,0606,-6.00,0920,0914,-6.00,0.00,,0.00,158.00,1264.00,,,,,
2024,1,1,21,7,2024-01-21,F9,N499CB,1968,DEN,"Denver, CO",CO,JFK,"New York, NY",NY,1151,1210,19.00,1542,1613,31.00,0.00,,0.00,201.00,1608.00,4.00,7.00,1.00,8.00,11.00
2024,1,1,11,4,2024-01-11,UA,N724DB,1010,LAX,"Los Angeles, CA",CA,JFK,"New York, NY",NY,1641,1653,12.00,2112,2136,24.00,0.00,,0.00,241.00,1928.00,0.00,5.00,15.00,0.00,4.00
2024,1,1,11,4,2024-01-11,F9,N931GG,2097,PHX,"Phoenix, AZ",AZ,DEN,"Denver, CO",CO,1610,1610,0.00,1935,1944,9.00,0.00,,0.00,175.00,1400.00,,,,,
2024,1,1,1,1,2024-01-01,DL,N655CE,1305,MIA,"Miami, FL",FL,BOS,"Boston, MA",MA,2232,0212,220.00,0054,0431,217.00,0.00,,0.00,112.00,896.00,2.00,57.00,2.00,0.00,156.00
2024,1,1,3,3,2024-01-03,AA,N201BF,2995,DFW,"Dallas/Fort Worth, TX",TX,PHX,"Phoenix, AZ",AZ,1322,1317,-5.00,1857,1901,4.00,0.00,,0.00,305.00,2440.00,,,,,
2024,1,1,26,5,2024-01-26,F9,N360GD,1613,DEN,"Denver, CO",CO,MIA,"Miami, FL",FL,1844,1839,-5.00,2134,2128,-6.00,0.00,,0.00,140.00,1120.00,,,,,
2024,1,1,13,6,2024-01-13,AA,N335AB,809,MIA,"Miami, FL",FL,SFO,"San Francisco, CA",CA,1221,1226,5.00,1535,1549,14.00,0.00,,0.00,164.00,1312.00,,,,,
2024,1,1,16,2,2024-01-16,F9,N752GD,2947,LAX,"Los Angeles, CA",CA,JFK,"New York, NY",NY,1234,1232,-2.00,1740,1737,-3.00,0.00,,0.00,276.00,2208.00,,,,,
2024,1,1,2,2,2024-01-02,F9,N369AG,2849,SFO,"San Francisco, CA",CA,BOS,"Boston, MA",MA,1812,2035,143.00,2326,0145,139.00,0.00,,0.00,284.00,2272.00,2.00,78.00,22.00,0.00,37.00
2024,1,1,30,2,2024-01-30,AS,N513GA,1278,SFO,"San Francisco, CA",CA,BOS,"Boston, MA",MA,1508,1459,-9.00,1910,1910,0.00,0.00,,0.00,212.00,1696.00,,,,,
2024,1,1,3,3,2024-01-03,NK,N680AE,629,DEN,"Denver, CO",CO,PHX,"Phoenix, AZ",AZ,1730,1920,110.00,2205,2357,112.00,0.00,,0.00,245.00,1960.00,59.00,35.00,15.00,3.00,0.00
2024,1,1,28,7,2024-01-28,NK,N897AF,2292,ATL,"Atlanta, GA",GA,SEA,"Seattle, WA",WA,1457,1738,161.00,1958,2243,165.00,0.00,,0.00,271.00,2168.00,48.00,77.00,4.00,34.00,2.00
2024,1,1,25,4,2024-01-25,UA,N563GB,566,DEN,"Denver, CO",CO,ORD,"Chicago, IL",IL,1834,1842,8.00,2259,2318,19.00,0.00,,0.00,235.00,1880.00,0.00,1.00,3.00,9.00,6.00
2024,1,1,28,7,2024-01-28,B6,N930DD,411,DEN,"Denver, CO",CO,SFO,"San Francisco, CA",CA,0808,0754,-14.00,1120,1111,-9.00,0.00,,0.00,162.00,1296.00,,,,,
2024,1,1,16,2,2024-01-16,F9,N662BC,2162,SFO,"San Francisco, CA",CA,BOS,"Boston, MA",MA,0917,0914,-3.00,1152,1143,-9.00,0.00,,0.00,125.00,1000.00,,,,,
2024,1,1,1,1,2024-01-01,F9,N521CB,420,LAX,"Los Angeles, CA",CA,BOS,"Boston, MA",MA,1436,1438,2.00,1916,1923,7.00,0.00,,0.00,250.00,2000.00,,,,,
2024,1,1,1,1,2024-01-01,WN,N673EF,856,BOS,"Boston, MA",MA,SEA,"Seattle, WA",WA,0935,1116,101.00,1430,1618,108.00,0.00,,0.00,265.00,2120.00,11.00,32.00,1.00,64.00,0.00
2024,1,1,3,3,2024-01-03,F9,N957EA,842,ATL,"Atlanta, GA",GA,SEA,"Seattle, WA",WA,2119,2125,6.00,2338,2335,-3.00,0.00,,0.00,109.00,872.00,,,,,
2024,1,1,30,2,2024-01-30,B6,N527GB,149,SFO,"San Francisco, CA",CA,PHX,"Phoenix, AZ",AZ,1255,1256,1.00,1444,1448,4.00,0.00,,0.00,79.00,632.00,,,,,
2024,1,1,26,5,2024-01-26,UA,N343DG,2733,BOS,"Boston, MA",MA,JFK,"New York, NY",NY,1137,1146,9.00,1602,1615,13.00,0.00,,0.00,235.00,1880.00,,,,,
2024,1,1,4,4,2024-01-04,NK,N790BD,1228,LAX,"Los Angeles, CA",CA,BOS,"Boston, MA",MA,1029,1023,-6.00,1555,1547,-8.00,0.00,,0.00,296.00,2368.00,,,,,
2024,1,1,8,1,2024-01-08,AS,N695CE,673,MIA,"Miami, FL",FL,JFK,"New York, NY",NY,0514,0519,5.00,0942,0954,12.00,0.00,,0.00,238.00,1904.00,,,,,
2024,1,1,29,1,2024-01-29,DL,N127AE,2430,MIA,"Miami, FL",FL,ATL,"Atlanta, GA",GA,0906,0903,-3.00,1425,1427,2.00,0.00,,0.00,289.00,2312.00,,,,,
2024,1,1,26,5,2024-01-26,DL,N844AG,1928,ORD,"Chicago, IL",IL,LAX,"Los Angeles, CA",CA,2220,2220,0.00,0400,0353,-7.00,0.00,,0.00,310.00,2480.00,,,,,
2024,1,1,6,6,2024-01-06,B6,N341AG,801,ORD,"Chicago, IL",IL,BOS,"Boston, MA",MA,2103,2101,-2.00,0209,0200,-9.00,0.00,,0.00,276.00,2208.00,,,,,
2024,1,1,23,2,2024-01-23,F9,N585BB,792,PHX,"Phoenix, AZ",AZ,DFW,"Dallas/Fort Worth, TX",TX,1116,1121,5.00,1604,1557,-7.00,0.00,,0.00,258.00,2064.00,,,,,
2024,1,1,24,3,2024-01-24,B6,N854GC,437,MIA,"Miami, FL",FL,DEN,"Denver, CO",CO,0651,0700,9.00,0835,0855,20.00,0.00,,0.00,74.00,592.00,0.00,9.00,5.00,6.00,0.00
2024,1,1,22,1,2024-01-22,F9,N245AF,1944,SFO,"San Francisco, CA",CA,LAX,"Los Angeles, CA",CA,1123,1118,-5.00,1543,1534,-9.00,0.00,,0.00,230.00,1840.00,,,,,
2024,1,1,22,1,2024-01-22,WN,N701CF,1738,BOS,"Boston, MA",MA,LAX,"Los Angeles, CA",CA,0731,0725,-6.00,1247,1238,-9.00,0.00,,0.00,286.00,2288.00,,,,,
2024,1,1,30,2,2024-01-30,WN,N962FB,2397,JFK,"New York, NY",NY,ORD,"Chicago, IL",IL,1333,1345,12.00,1817,1822,5.00,0.00,,0.00,254.00,2032.00,,,,,
2024,1,1,28,7,2024-01-28,B6,N740CE,2186,SFO,"San Francisco, CA",CA,ORD,"Chicago, IL",IL,1142,1137,-5.00,1532,1533,1.00,0.00,,0.00,200.00,1600.00,,,,,
2024,1,1,16,2,2024-01-16,UA,N819GD,292,ORD,"Chicago, IL",IL,SEA,"Seattle, WA",WA,1254,1630,216.00,1651,2035,224.00,0.00,,0.00,207.00,1656.00,31.00,9.00,2.00,17.00,165.00
2024,1,1,25,4,2024-01-25,F9,N521FC,1819,LAX,"Los Angeles, CA",CA,JFK,"New York, NY",NY,0946,0939,-7.00,1349,1339,-10.00,0.00,,0.00,213.00,1704.00,,,,,
2024,1,1,10,3,2024-01-10,F9,N270EB,2916,SEA,"Seattle, WA",WA,LAX,"Los Angeles, CA",CA,1703,1656,-7.00,2058,2044,-14.00,0.00,,0.00,205.00,1640.00,,,,,
2024,1,1,14,7,2024-01-14,F9,N946GD,1797,BOS,"Boston, MA",MA,ATL,"Atlanta, GA",GA,0851,0840,-11.00,1104,1046,-18.00,0.00,,0.00,103.00,824.00,,,,,
2024,1,1,28,7,2024-01-28,UA,N619CF,533,DFW,"Dallas/Fort Worth, TX",TX,SEA,"Seattle, WA",WA,1250,1246,-4.00,1801,1808,7.00,0.00,,0.00,281.00,2248.00,,,,,
2024,1,1,3,3,2024-01-03,WN,N205AC,2708,ATL,"Atlanta, GA",GA,MIA,"Miami, FL",FL,1109,1100,-9.00,1509,1510,1.00,0.00,,0.00,210.00,1680.00,,,,,
2024,1,1,20,6,2024-01-20,F9,N201AE,2536,SFO,"San Francisco, CA",CA,SEA,"Seattle, WA",WA,1130,1131,1.00,1438,1450,12.00,0.00,,0.00,158.00,1264.00,,,,,
2024,1,1,27,6,2024-01-27,DL,N274GF,646,SEA,"Seattle, WA",WA,MIA,"Miami, FL",FL,0945,0940,-5.00,1443,1440,-3.00,0.00,,0.00,268.00,2144.00,,,,,
2024,1,1,3,3,2024-01-03,UA,N391FF,2179,ATL,"Atlanta, GA",GA,PHX,"Phoenix, AZ",AZ,1310,1310,0.00,1904,1901,-3.00,0.00,,0.00,324.00,2592.00,,,,,
2024,1,1,16,2,2024-01-16,AA,N967AD,549,MIA,"Miami, FL",FL,PHX,"Phoenix, AZ",AZ,2103,2101,-2.00,0059,0057,-2.00,0.00,,0.00,206.00,1648.00,,,,,
2024,1,1,6,6,2024-01-06,DL,N940AF,2298,LAX,"Los Angeles, CA",CA,DEN,"Denver, CO",CO,1127,,,1625,,,1.00,B,0.00,,2144.00,,,,,
2024,1,1,19,5,2024-01-19,UA,N279DA,370,LAX,"Los Angeles, CA",CA,MIA,"Miami, FL",FL,1125,1117,-8.00,1707,1647,-20.00,0.00,,0.00,312.00,2496.00,,,,,
2024,1,1,2,2,2024-01-02,NK,N845CG,448,PHX,"Phoenix, AZ",AZ,IAH,"Houston, TX",TX,0821,0821,0.00,1022,1024,2.00,0.00,,0.00,91.00,728.00,,,,,
2024,1,1,4,4,2024-01-04,B6,N690BE,323,ORD,"Chicago, IL",IL,DFW,"Dallas/Fort Worth, TX",TX,1551,1552,1.00,1824,1830,6.00,0.00,,0.00,123.00,984.00,,,,,
2024,1,1,17,3,2024-01-17,F9,N374FE,2517,LAX,"Los Angeles, CA",CA,MIA,"Miami, FL",FL,2202,0041,159.00,0121,0411,170.00,0.00,,0.00,169.00,1352.00,61.00,19.00,2.00,87.00,1.00
2024,1,1,25,4,2024-01-25,DL,N694EC,522,ATL,"Atlanta, GA",GA,SFO,"San Francisco, CA",CA,0947,1346,239.00,1351,1747,236.00,0.00,,0.00,214.00,1712.00,119.00,0.00,0.00,103.00,14.00
2024,1,1,14,7,2024-01-14,AS,N685DA,535,SEA,"Seattle, WA",WA,PHX,"Phoenix, AZ",AZ,1013,1011,-2.00,1157,1203,6.00,0.00,,0.00,74.00,592.00,,,,,
2024,1,1,12,5,2024-01-12,WN,N539GB,1466,ATL,"Atlanta, GA",GA,SEA,"Seattle, WA",WA,0854,0844,-10.00,1156,1145,-11.00,0.00,,0.00,152.00,1216.00,,,,,
2024,1,1,7,7,2024-01-07,DL,N686BF,2085,SFO,"San Francisco, CA",CA,IAH,"Houston, TX",TX,0525,0521,-4.00,0729,0720,-9.00,0.00,,0.00,94.00,752.00,,,,,
2024,1,1,23,2,2024-01-23,B6,N923FE,1903,SEA,"Seattle, WA",WA,SFO,"San Francisco, CA",CA,1930,1928,-2.00,2252,2241,-11.00,0.00,,0.00,172.00,1376.00,,,,,
2024,1,1,24,3,2024-01-24,B6,N945AC,41,DFW,"Dallas/Fort Worth, TX",TX,ATL,"Atlanta, GA",GA,1200,1200,0.00,1654,1648,-6.00,0.00,,0.00,264.00,2112.00,,,,,
2024,1,1,31,3,2024-01-31,F9,N952GA,1514,BOS,"Boston, MA",MA,IAH,"Houston, TX",TX,1139,1420,161.00,1312,1554,162.00,0.00,,0.00,63.00,504.00,3.00,113.00,3.00,30.00,13.00
2024,1,1,20,6,2024-01-20,AS,N311EG,2084,SFO,"San Francisco, CA",CA,DEN,"Denver, CO",CO,1430,1424,-6.00,1712,1655,-17.00,0.00,,0.00,132.00,1056.00,,,,,
2024,1,1,28,7,2024-01-28,B6,N629GB,233,ORD,"Chicago, IL",IL,IAH,"Houston, TX",TX,1511,1759,168.00,1817,2105,168.00,0.00,,0.00,156.00,1248.00,1.00,33.00,75.00,1.00,58.00
2024,1,1,25,4,2024-01-25,AA,N907AF,2940,DEN,"Denver, CO",CO,PHX,"Phoenix, AZ",AZ,1205,1529,204.00,1405,1718,193.00,0.00,,0.00,90.00,720.00,8.00,46.00,74.00,61.00,4.00
2024,1,1,20,6,2024-01-20,NK,N430EG,2032,JFK,"New York, NY",NY,IAH,"Houston, TX",TX,2052,2050,-2.00,2339,2331,-8.00,0.00,,0.00,137.00,1096.00,,,,,
2024,1,1,1,1,2024-01-01,B6,N221BB,1205,IAH,"Houston, TX",TX,PHX,"Phoenix, AZ",AZ,1931,1914,-17.00,2223,2209,-14.00,0.00,,0.00,142.00,1136.00,,,,,
2024,1,1,30,2,2024-01-30,UA,N505BF,2644,ORD,"Chicago, IL",IL,DEN,"Denver, CO",CO,1543,1538,-5.00,1915,1922,7.00,0.00,,0.00,182.00,1456.00,,,,,
2024,1,1,6,6,2024-01-06,DL,N387BG,2472,IAH,"Houston, TX",TX,SEA,"Seattle, WA",WA,0644,0645,1.00,1208,1219,11.00,0.00,,0.00,294.00,2352.00,,,,,
2024,1,1,15,1,2024-01-15,B6,N112AG,379,PHX,"Phoenix, AZ",AZ,LAX,"Los Angeles, CA",CA,1340,1536,116.00,1716,1922,126.00,0.00,,0.00,186.00,1488.00,54.00,16.00,16.00,19.00,21.00
2024,1,1,28,7,2024-01-28,NK,N700AC,1237,BOS,"Boston, MA",MA,DFW,"Dallas/Fort Worth, TX",TX,0728,1050,202.00,1209,1532,203.00,0.00,,0.00,251.00,2008.00,13.00,4.00,11.00,170.00,5.00
2024,1,1,10,3,2024-01-10,DL,N217AA,627,PHX,"Phoenix, AZ",AZ,ORD,"Chicago, IL",IL,0513,0513,0.00,1051,1054,3.00,0.00,,0.00,308.00,2464.00,,,,,
2024,1,1,3,3,2024-01-03,NK,N257DD,126,DFW,"Dallas/Fort Worth, TX",TX,SEA,"Seattle, WA",WA,1952,1954,2.00,0049,0048,-1.00,0.00,,0.00,267.00,2136.00,,,,,
2024,1,1,20,6,2024-01-20,AS,N115CB,378,IAH,"Houston, TX",TX,BOS,"Boston, MA",MA,1047,1048,1.00,1337,1341,4.00,0.00,,0.00,140.00,1120.00,,,,,
2024,1,1,7,7,2024-01-07,F9,N271AE,1037,MIA,"Miami, FL",FL,DFW,"Dallas/Fort Worth, TX",TX,1745,1746,1.00,1947,1952,5.00,0.00,,0.00,92.00,736.00,,,,,
2024,1,1,30,2,2024-01-30,B6,N155EG,1734,BOS,"Boston, MA",MA,ORD,"Chicago, IL",IL,1834,1825,-9.00,2157,2157,0.00,0.00,,0.00,173.00,1384.00,,,,,
2024,1,1,18,4,2024-01-18,UA,N274FC,1597,MIA,"Miami, FL",FL,ATL,"Atlanta, GA",GA,2249,0222,213.00,0247,0624,217.00,0.00,,0.00,208.00,1664.00,1.00,7.00,43.00,143.00,23.00
2024,1,1,7,7,2024-01-07,UA,N241BC,2027,DEN,"Denver, CO",CO,LAX,"Los Angeles, CA",CA,2237,2234,-3.00,0229,0230,1.00,0.00,,0.00,202.00,1616.00,,,,,
2024,1,1,15,1,2024-01-15,AA,N887AG,2107,ATL,"Atlanta, GA",GA,SEA,"Seattle, WA",WA,0846,0841,-5.00,1038,1044,6.00,0.00,,0.00,82.00,656.00,,,,,
2024,1,1,15,1,2024-01-15,AA,N867BG,786,MIA,"Miami, FL",FL,DEN,"Denver, CO",CO,1120,1319,119.00,1432,1633,121.00,0.00,,0.00,162.00,1296.00,25.00,8.00,48.00,3.00,37.00
2024,1,1,9,2,2024-01-09,DL,N605DG,2265,PHX,"Phoenix, AZ",AZ,BOS,"Boston, MA",MA,1457,1457,0.00,1701,1713,12.00,0.00,,0.00,94.00,752.00,,,,,
2024,1,1,30,2,2024-01-30,AA,N181AC,884,JFK,"New York, NY",NY,LAX,"Los Angeles, CA",CA,2100,2054,-6.00,0219,0224,5.00,0.00,,0.00,289.00,2312.00,,,,,
2024,1,1,16,2,2024-01-16,DL,N390FB,1508,PHX,"Phoenix, AZ",AZ,ORD,"Chicago, IL",IL,1354,1345,-9.00,1656,1635,-21.00,0.00,,0.00,152.00,1216.00,,,,,
2024,1,1,8,1,2024-01-08,AS,N535FG,458,ORD,"Chicago, IL",IL,LAX,"Los Angeles, CA",CA,1209,1212,3.00,1445,1500,15.00,0.00,,0.00,126.00,1008.00,11.00,0.00,2.00,1.00,1.00
2024,1,1,29,1,2024-01-29,UA,N307FB,1712,LAX,"Los Angeles, CA",CA,DEN,"Denver, CO",CO,2230,2224,-6.00,0413,0414,1.00,0.00,,0.00,313.00,2504.00,,,,,
2024,1,1,22,1,2024-01-22,AA,N484EE,1089,MIA,"Miami, FL",FL,SEA,"Seattle, WA",WA,0818,0812,-6.00,1136,1129,-7.00,0.00,,0.00,168.00,1344.00,,,,,
2024,1,1,12,5,2024-01-12,AA,N607DD,2453,DEN,"Denver, CO",CO,PHX,"Phoenix, AZ",AZ,1433,1429,-4.00,1821,1809,-12.00,0.00,,0.00,198.00,1584.00,,,,,
2024,1,1,25,4,2024-01-25,AS,N439EC,2889,IAH,"Houston, TX",TX,DEN,"Denver, CO",CO,0617,0621,4.00,0856,0855,-1.00,0.00,,0.00,129.00,1032.00,,,,,
2024,1,1,30,2,2024-01-30,F9,N318GD,241,DEN,"Denver, CO",CO,LAX,"Los Angeles, CA",CA,1852,1849,-3.00,0030,0027,-3.00,0.00,,0.00,308.00,2464.00,,,,,
2024,1,1,7,7,2024-01-07,WN,N366CC,2296,ORD,"Chicago, IL",IL,JFK,"New York, NY",NY,0817,1000,103.00,1337,1508,91.00,0.00,,0.00,290.00,2320.00,22.00,20.00,3.00,36.00,10.00
2024,1,1,14,7,2024-01-14,F9,N877AB,330,BOS,"Boston, MA",MA,SEA,"Seattle, WA",WA,0726,0725,-1.00,1246,1257,11.00,0.00,,0.00,290.00,2320.00,,,,,
2024,1,1,3,3,2024-01-03,AS,N844AA,2078,ORD,"Chicago, IL",IL,LAX,"Los Angeles, CA",CA,1142,1425,163.00,1526,1809,163.00,0.00,,0.00,194.00,1552.00,54.00,46.00,18.00,7.00,38.00
2024,1,1,7,7,2024-01-07,AA,N405CA,1901,DFW,"Dallas/Fort Worth, TX",TX,ATL,"Atlanta, GA",GA,1413,1404,-9.00,2012,2000,-12.00,0.00,,0.00,329.00,2632.00,,,,,
2024,1,1,18,4,2024-01-18,B6,N199CA,1814,IAH,"Houston, TX",TX,SEA,"Seattle, WA",WA,1840,1829,-11.00,0006,2346,-20.00,0.00,,0.00,296.00,2368.00,,,,,
2024,1,1,10,3,2024-01-10,F9,N200GF,1924,ORD,"Chicago, IL",IL,DFW,"Dallas/Fort Worth, TX",TX,2230,2229,-1.00,0414,0402,-12.00,0.00,,0.00,314.00,2512.00,,,,,
2024,1,1,3,3,2024-01-03,AS,N655FG,1387,ORD,"Chicago, IL",IL,LAX,"Los Angeles, CA",CA,0527,0530,3.00,0701,0706,5.00,0.00,,0.00,64.00,512.00,,,,,
2024,1,1,6,6,2024-01-06,NK,N318EE,783,SEA,"Seattle, WA",WA,DFW,"Dallas/Fort Worth, TX",TX,2054,2049,-5.00,0121,0127,6.00,0.00,,0.00,237.00,1896.00,,,,,
2024,1,1,10,3,2024-01-10,F9,N245ED,1410,DFW,"Dallas/Fort Worth, TX",TX,ORD,"Chicago, IL",IL,1724,2012,168.00,2229,0110,161.00,0.00,,0.00,275.00,2200.00,0.00,21.00,0.00,112.00,28.00
2024,1,1,8,1,2024-01-08,WN,N591EG,1986,PHX,"Phoenix, AZ",AZ,BOS,"Boston, MA",MA,0539,0547,8.00,1024,1030,6.00,0.00,,0.00,255.00,2040.00,,,,,
2024,1,1,20,6,2024-01-20,AA,N890EG,2607,MIA,"Miami, FL",FL,BOS,"Boston, MA",MA,2042,2311,149.00,0113,0335,142.00,0.00,,0.00,241.00,1928.00,110.00,31.00,0.00,1.00,0.00
2024,1,1,31,3,2024-01-31,NK,N966DF,1043,JFK,"New York, NY",NY,DEN,"Denver, CO",CO,1514,1506,-8.00,1913,1904,-9.00,0.00,,0.00,209.00,1672.00,,,,,
2024,1,1,17,3,2024-01-17,F9,N631DB,1319,ATL,"Atlanta, GA",GA,PHX,"Phoenix, AZ",AZ,2222,2205,-17.00,0303,0249,-14.00,0.00,,0.00,251.00,2008.00,,,,,
2024,1,1,8,1,2024-01-08,UA,N440BG,2581,JFK,"New York, NY",NY,DFW,"Dallas/Fort Worth, TX",TX,2116,2113,-3.00,2341,2331,-10.00,0.00,,0.00,115.00,920.00,,,,,
2024,1,1,30,2,2024-01-30,B6,N593BF,1887,PHX,"Phoenix, AZ",AZ,JFK,"New York, NY",NY,2111,2112,1.00,2259,2258,-1.00,0.00,,0.00,78.00,624.00,,,,,
2024,1,1,24,3,2024-01-24,AA,N153CB,1929,MIA,"Miami, FL",FL,ORD,"Chicago, IL",IL,0729,1035,186.00,0947,1300,193.00,0.00,,0.00,108.00,864.00,101.00,5.00,0.00,2.00,85.00
2024,1,1,13,6,2024-01-13,B6,N225CD,805,IAH,"Houston, TX",TX,ORD,"Chicago, IL",IL,1205,1203,-2.00,1435,1431,-4.00,0.00,,0.00,120.00,960.00,,,,,
2024,1,1,24,3,2024-01-24,F9,N337AC,1514,JFK,"New York, NY",NY,DFW,"Dallas/Fort Worth, TX",TX,0622,0609,-13.00,0944,0931,-13.00,0.00,,0.00,172.00,1376.00,,,,,
2024,1,1,7,7,2024-01-07,AS,N985AD,1669,LAX,"Los Angeles, CA",CA,ATL,"Atlanta, GA",GA,0536,0536,0.00,0848,0843,-5.00,0.00,,0.00,162.00,1296.00,,,,,
2024,1,1,31,3,2024-01-31,AA,N687CD,1961,LAX,"Los Angeles, CA",CA,PHX,"Phoenix, AZ",AZ,2145,2141,-4.00,0007,2352,-15.00,0.00,,0.00,112.00,896.00,,,,,
2024,1,1,6,6,2024-01-06,AS,N661DA,186,PHX,"Phoenix, AZ",AZ,SFO,"San Francisco, CA",CA,0530,0521,-9.00,1108,1051,-17.00,0.00,,0.00,308.00,2464.00,,,,,
2024,1,1,22,1,2024-01-22,NK,N830GE,475,LAX,"Los Angeles, CA",CA,DEN,"Denver, CO",CO,0614,,,1139,,,1.00,A,0.00,,2360.00,,,,,
2024,1,1,15,1,2024-01-15,WN,N807FF,2766,IAH,"Houston, TX",TX,ATL,"Atlanta, GA",GA,2136,2136,0.00,0141,0133,-8.00,0.00,,0.00,215.00,1720.00,,,,,
2024,1,1,5,5,2024-01-05,WN,N982AC,1101,MIA,"Miami, FL",FL,SEA,"Seattle, WA",WA,2129,2116,-13.00,0148,0137,-11.00,0.00,,0.00,229.00,1832.00,,,,,
2024,1,1,16,2,2024-01-16,AA,N517BF,2395,JFK,"New York, NY",NY,SFO,"San Francisco, CA",CA,0839,0833,-6.00,1253,1245,-8.00,0.00,,0.00,224.00,1792.00,,,,,
2024,1,1,15,1,2024-01-15,WN,N273BE,2625,PHX,"Phoenix, AZ",AZ,ATL,"Atlanta, GA",GA,0755,1027,152.00,1247,1526,159.00,0.00,,0.00,262.00,2096.00,147.00,2.00,2.00,3.00,5.00
2024,1,1,13,6,2024-01-13,DL,N681DC,35,DEN,"Denver, CO",CO,PHX,"Phoenix, AZ",AZ,1527,1526,-1.00,1833,1825,-8.00,0.00,,0.00,156.00,1248.00,,,,,
2024,1,1,20,6,2024-01-20,AS,N692AC,2359,IAH,"Houston, TX",TX,SFO,"San Francisco, CA",CA,1035,1231,116.00,1444,1650,126.00,0.00,,0.00,219.00,1752.00,28.00,89.00,3.00,1.00,5.00
2024,1,1,26,5,2024-01-26,NK,N309FB,4,ATL,"Atlanta, GA",GA,IAH,"Houston, TX",TX,1100,1102,2.00,1643,1657,14.00,0.00,,0.00,313.00,2504.00,,,,,
2024,1,1,27,6,2024-01-27,WN,N505BC,2512,IAH,"Houston, TX",TX,ATL,"Atlanta, GA",GA,0552,0548,-4.00,1104,1106,2.00,0.00,,0.00,282.00,2256.00,,,,,
2024,1,1,4,4,2024-01-04,B6,N783DE,954,BOS,"Boston, MA",MA,MIA,"Miami, FL",FL,0915,0909,-6.00,1322,1315,-7.00,0.00,,0.00,217.00,1736.00,,,,,
2024,1,1,3,3,2024-01-03,NK,N346EB,1747,IAH,"Houston, TX",TX,ATL,"Atlanta, GA",GA,2246,0025,99.00,0212,0353,101.00,0.00,,0.00,176.00,1408.00,44.00,39.00,0.00,1.00,17.00
2024,1,1,23,2,2024-01-23,UA,N380EC,483,BOS,"Boston, MA",MA,ATL,"Atlanta, GA",GA,1054,1053,-1.00,1225,1234,9.00,0.00,,0.00,61.00,488.00,,,,,
2024,1,1,2,2,2024-01-02,UA,N175DE,1845,MIA,"Miami, FL",FL,BOS,"Boston, MA",MA,1138,1130,-8.00,1613,1612,-1.00,0.00,,0.00,245.00,1960.00,,,,,
2024,1,1,1,1,2024-01-01,NK,N893GD,1215,ORD,"Chicago, IL",IL,MIA,"Miami, FL",FL,1205,1159,-6.00,1448,1437,-11.00,0.00,,0.00,133.00,1064.00,,,,,
2024,1,1,31,3,2024-01-31,B6,N407EF,2147,MIA,"Miami, FL",FL,ATL,"Atlanta, GA",GA,0558,0925,207.00,0851,1210,199.00,0.00,,0.00,143.00,1144.00,1.00,196.00,1.00,1.00,0.00
2024,1,1,10,3,2024-01-10,DL,N830DG,2871,LAX,"Los Angeles, CA",CA,DEN,"Denver, CO",CO,1636,1635,-1.00,2218,2224,6.00,0.00,,0.00,312.00,2496.00,,,,,
2024,1,1,17,3,2024-01-17,UA,N695CG,1044,ATL,"Atlanta, GA",GA,DFW,"Dallas/Fort Worth, TX",TX,1720,1713,-7.00,1920,1914,-6.00,0.00,,0.00,90.00,720.00,,,,,
2024,1,1,17,3,2024-01-17,F9,N159CF,2240,LAX,"Los Angeles, CA",CA,IAH,"Houston, TX",TX,1159,1155,-4.00,1719,1725,6.00,0.00,,0.00,290.00,2320.00,,,,,
2024,1,1,17,3,2024-01-17,WN,N917ED,1422,DFW,"Dallas/Fort Worth, TX",TX,SEA,"Seattle, WA",WA,2018,2021,3.00,0114,0108,-6.00,0.00,,0.00,266.00,2128.00,,,,,
2024,1,1,27,6,2024-01-27,DL,N587DC,1186,IAH,"Houston, TX",TX,PHX,"Phoenix, AZ",AZ,1312,1533,141.00,1609,1829,140.00,0.00,,0.00,147.00,1176.00,3.00,2.00,106.00,27.00,2.00
2024,1,1,26,5,2024-01-26,NK,N145DE,2631,MIA,"Miami, FL",FL,ATL,"Atlanta, GA",GA,0850,0842,-8.00,1321,1318,-3.00,0.00,,0.00,241.00,1928.00,,,,,
2024,1,1,19,5,2024-01-19,DL,N306GA,621,IAH,"Houston, TX",TX,LAX,"Los Angeles, CA",CA,1849,2033,104.00,2246,0041,115.00,0.00,,0.00,207.00,1656.00,71.00,3.00,26.00,12.00,3.00
2024,1,1,23,2,2024-01-23,NK,N817CD,348,ORD,"Chicago, IL",IL,SFO,"San Francisco, CA",CA,0629,0623,-6.00,0957,0957,0.00,0.00,,0.00,178.00,1424.00,,,,,
2024,1,1,11,4,2024-01-11,DL,N875CC,1210,PHX,"Phoenix, AZ",AZ,SFO,"San Francisco, CA",CA,2038,2031,-7.00,0219,0208,-11.00,0.00,,0.00,311.00,2488.00,,,,,
2024,1,1,31,3,2024-01-31,NK,N926FE,205,BOS,"Boston, MA",MA,SEA,"Seattle, WA",WA,1302,1335,33.00,1729,1804,35.00,0.00,,0.00,237.00,1896.00,10.00,3.00,2.00,11.00,9.00
2024,1,1,6,6,2024-01-06,B6,N408CA,757,JFK,"New York, NY",NY,SEA,"Seattle, WA",WA,1002,1002,0.00,1314,1323,9.00,0.00,,0.00,162.00,1296.00,,,,,
2024,1,1,30,2,2024-01-30,AS,N650BE,1087,SFO,"San Francisco, CA",CA,SEA,"Seattle, WA",WA,2038,2039,1.00,2259,2257,-2.00,0.00,,0.00,111.00,888.00,,,,,
2024,1,1,6,6,2024-01-06,NK,N964AB,1785,MIA,"Miami, FL",FL,JFK,"New York, NY",NY,1721,1719,-2.00,1936,1934,-2.00,0.00,,0.00,105.00,840.00,,,,,
2024,1,1,31,3,2024-01-31,B6,N379FF,2308,JFK,"New York, NY",NY,SEA,"Seattle, WA",WA,1202,1203,1.00,1649,1656,7.00,0.00,,0.00,257.00,2056.00,,,,,
2024,1,1,3,3,2024-01-03,B6,N964DG,448,SFO,"San Francisco, CA",CA,MIA,"Miami, FL",FL,1741,1736,-5.00,1911,1917,6.00,0.00,,0.00,60.00,480.00,,,,,
2024,1,1,22,1,2024-01-22,WN,N922ED,2582,ORD,"Chicago, IL",IL,IAH,"Houston, TX",TX,1411,1420,9.00,1732,1739,7.00,0.00,,0.00,171.00,1368.00,,,,,
2024,1,1,5,5,2024-01-05,WN,N220AD,1725,MIA,"Miami, FL",FL,ORD,"Chicago, IL",IL,1447,1440,-7.00,1911,1907,-4.00,0.00,,0.00,234.00,1872.00,,,,,
2024,1,1,11,4,2024-01-11,DL,N351BF,783,DFW,"Dallas/Fort Worth, TX",TX,PHX,"Phoenix, AZ",AZ,1836,2157,201.00,2114,0044,210.00,0.00,,0.00,128.00,1024.00,9.00,6.00,19.00,12.00,164.00
2024,1,1,12,5,2024-01-12,F9,N259GF,772,IAH,"Houston, TX",TX,ATL,"Atlanta, GA",GA,0837,1101,144.00,1202,1417,135.00,0.00,,0.00,175.00,1400.00,13.00,19.00,0.00,103.00,0.00
2024,1,1,5,5,2024-01-05,WN,N204DB,655,SFO,"San Francisco, CA",CA,JFK,"New York, NY",NY,0523,0522,-1.00,0811,0822,11.00,0.00,,0.00,138.00,1104.00,,,,,
2024,1,1,15,1,2024-01-15,WN,N668EA,854,ATL,"Atlanta, GA",GA,SEA,"Seattle, WA",WA,2247,2253,6.00,0250,0246,-4.00,0.00,,0.00,213.00,1704.00,,,,,
2024,1,1,5,5,2024-01-05,DL,N803FG,1082,ORD,"Chicago, IL",IL,IAH,"Houston, TX",TX,1211,1210,-1.00,1636,1643,7.00,0.00,,0.00,235.00,1880.00,,,,,
2024,1,1,9,2,2024-01-09,AA,N378BA,1428,PHX,"Phoenix, AZ",AZ,SFO,"San Francisco, CA",CA,0705,0847,102.00,1059,1231,92.00,0.00,,0.00,204.00,1632.00,3.00,65.00,20.00,3.00,1.00
2024,1,1,15,1,2024-01-15,AS,N327GF,2542,BOS,"Boston, MA",MA,MIA,"Miami, FL",FL,0856,0852,-4.00,1140,1132,-8.00,0.00,,0.00,134.00,1072.00,,,,,
2024,1,1,4,4,2024-01-04,AA,N338AB,61,ORD,"Chicago, IL",IL,IAH,"Houston, TX",TX,0916,0909,-7.00,1430,1422,-8.00,0.00,,0.00,284.00,2272.00,,,,,
2024,1,1,14,7,2024-01-14,F9,N976CA,305,ATL,"Atlanta, GA",GA,DFW,"Dallas/Fort Worth, TX",TX,1148,1134,-14.00,1508,1457,-11.00,0.00,,0.00,170.00,1360.00,,,,,
2024,1,1,9,2,2024-01-09,AA,N668CB,622,SEA,"Seattle, WA",WA,PHX,"Phoenix, AZ",AZ,1347,1341,-6.00,1835,1821,-14.00,0.00,,0.00,258.00,2064.00,,,,,
2024,1,1,1,1,2024-01-01,F9,N204GG,573,ATL,"Atlanta, GA",GA,JFK,"New York, NY",NY,1331,1338,7.00,1549,1608,19.00,0.00,,0.00,108.00,864.00,8.00,2.00,1.00,0.00,8.00
2024,1,1,26,5,2024-01-26,AA,N755DG,2901,ORD,"Chicago, IL",IL,LAX,"Los Angeles, CA",CA,1449,1449,0.00,1702,1711,9.00,0.00,,0.00,103.00,824.00,,,,,
2024,1,1,3,3,2024-01-03,UA,N407GB,2916,PHX,"Phoenix, AZ",AZ,DFW,"Dallas/Fort Worth, TX",TX,1651,1651,0.00,1854,1849,-5.00,0.00,,0.00,93.00,744.00,,,,,
2024,1,1,30,2,2024-01-30,NK,N789GB,879,DEN,"Denver, CO",CO,IAH,"Houston, TX",TX,1103,1100,-3.00,1418,1423,5.00,0.00,,0.00,165.00,1320.00,,,,,
2024,1,1,17,3,2024-01-17,NK,N274CA,1385,DFW,"Dallas/Fort Worth, TX",TX,SEA,"Seattle, WA",WA,1925,1913,-12.00,0108,0047,-21.00,0.00,,0.00,313.00,2504.00,,,,,
2024,1,1,14,7,2024-01-14,NK,N511CE,2111,PHX,"Phoenix, AZ",AZ,BOS,"Boston, MA",MA,1541,1539,-2.00,1853,1901,8.00,0.00,,0.00,162.00,1296.00,,,,,
2024,1,1,10,3,2024-01-10,DL,N393CE,1308,PHX,"Phoenix, AZ",AZ,DEN,"Denver, CO",CO,1557,1554,-3.00,1909,1857,-12.00,0.00,,0.00,162.00,1296.00,,,,,
2024,1,1,14,7,2024-01-14,UA,N943CF,658,DFW,"Dallas/Fort Worth, TX",TX,SFO,"San Francisco, CA",CA,1156,1155,-1.00,1657,1656,-1.00,0.00,,0.00,271.00,2168.00,,,,,
2024,1,1,29,1,2024-01-29,NK,N229BD,1554,ATL,"Atlanta, GA",GA,ORD,"Chicago, IL",IL,2120,2343,143.00,0229,0456,147.00,0.00,,0.00,279.00,2232.00,3.00,7.00,130.00,0.00,7.00
2024,1,1,25,4,2024-01-25,NK,N209BF,1646,LAX,"Los Angeles, CA",CA,ATL,"Atlanta, GA",GA,1312,1312,0.00,1743,1755,12.00,0.00,,0.00,241.00,1928.00,,,,,
2024,1,1,25,4,2024-01-25,F9,N631FD,1140,PHX,"Phoenix, AZ",AZ,ORD,"Chicago, IL",IL,0622,0613,-9.00,0921,0920,-1.00,0.00,,0.00,149.00,1192.00,,,,,
2024,1,1,24,3,2024-01-24,DL,N270DA,392,DEN,"Denver, CO",CO,PHX,"Phoenix, AZ",AZ,1335,1610,155.00,1545,1809,144.00,0.00,,0.00,100.00,800.00,73.00,6.00,5.00,19.00,41.00
2024,1,1,3,3,2024-01-03,WN,N249GE,582,JFK,"New York, NY",NY,LAX,"Los Angeles, CA",CA,1854,1850,-4.00,0000,2349,-11.00,0.00,,0.00,276.00,2208.00,,,,,
2024,1,1,22,1,2024-01-22,DL,N331GA,1778,PHX,"Phoenix, AZ",AZ,MIA,"Miami, FL",FL,2245,2235,-10.00,0237,0238,1.00,0.00,,0.00,202.00,1616.00,,,,,
2024,1,1,15,1,2024-01-15,NK,N533EC,258,ORD,"Chicago, IL",IL,PHX,"Phoenix, AZ",AZ,2113,2110,-3.00,2356,2341,-15.00,0.00,,0.00,133.00,1064.00,,,,,
2024,1,1,16,2,2024-01-16,DL,N665CG,1160,DEN,"Denver, CO",CO,MIA,"Miami, FL",FL,1158,1146,-12.00,1651,1638,-13.00,0.00,,0.00,263.00,2104.00,,,,,
2024,1,1,29,1,2024-01-29,UA,N851AF,799,BOS,"Boston, MA",MA,DEN,"Denver, CO",CO,1125,1137,12.00,1356,1403,7.00,0.00,,0.00,121.00,968.00,,,,,
2024,1,1,4,4,2024-01-04,AS,N182FD,2044,MIA,"Miami, FL",FL,ORD,"Chicago, IL",IL,1702,1700,-2.00,2012,2011,-1.00,0.00,,0.00,160.00,1280.00,,,,,
2024,1,1,2,2,2024-01-02,UA,N697BB,757,DFW,"Dallas/Fort Worth, TX",TX,PHX,"Phoenix, AZ",AZ,0522,0519,-3.00,0708,0711,3.00,0.00,,0.00,76.00,608.00,,,,,
2024,1,1,8,1,2024-01-08,DL,N722GD,2136,DEN,"Denver, CO",CO,BOS,"Boston, MA",MA,0650,0656,6.00,1027,1021,-6.00,0.00,,0.00,187.00,1496.00,,,,,
2024,1,1,19,5,2024-01-19,NK,N121FE,2842,SEA,"Seattle, WA",WA,JFK,"New York, NY",NY,2156,2156,0.00,0233,0234,1.00,0.00,,0.00,247.00,1976.00,,,,,
2024,1,1,30,2,2024-01-30,WN,N454GG,998,SFO,"San Francisco, CA",CA,DEN,"Denver, CO",CO,1629,1629,0.00,1928,1926,-2.00,0.00,,0.00,149.00,1192.00,,,,,
2024,1,1,28,7,2024-01-28,F9,N250AA,1821,BOS,"Boston, MA",MA,SFO,"San Francisco, CA",CA,1301,1251,-10.00,1740,1735,-5.00,0.00,,0.00,249.00,1992.00,,,,,
2024,1,1,22,1,2024-01-22,UA,N235FB,2648,DEN,"Denver, CO",CO,ORD,"Chicago, IL",IL,0522,0646,84.00,0824,0939,75.00,0.00,,0.00,152.00,1216.00,2.00,46.00,1.00,3.00,23.00
2024,1,1,12,5,2024-01-12,AA,N350AA,1237,DFW,"Dallas/Fort Worth, TX",TX,JFK,"New York, NY",NY,0930,0923,-7.00,1204,1149,-15.00,0.00,,0.00,124.00,992.00,,,,,
2024,1,1,3,3,2024-01-03,DL,N442EG,2601,SEA,"Seattle, WA",WA,SFO,"San Francisco, CA",CA,2045,2045,0.00,0100,0056,-4.00,0.00,,0.00,225.00,1800.00,,,,,
2024,1,1,27,6,2024-01-27,AS,N887GC,94,JFK,"New York, NY",NY,ATL,"Atlanta, GA",GA,0637,0632,-5.00,0929,0918,-11.00,0.00,,0.00,142.00,1136.00,,,,,
2024,1,1,25,4,2024-01-25,DL,N650GF,1783,DEN,"Denver, CO",CO,PHX,"Phoenix, AZ",AZ,1928,2254,206.00,2151,0126,215.00,0.00,,0.00,113.00,904.00,34.00,22.00,45.00,101.00,13.00
2024,1,1,12,5,2024-01-12,UA,N930FG,313,SFO,"San Francisco, CA",CA,ORD,"Chicago, IL",IL,2202,2255,53.00,0240,0345,65.00,0.00,,0.00,248.00,1984.00,0.00,61.00,0.00,0.00,4.00
2024,1,1,18,4,2024-01-18,AS,N897DE,2698,DEN,"Denver, CO",CO,DFW,"Dallas/Fort Worth, TX",TX,1752,1740,-12.00,2223,2208,-15.00,0.00,,0.00,241.00,1928.00,,,,,
2024,1,1,19,5,2024-01-19,AS,N614BD,1126,PHX,"Phoenix, AZ",AZ,SEA,"Seattle, WA",WA,2216,2214,-2.00,0333,0336,3.00,0.00,,0.00,287.00,2296.00,,,,,
2024,1,1,25,4,2024-01-25,NK,N726FE,2433,SEA,"Seattle, WA",WA,MIA,"Miami, FL",FL,1759,1758,-1.00,2209,2218,9.00,0.00,,0.00,220.00,1760.00,,,,,
2024,1,1,14,7,2024-01-14,WN,N589CE,459,DEN,"Denver, CO",CO,IAH,"Houston, TX",TX,0805,0758,-7.00,1354,1338,-16.00,0.00,,0.00,319.00,2552.00,,,,,
2024,1,1,2,2,2024-01-02,B6,N235BA,2766,ATL,"Atlanta, GA",GA,PHX,"Phoenix, AZ",AZ,0731,0723,-8.00,0931,0928,-3.00,0.00,,0.00,90.00,720.00,,,,,
2024,1,1,8,1,2024-01-08,B6,N966AF,1301,JFK,"New York, NY",NY,ORD,"Chicago, IL",IL,1809,1758,-11.00,2027,2027,0.00,0.00,,0.00,108.00,864.00,,,,,
2024,1,1,22,1,2024-01-22,WN,N516FA,888,ORD,"Chicago, IL",IL,SFO,"San Francisco, CA",CA,1803,,,2246,,,1.00,D,0.00,,2024.00,,,,,
2024,1,1,6,6,2024-01-06,UA,N571AF,1842,DEN,"Denver, CO",CO,IAH,"Houston, TX",TX,1144,1149,5.00,1421,1417,-4.00,0.00,,0.00,127.00,1016.00,,,,,
2024,1,1,15,1,2024-01-15,UA,N690EE,1355,DFW,"Dallas/Fort Worth, TX",TX,MIA,"Miami, FL",FL,1742,1737,-5.00,2312,2259,-13.00,0.00,,0.00,300.00,2400.00,,,,,
2024,1,1,26,5,2024-01-26,B6,N431FC,1186,SEA,"Seattle, WA",WA,MIA,"Miami, FL",FL,1658,1924,146.00,2051,2326,155.00,0.00,,0.00,203.00,1624.00,47.00,89.00,4.00,8.00,7.00
2024,1,1,8,1,2024-01-08,DL,N255AE,2393,DEN,"Denver, CO",CO,IAH,"Houston, TX",TX,1406,1406,0.00,1837,1831,-6.00,0.00,,0.00,241.00,1928.00,,,,,
2024,1,1,9,2,2024-01-09,WN,N874DG,2786,ATL,"Atlanta, GA",GA,BOS,"Boston, MA",MA,1604,1603,-1.00,1742,1729,-13.00,0.00,,0.00,68.00,544.00,,,,,
2024,1,1,15,1,2024-01-15,WN,N221BE,1610,ATL,"Atlanta, GA",GA,IAH,"Houston, TX",TX,0744,0750,6.00,1022,1023,1.00,0.00,,0.00,128.00,1024.00,,,,,
2024,1,1,23,2,2024-01-23,AA,N881EE,775,DFW,"Dallas/Fort Worth, TX",TX,IAH,"Houston, TX",TX,1939,1939,0.00,2314,2322,8.00,0.00,,0.00,185.00,1480.00,,,,,
2024,1,1,7,7,2024-01-07,AA,N537FF,2663,PHX,"Phoenix, AZ",AZ,SEA,"Seattle, WA",WA,1337,1542,125.00,1859,2105,126.00,0.00,,0.00,292.00,2336.00,66.00,0.00,46.00,2.00,12.00
2024,1,1,17,3,2024-01-17,AA,N354CA,2128,ORD,"Chicago, IL",IL,DFW,"Dallas/Fort Worth, TX",TX,1051,1046,-5.00,1557,1557,0.00,0.00,,0.00,276.00,2208.00,,,,,
2024,1,1,8,1,2024-01-08,B6,N202BA,353,PHX,"Phoenix, AZ",AZ,DEN,"Denver, CO",CO,2024,2007,-17.00,2233,2218,-15.00,0.00,,0.00,99.00,792.00,,,,,
2024,1,1,17,3,2024-01-17,DL,N599DF,2341,ATL,"Atlanta, GA",GA,LAX,"Los Angeles, CA",CA,0936,0933,-3.00,1512,1459,-13.00,0.00,,0.00,306.00,2448.00,,,,,
2024,1,1,19,5,2024-01-19,AA,N952BD,917,ORD,"Chicago, IL",IL,BOS,"Boston, MA",MA,1416,,,1606,,,1.00,D,0.00,,640.00,,,,,
2024,1,1,10,3,2024-01-10,AA,N564AB,1160,JFK,"New York, NY",NY,ORD,"Chicago, IL",IL,0712,0709,-3.00,1112,1108,-4.00,0.00,,0.00,210.00,1680.00,,,,,
2024,1,1,22,1,2024-01-22,UA,N448GD,305,LAX,"Los Angeles, CA",CA,ORD,"Chicago, IL",IL,1757,1745,-12.00,2045,2034,-11.00,0.00,,0.00,138.00,1104.00,,,,,
2024,1,1,22,1,2024-01-22,NK,N653DG,2880,SFO,"San Francisco, CA",CA,DFW,"Dallas/Fort Worth, TX",TX,0806,0804,-2.00,1103,1106,3.00,0.00,,0.00,147.00,1176.00,,,,,
2024,1,1,11,4,2024-01-11,AS,N702AA,1954,ORD,"Chicago, IL",IL,SEA,"Seattle, WA",WA,0940,1138,118.00,1145,1348,123.00,0.00,,0.00,95.00,760.00,49.00,1.00,21.00,41.00,11.00
2024,1,1,5,5,2024-01-05,DL,N987FF,1201,IAH,"Houston, TX",TX,JFK,"New York, NY",NY,0619,0619,0.00,0820,0824,4.00,0.00,,0.00,91.00,728.00,,,,,
2024,1,1,21,7,2024-01-21,UA,N792DF,587,LAX,"Los Angeles, CA",CA,ATL,"Atlanta, GA",GA,2034,2029,-5.00,2246,2251,5.00,0.00,,0.00,102.00,816.00,,,,,
2024,1,1,21,7,2024-01-21,NK,N335EG,514,JFK,"New York, NY",NY,MIA,"Miami, FL",FL,1251,1255,4.00,1810,1823,13.00,0.00,,0.00,289.00,2312.00,,,,,
2024,1,1,15,1,2024-01-15,NK,N328CB,203,SFO,"San Francisco, CA",CA,IAH,"Houston, TX",TX,1713,1710,-3.00,1953,1949,-4.00,0.00,,0.00,130.00,1040.00,,,,,
2024,1,1,16,2,2024-01-16,WN,N669CF,2766,LAX,"Los Angeles, CA",CA,ATL,"Atlanta, GA",GA,1414,1414,0.00,1750,1743,-7.00,0.00,,0.00,186.00,1488.00,,,,,
2024,1,1,16,2,2024-01-16,F9,N843FG,233,ORD,"Chicago, IL",IL,DFW,"Dallas/Fort Worth, TX",TX,1430,1430,0.00,1831,1840,9.00,0.00,,0.00,211.00,1688.00,,,,,
2024,1,1,3,3,2024-01-03,AA,N841FC,1845,PHX,"Phoenix, AZ",AZ,LAX,"Los Angeles, CA",CA,1256,1238,-18.00,1509,1503,-6.00,0.00,,0.00,103.00,824.00,,,,,
2024,1,1,31,3,2024-01-31,AS,N310EB,1720,DFW,"Dallas/Fort Worth, TX",TX,SEA,"Seattle, WA",WA,1750,1744,-6.00,2157,2143,-14.00,0.00,,0.00,217.00,1736.00,,,,,
2024,1,1,4,4,2024-01-04,AS,N643BD,1021,PHX,"Phoenix, AZ",AZ,MIA,"Miami, FL",FL,2149,,,0059,,,1.00,D,0.00,,1280.00,,,,,
2024,1,1,15,1,2024-01-15,UA,N134FF,2692,SFO,"San Francisco, CA",CA,MIA,"Miami, FL",FL,1817,1817,0.00,1952,1951,-1.00,0.00,,0.00,65.00,520.00,,,,,
2024,1,1,6,6,2024-01-06,AA,N434BA,129,PHX,"Phoenix, AZ",AZ,IAH,"Houston, TX",TX,2234,2226,-8.00,0325,0314,-11.00,0.00,,0.00,261.00,2088.00,,,,,
2024,1,1,24,3,2024-01-24,UA,N377FG,2537,IAH,"Houston, TX",TX,SFO,"San Francisco, CA",CA,1557,1600,3.00,2118,2128,10.00,0.00,,0.00,291.00,2328.00,,,,,
2024,1,1,7,7,2024-01-07,NK,N491EE,1199,JFK,"New York, NY",NY,MIA,"Miami, FL",FL,1959,2039,40.00,2230,2302,32.00,0.00,,0.00,121.00,968.00,0.00,30.00,0.00,2.00,0.00
2024,1,1,12,5,2024-01-12,F9,N525GG,27,DFW,"Dallas/Fort Worth, TX",TX,LAX,"Los Angeles, CA",CA,0911,1053,102.00,1224,1403,99.00,0.00,,0.00,163.00,1304.00,2.00,6.00,0.00,0.00,91.00
2024,1,1,24,3,2024-01-24,DL,N692AA,1736,SEA,"Seattle, WA",WA,ATL,"Atlanta, GA",GA,1341,1341,0.00,1512,1501,-11.00,0.00,,0.00,61.00,488.00,,,,,
2024,1,1,10,3,2024-01-10,B6,N234EG,699,DEN,"Denver, CO",CO,IAH,"Houston, TX",TX,1441,,,1957,,,1.00,C,0.00,,2288.00,,,,,
2024,1,1,7,7,2024-01-07,AA,N161AF,2854,SEA,"Seattle, WA",WA,BOS,"Boston, MA",MA,1745,1821,36.00,2332,0005,33.00,0.00,,0.00,317.00,2536.00,7.00,16.00,1.00,3.00,6.00
2024,1,1,31,3,2024-01-31,AA,N560CB,1393,MIA,"Miami, FL",FL,LAX,"Los Angeles, CA",CA,1615,1615,0.00,2040,2052,12.00,0.00,,0.00,235.00,1880.00,,,,,
2024,1,1,21,7,2024-01-21,F9,N169GG,2894,ATL,"Atlanta, GA",GA,PHX,"Phoenix, AZ",AZ,1203,1202,-1.00,1446,1456,10.00,0.00,,0.00,133.00,1064.00,,,,,
2024,1,1,4,4,2024-01-04,WN,N961ED,1350,LAX,"Los Angeles, CA",CA,ORD,"Chicago, IL",IL,0513,0511,-2.00,1005,1011,6.00,0.00,,0.00,262.00,2096.00,,,,,
2024,1,1,25,4,2024-01-25,NK,N878GB,2119,ATL,"Atlanta, GA",GA,ORD,"Chicago, IL",IL,2233,2231,-2.00,0039,0042,3.00,0.00,,0.00,96.00,768.00,,,,,
2024,1,1,11,4,2024-01-11,WN,N326AE,1179,SFO,"San Francisco, CA",CA,DEN,"Denver, CO",CO,1240,1231,-9.00,1419,1417,-2.00,0.00,,0.00,69.00,552.00,,,,,
2024,1,1,7,7,2024-01-07,WN,N165DB,1057,ATL,"Atlanta, GA",GA,SEA,"Seattle, WA",WA,0742,0742,0.00,1133,1141,8.00,0.00,,0.00,201.00,1608.00,,,,,
2024,1,1,11,4,2024-01-11,UA,N336DE,1924,DFW,"Dallas/Fort Worth, TX",TX,ATL,"Atlanta, GA",GA,1421,1411,-10.00,1758,1738,-20.00,0.00,,0.00,187.00,1496.00,,,,,
2024,1,1,21,7,2024-01-21,WN,N618GF,595,JFK,"New York, NY",NY,IAH,"Houston, TX",TX,1036,1035,-1.00,1227,1232,5.00,0.00,,0.00,81.00,648.00,,,,,
2024,1,1,4,4,2024-01-04,UA,N233BE,1045,ATL,"Atlanta, GA",GA,SEA,"Seattle, WA",WA,1937,,,2329,,,1.00,D,0.00,,1616.00,,,,,
2024,1,1,16,2,2024-01-16,DL,N132EF,451,LAX,"Los Angeles, CA",CA,BOS,"Boston, MA",MA,1758,1750,-8.00,2043,2029,-14.00,0.00,,0.00,135.00,1080.00,,,,,
2024,1,1,25,4,2024-01-25,NK,N523DD,2115,BOS,"Boston, MA",MA,ATL,"Atlanta, GA",GA,1247,1242,-5.00,1527,1510,-17.00,0.00,,0.00,130.00,1040.00,,,,,
2024,1,1,1,1,2024-01-01,AS,N934CB,1635,BOS,"Boston, MA",MA,SEA,"Seattle, WA",WA,1620,1624,4.00,2026,2030,4.00,0.00,,0.00,216.00,1728.00,,,,,
2024,1,1,13,6,2024-01-13,AS,N472BC,821,IAH,"Houston, TX",TX,MIA,"Miami, FL",FL,0828,0914,46.00,1124,1205,41.00,0.00,,0.00,146.00,1168.00,0.00,4.00,0.00,22.00,15.00
2024,1,1,9,2,2024-01-09,WN,N826BE,2958,DEN,"Denver, CO",CO,PHX,"Phoenix, AZ",AZ,0534,0533,-1.00,0954,1002,8.00,0.00,,0.00,230.00,1840.00,,,,,
2024,1,1,9,2,2024-01-09,NK,N533CC,781,ATL,"Atlanta, GA",GA,DFW,"Dallas/Fort Worth, TX",TX,0803,0756,-7.00,1030,1011,-19.00,0.00,,0.00,117.00,936.00,,,,,
2024,1,1,14,7,2024-01-14,UA,N657FG,1783,BOS,"Boston, MA",MA,JFK,"New York, NY",NY,1830,1828,-2.00,2236,2236,0.00,0.00,,0.00,216.00,1728.00,,,,,
2024,1,1,13,6,2024-01-13,DL,N428FA,2697,IAH,"Houston, TX",TX,LAX,"Los Angeles, CA",CA,0538,0641,63.00,1014,1121,67.00,0.00,,0.00,246.00,1968.00,5.00,10.00,0.00,52.00,0.00
2024,1,1,16,2,2024-01-16,AS,N166AC,2723,SEA,"Seattle, WA",WA,ORD,"Chicago, IL",IL,1953,2001,8.00,0059,0059,0.00,0.00,,0.00,276.00,2208.00,,,,,
2024,1,1,9,2,2024-01-09,F9,N175EF,2812,JFK,"New York, NY",NY,SFO,"San Francisco, CA",CA,0713,0706,-7.00,1208,1156,-12.00,0.00,,0.00,265.00,2120.00,,,,,
2024,1,1,27,6,2024-01-27,AA,N550AD,152,ORD,"Chicago, IL",IL,LAX,"Los Angeles, CA",CA,2008,2010,2.00,0134,0141,7.00,0.00,,0.00,296.00,2368.00,,,,,
2024,1,1,9,2,2024-01-09,WN,N153EE,2356,ATL,"Atlanta, GA",GA,PHX,"Phoenix, AZ",AZ,1940,1933,-7.00,2324,2306,-18.00,0.00,,0.00,194.00,1552.00,,,,,
2024,1,1,29,1,2024-01-29,AS,N408DG,2691,ORD,"Chicago, IL",IL,LAX,"Los Angeles, CA",CA,0729,0729,0.00,1006,1009,3.00,0.00,,0.00,127.00,1016.00,,,,,
2024,1,1,19,5,2024-01-19,AS,N260FE,2400,ORD,"Chicago, IL",IL,ATL,"Atlanta, GA",GA,0827,1208,221.00,1103,1452,229.00,0.00,,0.00,126.00,1008.00,74.00,2.00,0.00,89.00,64.00
2024,1,1,30,2,2024-01-30,B6,N426GB,2393,LAX,"Los Angeles, CA",CA,MIA,"Miami, FL",FL,2043,2243,120.00,2314,0122,128.00,0.00,,0.00,121.00,968.00,2.00,0.00,1.00,125.00,0.00
2024,1,1,20,6,2024-01-20,NK,N251FG,1752,MIA,"Miami, FL",FL,BOS,"Boston, MA",MA,0654,0651,-3.00,1128,1122,-6.00,0.00,,0.00,244.00,1952.00,,,,,
2024,1,1,23,2,2024-01-23,F9,N204BB,583,DFW,"Dallas/Fort Worth, TX",TX,LAX,"Los Angeles, CA",CA,1551,1917,206.00,1817,2139,202.00,0.00,,0.00,116.00,928.00,27.00,41.00,92.00,37.00,5.00
2024,1,1,11,4,2024-01-11,B6,N285GF,2559,MIA,"Miami, FL",FL,LAX,"Los Angeles, CA",CA,1751,1741,-10.00,2039,2031,-8.00,0.00,,0.00,138.00,1104.00,,,,,
2024,1,1,28,7,2024-01-28,AA,N526CF,337,MIA,"Miami, FL",FL,ORD,"Chicago, IL",IL,1638,2018,220.00,1926,2257,211.00,0.00,,0.00,138.00,1104.00,177.00,1.00,28.00,5.00,0.00
2024,1,1,5,5,2024-01-05,B6,N684ED,768,ORD,"Chicago, IL",IL,SEA,"Seattle, WA",WA,1634,2001,207.00,2116,0040,204.00,0.00,,0.00,252.00,2016.00,36.00,23.00,127.00,4.00,14.00
2024,1,1,10,3,2024-01-10,NK,N928BB,308,PHX,"Phoenix, AZ",AZ,LAX,"Los Angeles, CA",CA,0848,0845,-3.00,1130,1120,-10.00,0.00,,0.00,132.00,1056.00,,,,,
2024,1,1,26,5,2024-01-26,AS,N661EC,522,SEA,"Seattle, WA",WA,IAH,"Houston, TX",TX,0723,1033,190.00,1115,1426,191.00,0.00,,0.00,202.00,1616.00,97.00,28.00,35.00,18.00,13.00
2024,1,1,10,3,2024-01-10,DL,N924FE,2317,MIA,"Miami, FL",FL,SEA,"Seattle, WA",WA,2028,2333,185.00,0051,0401,190.00,0.00,,0.00,233.00,1864.00,0.00,18.00,0.00,2.00,170.00
2024,1,1,31,3,2024-01-31,AS,N223GE,1199,JFK,"New York, NY",NY,IAH,"Houston, TX",TX,2100,2057,-3.00,0223,0220,-3.00,0.00,,0.00,293.00,2344.00,,,,,
2024,1,1,30,2,2024-01-30,B6,N296GD,704,MIA,"Miami, FL",FL,DEN,"Denver, CO",CO,1016,1013,-3.00,1431,1421,-10.00,0.00,,0.00,225.00,1800.00,,,,,
2024,1,1,20,6,2024-01-20,UA,N827GC,1079,MIA,"Miami, FL",FL,PHX,"Phoenix, AZ",AZ,1235,1228,-7.00,1829,1812,-17.00,0.00,,0.00,324.00,2592.00,,,,,
2024,1,1,3,3,2024-01-03,DL,N472AG,2658,SEA,"Seattle, WA",WA,JFK,"New York, NY",NY,0519,0517,-2.00,0840,0832,-8.00,0.00,,0.00,171.00,1368.00,,,,,
2024,1,1,2,2,2024-01-02,AS,N390GG,357,SEA,"Seattle, WA",WA,MIA,"Miami, FL",FL,1404,1407,3.00,1650,1655,5.00,0.00,,0.00,136.00,1088.00,,,,,
2024,1,1,14,7,2024-01-14,F9,N568CE,541,MIA,"Miami, FL",FL,DFW,"Dallas/Fort Worth, TX",TX,1608,1607,-1.00,2146,2144,-2.00,0.00,,0.00,308.00,2464.00,,,,,
2024,1,1,5,5,2024-01-05,NK,N468EE,2911,IAH,"Houston, TX",TX,BOS,"Boston, MA",MA,0844,0846,2.00,1047,1037,-10.00,0.00,,0.00,93.00,744.00,,,,,
2024,1,1,1,1,2024-01-01,WN,N754BE,2652,SEA,"Seattle, WA",WA,IAH,"Houston, TX",TX,1019,1019,0.00,1426,1421,-5.00,0.00,,0.00,217.00,1736.00,,,,,
2024,1,1,25,4,2024-01-25,AA,N856EE,1357,LAX,"Los Angeles, CA",CA,JFK,"New York, NY",NY,1555,1604,9.00,1844,1905,21.00,0.00,,0.00,139.00,1112.00,2.00,15.00,0.00,1.00,3.00
2024,1,1,26,5,2024-01-26,AS,N251EA,2949,IAH,"Houston, TX",TX,PHX,"Phoenix, AZ",AZ,1730,1728,-2.00,2249,2236,-13.00,0.00,,0.00,289.00,2312.00,,,,,
2024,1,1,22,1,2024-01-22,NK,N700FF,1099,ORD,"Chicago, IL",IL,JFK,"New York, NY",NY,1617,1914,177.00,2139,0034,175.00,0.00,,0.00,292.00,2336.00,1.00,144.00,30.00,0.00,0.00
2024,1,1,17,3,2024-01-17,DL,N686CF,78,SEA,"Seattle, WA",WA,MIA,"Miami, FL",FL,1559,1602,3.00,2144,2155,11.00,0.00,,0.00,315.00,2520.00,,,,,
2024,1,1,23,2,2024-01-23,UA,N325FC,2728,SEA,"Seattle, WA",WA,LAX,"Los Angeles, CA",CA,1608,1654,46.00,2054,2149,55.00,0.00,,0.00,256.00,2048.00,0.00,36.00,0.00,19.00,0.00
2024,1,1,11,4,2024-01-11,B6,N884EF,2404,DEN,"Denver, CO",CO,MIA,"Miami, FL",FL,2220,2210,-10.00,0318,0307,-11.00,0.00,,0.00,268.00,2144.00,,,,,
2024,1,1,27,6,2024-01-27,UA,N302BE,627,LAX,"Los Angeles, CA",CA,DEN,"Denver, CO",CO,0830,0822,-8.00,1114,1059,-15.00,0.00,,0.00,134.00,1072.00,,,,,
2024,1,1,3,3,2024-01-03,NK,N663DA,700,BOS,"Boston, MA",MA,ATL,"Atlanta, GA",GA,2227,2231,4.00,0118,0131,13.00,0.00,,0.00,141.00,1128.00,,,,,
2024,1,1,13,6,2024-01-13,AA,N679ED,884,JFK,"New York, NY",NY,BOS,"Boston, MA",MA,2029,2029,0.00,0126,0133,7.00,0.00,,0.00,267.00,2136.00,,,,,
2024,1,1,25,4,2024-01-25,AS,N638DE,2883,BOS,"Boston, MA",MA,PHX,"Phoenix, AZ",AZ,1227,1310,43.00,1603,1635,32.00,0.00,,0.00,186.00,1488.00,1.00,8.00,3.00,0.00,20.00
2024,1,1,7,7,2024-01-07,F9,N926DB,387,BOS,"Boston, MA",MA,LAX,"Los Angeles, CA",CA,2108,2100,-8.00,0042,0045,3.00,0.00,,0.00,184.00,1472.00,,,,,
2024,1,1,14,7,2024-01-14,AA,N755BF,1154,SEA,"Seattle, WA",WA,DFW,"Dallas/Fort Worth, TX",TX,1656,1645,-11.00,2014,2000,-14.00,0.00,,0.00,168.00,1344.00,,,,,
2024,1,1,6,6,2024-01-06,WN,N354DF,1311,SEA,"Seattle, WA",WA,BOS,"Boston, MA",MA,1918,1911,-7.00,2242,2224,-18.00,0.00,,0.00,174.00,1392.00,,,,,
2024,1,1,14,7,2024-01-14,WN,N410AG,2288,IAH,"Houston, TX",TX,ATL,"Atlanta, GA",GA,1306,1301,-5.00,1712,1714,2.00,0.00,,0.00,216.00,1728.00,,,,,
2024,1,1,25,4,2024-01-25,F9,N679DG,1057,ORD,"Chicago, IL",IL,JFK,"New York, NY",NY,0716,0716,0.00,1151,1201,10.00,0.00,,0.00,245.00,1960.00,,,,,
2024,1,1,14,7,2024-01-14,AA,N440EB,1536,SFO,"San Francisco, CA",CA,JFK,"New York, NY",NY,0625,0621,-4.00,1039,1040,1.00,0.00,,0.00,224.00,1792.00,,,,,
2024,1,1,30,2,2024-01-30,NK,N793EC,1573,SFO,"San Francisco, CA",CA,ORD,"Chicago, IL",IL,1032,1038,6.00,1405,1415,10.00,0.00,,0.00,183.00,1464.00,,,,,
2024,1,1,17,3,2024-01-17,AA,N409AE,24,MIA,"Miami, FL",FL,BOS,"Boston, MA",MA,1122,1403,161.00,1606,1846,160.00,0.00,,0.00,254.00,2032.00,10.00,130.00,14.00,3.00,3.00
2024,1,1,22,1,2024-01-22,AS,N137FB,2003,BOS,"Boston, MA",MA,JFK,"New York, NY",NY,1005,1004,-1.00,1334,1343,9.00,0.00,,0.00,179.00,1432.00,,,,,
2024,1,1,14,7,2024-01-14,F9,N771AC,642,SFO,"San Francisco, CA",CA,PHX,"Phoenix, AZ",AZ,1519,1512,-7.00,1836,1818,-18.00,0.00,,0.00,167.00,1336.00,,,,,
2024,1,1,1,1,2024-01-01,B6,N103CG,1143,DEN,"Denver, CO",CO,SEA,"Seattle, WA",WA,2036,2321,165.00,0132,0417,165.00,0.00,,0.00,266.00,2128.00,27.00,21.00,3.00,111.00,3.00
2024,1,1,22,1,2024-01-22,F9,N736CF,381,PHX,"Phoenix, AZ",AZ,LAX,"Los Angeles, CA",CA,1613,1610,-3.00,2046,2034,-12.00,0.00,,0.00,243.00,1944.00,,,,,
2024,1,1,12,5,2024-01-12,B6,N395DG,1110,DEN,"Denver, CO",CO,IAH,"Houston, TX",TX,1848,1848,0.00,2327,2338,11.00,0.00,,0.00,249.00,1992.00,,,,,
2024,1,1,23,2,2024-01-23,DL,N356BF,2701,ATL,"Atlanta, GA",GA,ORD,"Chicago, IL",IL,0835,0825,-10.00,1212,1206,-6.00,0.00,,0.00,187.00,1496.00,,,,,
2024,1,1,14,7,2024-01-14,AA,N844GC,2519,LAX,"Los Angeles, CA",CA,JFK,"New York, NY",NY,1659,1710,11.00,2217,2218,1.00,0.00,,0.00,288.00,2304.00,,,,,
2024,1,1,6,6,2024-01-06,UA,N971EE,2527,PHX,"Phoenix, AZ",AZ,SFO,"San Francisco, CA",CA,1441,1434,-7.00,1846,1849,3.00,0.00,,0.00,215.00,1720.00,,,,,
2024,1,1,2,2,2024-01-02,WN,N689DE,1657,ATL,"Atlanta, GA",GA,SEA,"Seattle, WA",WA,2041,2039,-2.00,2250,2246,-4.00,0.00,,0.00,99.00,792.00,,,,,
2024,1,1,7,7,2024-01-07,B6,N512EG,1940,JFK,"New York, NY",NY,MIA,"Miami, FL",FL,1331,1700,209.00,1543,1907,204.00,0.00,,0.00,102.00,816.00,191.00,1.00,0.00,10.00,2.00
2024,1,1,15,1,2024-01-15,UA,N725CB,1660,SFO,"San Francisco, CA",CA,JFK,"New York, NY",NY,0512,0513,1.00,1018,1013,-5.00,0.00,,0.00,276.00,2208.00,,,,,
2024,1,1,3,3,2024-01-03,WN,N748DG,660,DEN,"Denver, CO",CO,PHX,"Phoenix, AZ",AZ,1919,1919,0.00,0001,0008,7.00,0.00,,0.00,252.00,2016.00,,,,,
2024,1,1,23,2,2024-01-23,AS,N325FG,2834,IAH,"Houston, TX",TX,ATL,"Atlanta, GA",GA,1822,1822,0.00,2313,2307,-6.00,0.00,,0.00,261.00,2088.00,,,,,
2024,1,1,26,5,2024-01-26,NK,N199DC,1464,IAH,"Houston, TX",TX,MIA,"Miami, FL",FL,0555,0553,-2.00,1019,1014,-5.00,0.00,,0.00,234.00,1872.00,,,,,
2024,1,1,9,2,2024-01-09,B6,N153FB,2870,BOS,"Boston, MA",MA,SEA,"Seattle, WA",WA,2142,2138,-4.00,0155,0202,7.00,0.00,,0.00,223.00,1784.00,,,,,
2024,1,1,11,4,2024-01-11,F9,N623ED,2125,SEA,"Seattle, WA",WA,ATL,"Atlanta, GA",GA,2145,2248,63.00,0202,0303,61.00,0.00,,0.00,227.00,1816.00,13.00,26.00,15.00,6.00,1.00
2024,1,1,22,1,2024-01-22,AA,N205EG,2700,MIA,"Miami, FL",FL,SFO,"San Francisco, CA",CA,1622,1617,-5.00,2151,2158,7.00,0.00,,0.00,299.00,2392.00,,,,,
2024,1,1,8,1,2024-01-08,DL,N976DA,1437,JFK,"New York, NY",NY,BOS,"Boston, MA",MA,1800,2000,120.00,2028,2236,128.00,0.00,,0.00,118.00,944.00,56.00,2.00,1.00,68.00,1.00
2024,1,1,31,3,2024-01-31,B6,N541GB,2458,ORD,"Chicago, IL",IL,IAH,"Houston, TX",TX,2152,0113,201.00,0237,0607,210.00,0.00,,0.00,255.00,2040.00,75.00,7.00,39.00,74.00,15.00
2024,1,1,4,4,2024-01-04,F9,N433BF,1741,DEN,"Denver, CO",CO,SFO,"San Francisco, CA",CA,1448,1444,-4.00,1952,1958,6.00,0.00,,0.00,274.00,2192.00,,,,,
2024,1,1,11,4,2024-01-11,DL,N227AA,2936,ATL,"Atlanta, GA",GA,MIA,"Miami, FL",FL,0722,0839,77.00,1035,1146,71.00,0.00,,0.00,163.00,1304.00,0.00,63.00,0.00,1.00,7.00
2024,1,1,2,2,2024-01-02,NK,N798EG,436,ORD,"Chicago, IL",IL,ATL,"Atlanta, GA",GA,1107,1112,5.00,1400,1414,14.00,0.00,,0.00,143.00,1144.00,,,,,
2024,1,1,29,1,2024-01-29,NK,N129CB,2345,SFO,"San Francisco, CA",CA,BOS,"Boston, MA",MA,1102,1122,20.00,1515,1538,23.00,0.00,,0.00,223.00,1784.00,2.00,6.00,0.00,0.00,15.00
2024,1,1,20,6,2024-01-20,WN,N239DE,1686,PHX,"Phoenix, AZ",AZ,ATL,"Atlanta, GA",GA,1134,1132,-2.00,1533,1522,-11.00,0.00,,0.00,209.00,1672.00,,,,,
2024,1,1,7,7,2024-01-07,AA,N790DF,431,SFO,"San Francisco, CA",CA,JFK,"New York, NY",NY,1732,1728,-4.00,2033,2029,-4.00,0.00,,0.00,151.00,1208.00,,,,,
2024,1,1,26,5,2024-01-26,WN,N685CG,493,ATL,"Atlanta, GA",GA,SFO,"San Francisco, CA",CA,0958,0955,-3.00,1305,1257,-8.00,0.00,,0.00,157.00,1256.00,,,,,
2024,1,1,2,2,2024-01-02,NK,N292DA,1395,DEN,"Denver, CO",CO,SEA,"Seattle, WA",WA,1222,1208,-14.00,1751,1749,-2.00,0.00,,0.00,299.00,2392.00,,,,,
2024,1,1,30,2,2024-01-30,AS,N541BC,519,IAH,"Houston, TX",TX,MIA,"Miami, FL",FL,2209,2153,-16.00,0254,0237,-17.00,0.00,,0.00,255.00,2040.00,,,,,
2024,1,1,24,3,2024-01-24,DL,N620DG,1387,DEN,"Denver, CO",CO,JFK,"New York, NY",NY,1031,1031,0.00,1252,1301,9.00,0.00,,0.00,111.00,888.00,,,,,
2024,1,1,21,7,2024-01-21,DL,N888AE,522,BOS,"Boston, MA",MA,IAH,"Houston, TX",TX,0825,0827,2.00,1211,1214,3.00,0.00,,0.00,196.00,1568.00,,,,,
2024,1,1,21,7,2024-01-21,NK,N144BG,1899,LAX,"Los Angeles, CA",CA,ATL,"Atlanta, GA",GA,0625,0846,141.00,0820,1038,138.00,0.00,,0.00,85.00,680.00,4.00,35.00,81.00,0.00,18.00
2024,1,1,13,6,2024-01-13,UA,N568FB,2365,SFO,"San Francisco, CA",CA,LAX,"Los Angeles, CA",CA,1602,1559,-3.00,1759,1750,-9.00,0.00,,0.00,87.00,696.00,,,,,
2024,1,1,7,7,2024-01-07,F9,N844DC,2701,IAH,"Houston, TX",TX,DEN,"Denver, CO",CO,0647,0649,2.00,0948,0951,3.00,0.00,,0.00,151.00,1208.00,,,,,
2024,1,1,25,4,2024-01-25,F9,N119AC,1260,LAX,"Los Angeles, CA",CA,BOS,"Boston, MA",MA,0501,0456,-5.00,0916,0922,6.00,0.00,,0.00,225.00,1800.00,,,,,
2024,1,1,20,6,2024-01-20,F9,N791BE,1939,PHX,"Phoenix, AZ",AZ,DFW,"Dallas/Fort Worth, TX",TX,2052,0015,203.00,0208,0524,196.00,0.00,,0.00,286.00,-1,193.00,0.00,1.00,2.00,0.00
2024,1,1,21,7,2024-01-21,AA,N860EG,2680,JFK,"New York, NY",NY,PHX,"Phoenix, AZ",AZ,0806,0802,-4.00,1245,1235,-10.00,0.00,,0.00,249.00,1992.00,,,,,
2024,1,1,9,2,2024-01-09,B6,N470AG,1183,ATL,"Atlanta, GA",GA,LAX,"Los Angeles, CA",CA,1933,1928,-5.00,2247,2234,-13.00,0.00,,0.00,164.00,1312.00,,,,,
2024,1,1,7,7,2024-01-07,UA,N375CD,2044,JFK,"New York, NY",NY,ATL,"Atlanta, GA",GA,1029,1029,0.00,1522,1527,5.00,0.00,,0.00,263.00,2104.00,,,,,
2024,1,1,2,2,2024-01-02,F9,N408BB,964,ATL,"Atlanta, GA",GA,SFO,"San Francisco, CA",CA,2225,2209,-16.00,0230,0208,-22.00,0.00,,0.00,215.00,1720.00,,,,,
2024,1,1,4,4,2024-01-04,B6,N160GF,972,SEA,"Seattle, WA",WA,DEN,"Denver, CO",CO,0629,0619,-10.00,0859,0841,-18.00,0.00,,0.00,120.00,960.00,,,,,
2024,1,1,15,1,2024-01-15,F9,N584AF,643,LAX,"Los Angeles, CA",CA,BOS,"Boston, MA",MA,0901,0905,4.00,1219,1224,5.00,0.00,,0.00,168.00,1344.00,,,,,
2024,1,1,21,7,2024-01-21,F9,N488CF,2819,LAX,"Los Angeles, CA",CA,BOS,"Boston, MA",MA,1321,1323,2.00,1614,1611,-3.00,0.00,,0.00,143.00,1144.00,,,,,
2024,1,1,22,1,2024-01-22,NK,N162GG,166,BOS,"Boston, MA",MA,DFW,"Dallas/Fort Worth, TX",TX,1118,1107,-11.00,1449,1435,-14.00,0.00,,0.00,181.00,1448.00,,,,,
2024,1,1,19,5,2024-01-19,WN,N531CB,1371,JFK,"New York, NY",NY,ORD,"Chicago, IL",IL,0601,0601,0.00,0747,0745,-2.00,0.00,,0.00,76.00,608.00,,,,,
2024,1,1,21,7,2024-01-21,NK,N590FG,403,SEA,"Seattle, WA",WA,SFO,"San Francisco, CA",CA,1850,1850,0.00,0028,0032,4.00,0.00,,0.00,308.00,2464.00,,,,,
2024,1,1,9,2,2024-01-09,F9,N680EB,1003,BOS,"Boston, MA",MA,IAH,"Houston, TX",TX,0742,0736,-6.00,0940,0929,-11.00,0.00,,0.00,88.00,704.00,,,,,
2024,1,1,15,1,2024-01-15,B6,N222AF,563,MIA,"Miami, FL",FL,IAH,"Houston, TX",TX,0652,0655,3.00,1100,1114,14.00,0.00,,0.00,218.00,1744.00,,,,,
2024,1,1,25,4,2024-01-25,B6,N233EC,715,LAX,"Los Angeles, CA",CA,MIA,"Miami, FL",FL,0505,0553,48.00,0856,0932,36.00,0.00,,0.00,201.00,1608.00,12.00,8.00,11.00,4.00,1.00
2024,1,1,27,6,2024-01-27,F9,N651DC,1362,MIA,"Miami, FL",FL,IAH,"Houston, TX",TX,2142,2150,8.00,0028,0038,10.00,0.00,,0.00,136.00,1088.00,,,,,
2024,1,1,14,7,2024-01-14,AA,N858GB,2867,BOS,"Boston, MA",MA,JFK,"New York, NY",NY,1358,1358,0.00,1549,1542,-7.00,0.00,,0.00,81.00,648.00,,,,,
2024,1,1,14,7,2024-01-14,AA,N203FG,1989,PHX,"Phoenix, AZ",AZ,ORD,"Chicago, IL",IL,1710,1701,-9.00,1922,1919,-3.00,0.00,,0.00,102.00,816.00,,,,,
2024,1,1,23,2,2024-01-23,F9,N339EB,232,SEA,"Seattle, WA",WA,DEN,"Denver, CO",CO,0630,0744,74.00,1125,1250,85.00,0.00,,0.00,265.00,2120.00,4.00,1.00,9.00,33.00,38.00
2024,1,1,21,7,2024-01-21,AA,N366DC,867,ATL,"Atlanta, GA",GA,LAX,"Los Angeles, CA",CA,2045,2045,0.00,2348,2349,1.00,0.00,,0.00,153.00,1224.00,,,,,
2024,1,1,16,2,2024-01-16,F9,N109AF,1408,SFO,"San Francisco, CA",CA,LAX,"Los Angeles, CA",CA,1243,1446,123.00,1838,2051,133.00,0.00,,0.00,325.00,2600.00,10.00,22.00,3.00,93.00,5.00
2024,1,1,13,6,2024-01-13,UA,N132EG,1425,LAX,"Los Angeles, CA",CA,PHX,"Phoenix, AZ",AZ,1942,2310,208.00,2138,0104,206.00,0.00,,0.00,86.00,688.00,0.00,93.00,109.00,0.00,4.00
2024,1,1,8,1,2024-01-08,AS,N132GC,291,SEA,"Seattle, WA",WA,SFO,"San Francisco, CA",CA,0700,0659,-1.00,1027,1029,2.00,0.00,,0.00,177.00,1416.00,,,,,
2024,1,1,4,4,2024-01-04,NK,N561DC,2411,BOS,"Boston, MA",MA,ATL,"Atlanta, GA",GA,1242,1238,-4.00,1839,1842,3.00,0.00,,0.00,327.00,2616.00,,,,,
2024,1,1,31,3,2024-01-31,AA,N846DG,1039,DFW,"Dallas/Fort Worth, TX",TX,SFO,"San Francisco, CA",CA,1458,1450,-8.00,1959,1950,-9.00,0.00,,0.00,271.00,2168.00,,,,,
2024,1,1,29,1,2024-01-29,F9,N151CF,816,DEN,"Denver, CO",CO,SEA,"Seattle, WA",WA,1330,1554,144.00,1516,1740,144.00,0.00,,0.00,76.00,608.00,114.00,9.00,1.00,15.00,5.00
2024,1,1,18,4,2024-01-18,B6,N851CD,235,PHX,"Phoenix, AZ",AZ,MIA,"Miami, FL",FL,1015,1308,173.00,1319,1610,171.00,0.00,,0.00,154.00,1232.00,0.00,62.00,106.00,3.00,0.00
2024,1,1,13,6,2024-01-13,UA,N926BC,2173,JFK,"New York, NY",NY,SEA,"Seattle, WA",WA,0640,0642,2.00,0822,0813,-9.00,0.00,,0.00,72.00,576.00,,,,,
2024,1,1,7,7,2024-01-07,AS,N586CF,52,BOS,"Boston, MA",MA,IAH,"Houston, TX",TX,1757,1748,-9.00,2053,2034,-19.00,0.00,,0.00,146.00,1168.00,,,,,
2024,1,1,2,2,2024-01-02,WN,N300BF,825,DEN,"Denver, CO",CO,BOS,"Boston, MA",MA,0651,0642,-9.00,1157,1157,0.00,0.00,,0.00,276.00,2208.00,,,,,
2024,1,1,12,5,not-a-date,DL,N508CC,285,ORD,"Chicago, IL",IL,DEN,"Denver, CO",CO,1236,1230,-6.00,1418,1417,-1.00,0.00,,0.00,72.00,576.00,,,,,
2024,1,1,21,7,2024-01-21,B6,N311BF,1110,MIA,"Miami, FL",FL,ORD,"Chicago, IL",IL,1912,1916,4.00,0045,0038,-7.00,0.00,,0.00,303.00,2424.00,,,,,
2024,1,1,17,3,2024-01-17,NK,N785FB,2512,PHX,"Phoenix, AZ",AZ,ATL,"Atlanta, GA",GA,1430,1428,-2.00,1815,1822,7.00,0.00,,0.00,195.00,1560.00,,,,,
2024,1,1,3,3,2024-01-03,B6,N240BG,2424,LAX,"Los Angeles, CA",CA,PHX,"Phoenix, AZ",AZ,2022,2017,-5.00,0135,0123,-12.00,0.00,,0.00,283.00,2264.00,,,,,
2024,1,1,10,3,2024-01-10,F9,N654FG,1206,SFO,"San Francisco, CA",CA,BOS,"Boston, MA",MA,1354,1344,-10.00,1702,1656,-6.00,0.00,,0.00,158.00,1264.00,,,,,
2024,1,1,31,3,2024-01-31,WN,N343DD,1756,IAH,"Houston, TX",TX,SEA,"Seattle, WA",WA,1731,1757,26.00,1911,1941,30.00,0.00,,0.00,70.00,560.00,24.00,0.00,0.00,0.00,6.00
2024,1,1,25,4,2024-01-25,AA,N200DB,1551,ORD,"Chicago, IL",IL,LAX,"Los Angeles, CA",CA,1242,1328,46.00,1632,1711,39.00,0.00,,0.00,200.00,1600.00,0.00,0.00,2.00,4.00,33.00
2024,1,1,16,2,2024-01-16,NK,N523CG,2036,PHX,"Phoenix, AZ",AZ,DEN,"Denver, CO",CO,1711,1711,0.00,1923,1922,-1.00,0.00,,0.00,102.00,816.00,,,,,
2024,1,1,22,1,2024-01-22,NK,N309CB,555,JFK,"New York, NY",NY,SEA,"Seattle, WA",WA,1811,1812,1.00,2345,2338,-7.00,0.00,,0.00,304.00,2432.00,,,,,
2024,1,1,21,7,2024-01-21,UA,N722GC,2920,LAX,"Los Angeles, CA",CA,MIA,"Miami, FL",FL,0517,0509,-8.00,0841,0832,-9.00,0.00,,0.00,174.00,1392.00,,,,,
2024,1,1,1,1,2024-01-01,DL,N529DF,1653,JFK,"New York, NY",NY,PHX,"Phoenix, AZ",AZ,1706,1701,-5.00,2129,2130,1.00,0.00,,0.00,233.00,1864.00,,,,,
2024,1,1,4,4,2024-01-04,WN,N550FA,1465,DFW,"Dallas/Fort Worth, TX",TX,IAH,"Houston, TX",TX,1636,1634,-2.00,1827,1828,1.00,0.00,,0.00,81.00,648.00,,,,,
2024,1,1,23,2,2024-01-23,DL,N151FA,1585,SFO,"San Francisco, CA",CA,SEA,"Seattle, WA",WA,1946,1946,0.00,2315,2318,3.00,0.00,,0.00,179.00,1432.00,,,,,
2024,1,1,6,6,2024-01-06,UA,N286ED,1887,IAH,"Houston, TX",TX,DFW,"Dallas/Fort Worth, TX",TX,1747,1738,-9.00,2134,2122,-12.00,0.00,,0.00,197.00,1576.00,,,,,
2024,1,1,15,1,2024-01-15,DL,N127DD,2641,ORD,"Chicago, IL",IL,ATL,"Atlanta, GA",GA,2222,2208,-14.00,0157,0143,-14.00,0.00,,0.00,185.00,1480.00,,,,,
2024,1,1,14,7,2024-01-14,B6,N964GC,2036,BOS,"Boston, MA",MA,LAX,"Los Angeles, CA",CA,0505,0503,-2.00,0747,0733,-14.00,0.00,,0.00,132.00,1056.00,,,,,
2024,1,1,20,6,2024-01-20,B6,N559GC,2990,ORD,"Chicago, IL",IL,ATL,"Atlanta, GA",GA,1820,1915,55.00,2243,2332,49.00,0.00,,0.00,233.00,1864.00,19.00,0.00,1.00,21.00,8.00
2024,1,1,21,7,2024-01-21,B6,N630FA,2427,IAH,"Houston, TX",TX,MIA,"Miami, FL",FL,1653,1653,0.00,2249,2251,2.00,0.00,,0.00,326.00,2608.00,,,,,
2024,1,1,12,5,2024-01-12,AA,N671EC,1514,MIA,"Miami, FL",FL,SFO,"San Francisco, CA",CA,1556,1546,-10.00,2138,2138,0.00,0.00,,0.00,312.00,2496.00,,,,,
2024,1,1,16,2,2024-01-16,AA,N528FC,2513,BOS,"Boston, MA",MA,MIA,"Miami, FL",FL,1207,1200,-7.00,1508,1510,2.00,0.00,,0.00,151.00,1208.00,,,,,
2024,1,1,9,2,2024-01-09,F9,N992GC,1477,SFO,"San Francisco, CA",CA,DFW,"Dallas/Fort Worth, TX",TX,0630,0632,2.00,0905,0919,14.00,0.00,,0.00,125.00,1000.00,,,,,
2024,1,1,8,1,2024-01-08,NK,N128CF,1094,SFO,"San Francisco, CA",CA,IAH,"Houston, TX",TX,1729,1725,-4.00,2314,2316,2.00,0.00,,0.00,315.00,2520.00,,,,,
2024,1,1,8,1,2024-01-08,AA,N403BA,2508,DEN,"Denver, CO",CO,JFK,"New York, NY",NY,1222,1228,6.00,1506,1517,11.00,0.00,,0.00,134.00,1072.00,,,,,
2024,1,1,8,1,2024-01-08,F9,N505EA,1533,DEN,"Denver, CO",CO,DFW,"Dallas/Fort Worth, TX",TX,2153,2200,7.00,0138,0138,0.00,0.00,,0.00,195.00,1560.00,,,,,
2024,1,1,6,6,2024-01-06,NK,N129EC,2154,ATL,"Atlanta, GA",GA,ORD,"Chicago, IL",IL,0827,1129,182.00,1125,1429,184.00,0.00,,0.00,148.00,1184.00,2.00,14.00,19.00,146.00,3.00
2024,1,1,2,2,2024-01-02,AA,N723GG,1139,IAH,"Houston, TX",TX,DFW,"Dallas/Fort Worth, TX",TX,0639,0636,-3.00,1003,1012,9.00,0.00,,0.00,174.00,1392.00,,,,,
2024,1,1,11,4,2024-01-11,UA,N213DB,304,ORD,"Chicago, IL",IL,BOS,"Boston, MA",MA,1736,1735,-1.00,2250,2250,0.00,0.00,,0.00,284.00,2272.00,,,,,
2024,1,1,6,6,2024-01-06,F9,N750BC,1971,MIA,"Miami, FL",FL,DEN,"Denver, CO",CO,1520,1716,116.00,1916,2112,116.00,0.00,,0.00,206.00,1648.00,0.00,97.00,0.00,4.00,15.00
2024,1,1,18,4,2024-01-18,NK,N209FF,1472,SEA,"Seattle, WA",WA,ATL,"Atlanta, GA",GA,1131,1338,127.00,1534,1752,138.00,0.00,,0.00,213.00,1704.00,13.00,61.00,0.00,2.00,62.00
2024,1,1,17,3,2024-01-17,F9,N602EC,2222,JFK,"New York, NY",NY,IAH,"Houston, TX",TX,1153,1427,154.00,1553,1815,142.00,0.00,,0.00,210.00,1680.00,80.00,1.00,1.00,54.00,6.00
2024,1,1,7,7,2024-01-07,DL,N267FF,2646,ATL,"Atlanta, GA",GA,BOS,"Boston, MA",MA,1955,1953,-2.00,0047,0041,-6.00,0.00,,0.00,262.00,2096.00,,,,,
2024,1,1,20,6,2024-01-20,DL,N305EC,981,MIA,"Miami, FL",FL,PHX,"Phoenix, AZ",AZ,1758,1759,1.00,2142,2145,3.00,0.00,,0.00,194.00,1552.00,,,,,
2024,1,1,3,3,2024-01-03,WN,N524BD,344,LAX,"Los Angeles, CA",CA,ATL,"Atlanta, GA",GA,2238,0128,170.00,0233,0520,167.00,0.00,,0.00,205.00,1640.00,22.00,116.00,1.00,24.00,4.00
2024,1,1,13,6,2024-01-13,F9,N175GG,137,SFO,"San Francisco, CA",CA,JFK,"New York, NY",NY,1241,1227,-14.00,1534,1511,-23.00,0.00,,0.00,143.00,1144.00,,,,,
2024,1,1,23,2,2024-01-23,UA,N281CG,934,ORD,"Chicago, IL",IL,IAH,"Houston, TX",TX,2210,0106,176.00,0119,0412,173.00,0.00,,0.00,159.00,1272.00,21.00,6.00,57.00,85.00,4.00
2024,1,1,8,1,2024-01-08,WN,N809CD,2752,MIA,"Miami, FL",FL,SEA,"Seattle, WA",WA,2039,2031,-8.00,2219,2202,-17.00,0.00,,0.00,70.00,560.00,,,,,
2024,1,1,9,2,2024-01-09,UA,N796DG,835,ORD,"Chicago, IL",IL,BOS,"Boston, MA",MA,1927,2145,138.00,0004,0215,131.00,0.00,,0.00,247.00,1976.00,0.00,2.00,101.00,23.00,5.00
2024,1,1,15,1,2024-01-15,AS,N453DA,1161,ATL,"Atlanta, GA",GA,ORD,"Chicago, IL",IL,1221,1217,-4.00,1813,1813,0.00,0.00,,0.00,322.00,2576.00,,,,,
2024,1,1,2,2,2024-01-02,NK,N500GD,1742,BOS,"Boston, MA",MA,DFW,"Dallas/Fort Worth, TX",TX,1355,1518,83.00,1807,1933,86.00,0.00,,0.00,222.00,1776.00,9.00,57.00,13.00,7.00,0.00
2024,1,1,24,3,2024-01-24,UA,N641EB,2619,MIA,"Miami, FL",FL,JFK,"New York, NY",NY,0731,0806,35.00,1011,1048,37.00,0.00,,0.00,130.00,1040.00,21.00,1.00,3.00,12.00,0.00
2024,1,1,26,5,2024-01-26,UA,N288DD,903,DFW,"Dallas/Fort Worth, TX",TX,LAX,"Los Angeles, CA",CA,1936,1936,0.00,0027,0023,-4.00,0.00,,0.00,261.00,2088.00,,,,,
2024,1,1,13,6,2024-01-13,AA,N556EF,2752,SFO,"San Francisco, CA",CA,PHX,"Phoenix, AZ",AZ,1444,1442,-2.00,2005,1954,-11.00,0.00,,0.00,291.00,2328.00,,,,,
2024,1,1,3,3,2024-01-03,UA,N424GC,1640,JFK,"New York, NY",NY,SFO,"San Francisco, CA",CA,1910,1907,-3.00,2314,2314,0.00,0.00,,0.00,214.00,1712.00,,,,,
2024,1,1,16,2,2024-01-16,WN,N131CG,2423,BOS,"Boston, MA",MA,PHX,"Phoenix, AZ",AZ,2133,2134,1.00,2340,2341,1.00,0.00,,0.00,97.00,776.00,,,,,
2024,1,1,3,3,2024-01-03,B6,N309BA,712,JFK,"New York, NY",NY,SFO,"San Francisco, CA",CA,1134,1241,67.00,1330,1432,62.00,0.00,,0.00,86.00,688.00,47.00,1.00,1.00,3.00,10.00
2024,1,1,28,7,2024-01-28,DL,N171EB,709,BOS,"Boston, MA",MA,LAX,"Los Angeles, CA",CA,1735,1817,42.00,2132,2225,53.00,0.00,,0.00,207.00,1656.00,10.00,38.00,0.00,1.00,4.00
2024,1,1,24,3,2024-01-24,WN,N436AB,893,JFK,"New York, NY",NY,PHX,"Phoenix, AZ",AZ,1003,,,1140,,,1.00,A,0.00,,536.00,,,,,
2024,1,1,30,2,2024-01-30,AA,N677GD,188,SEA,"Seattle, WA",WA,DEN,"Denver, CO",CO,1411,1415,4.00,1624,1625,1.00,0.00,,0.00,103.00,824.00,,,,,
2024,1,1,7,7,2024-01-07,AA,N379EE,920,IAH,"Houston, TX",TX,SFO,"San Francisco, CA",CA,1236,1235,-1.00,1426,1417,-9.00,0.00,,0.00,80.00,640.00,,,,,
2024,1,1,3,3,2024-01-03,B6,N823BA,1700,LAX,"Los Angeles, CA",CA,IAH,"Houston, TX",TX,1253,1247,-6.00,1739,1734,-5.00,0.00,,0.00,256.00,2048.00,,,,,
2024,1,1,18,4,2024-01-18,DL,N950EF,542,BOS,"Boston, MA",MA,SFO,"San Francisco, CA",CA,0631,0631,0.00,0839,0834,-5.00,0.00,,0.00,98.00,784.00,,,,,
2024,1,1,11,4,2024-01-11,WN,N908DD,875,MIA,"Miami, FL",FL,SEA,"Seattle, WA",WA,1758,2127,209.00,1959,2337,218.00,0.00,,0.00,91.00,728.00,90.00,70.00,17.00,36.00,5.00
2024,1,1,22,1,2024-01-22,WN,N390GG,2057,SEA,"Seattle, WA",WA,IAH,"Houston, TX",TX,1334,1332,-2.00,1614,1604,-10.00,0.00,,0.00,130.00,1040.00,,,,,
2024,1,1,13,6,2024-01-13,DL,N512BE,1131,IAH,"Houston, TX",TX,ATL,"Atlanta, GA",GA,1137,1137,0.00,1537,1538,1.00,0.00,,0.00,210.00,1680.00,,,,,
2024,1,1,28,7,2024-01-28,UA,N658DA,1759,LAX,"Los Angeles, CA",CA,ATL,"Atlanta, GA",GA,0703,0649,-14.00,1200,1141,-19.00,0.00,,0.00,267.00,2136.00,,,,,
2024,1,1,18,4,2024-01-18,WN,N718BB,2167,ATL,"Atlanta, GA",GA,JFK,"New York, NY",NY,1915,1911,-4.00,2155,2200,5.00,0.00,,0.00,130.00,1040.00,,,,,
2024,1,1,30,2,2024-01-30,UA,N505BF,2644,??,"Chicago, IL",IL,DEN,"Denver, CO",CO,1543,1538,-5.00,1915,1922,7.00,0.00,,0.00,182.00,1456.00,,,,,
2024,1,1,6,6,2024-01-06,NK,N930CF,465,DFW,"Dallas/Fort Worth, TX",TX,MIA,"Miami, FL",FL,0902,0900,-2.00,1229,1228,-1.00,0.00,,0.00,177.00,1416.00,,,,,
2024,1,1,26,5,2024-01-26,AS,N794GG,605,IAH,"Houston, TX",TX,DEN,"Denver, CO",CO,0518,0826,188.00,0953,1254,181.00,0.00,,0.00,245.00,1960.00,13.00,131.00,5.00,2.00,30.00
2024,1,1,13,6,2024-01-13,AS,N882FF,345,MIA,"Miami, FL",FL,SFO,"San Francisco, CA",CA,1513,1516,3.00,2009,2015,6.00,0.00,,0.00,266.00,2128.00,,,,,
2024,1,1,25,4,2024-01-25,AA,N681FF,1105,DEN,"Denver, CO",CO,IAH,"Houston, TX",TX,2010,2010,0.00,2259,2259,0.00,0.00,,0.00,139.00,1112.00,,,,,
2024,1,1,1,1,2024-01-01,B6,N505BF,1852,IAH,"Houston, TX",TX,MIA,"Miami, FL",FL,2145,2135,-10.00,0255,0242,-13.00,0.00,,0.00,280.00,2240.00,,,,,
2024,1,1,5,5,2024-01-05,NK,N667BC,1250,PHX,"Phoenix, AZ",AZ,DEN,"Denver, CO",CO,1332,1325,-7.00,1611,1612,1.00,0.00,,0.00,129.00,1032.00,,,,,
2024,1,1,8,1,2024-01-08,NK,N759AC,451,DFW,"Dallas/Fort Worth, TX",TX,ATL,"Atlanta, GA",GA,2121,2115,-6.00,2322,2314,-8.00,0.00,,0.00,91.00,728.00,,,,,
2024,1,1,15,1,2024-01-15,NK,N860DD,2321,LAX,"Los Angeles, CA",CA,SFO,"San Francisco, CA",CA,2215,2215,0.00,0250,0259,9.00,0.00,,0.00,245.00,1960.00,,,,,
2024,1,1,24,3,2024-01-24,F9,N424CB,2357,SFO,"San Francisco, CA",CA,BOS,"Boston, MA",MA,0645,0643,-2.00,1216,1213,-3.00,0.00,,0.00,301.00,2408.00,,,,,
2024,1,1,10,3,2024-01-10,AA,N986CA,1985,LAX,"Los Angeles, CA",CA,IAH,"Houston, TX",TX,1544,1822,158.00,2104,2346,162.00,0.00,,0.00,290.00,2320.00,12.00,1.00,5.00,113.00,31.00
2024,1,1,15,1,2024-01-15,AS,N456DD,2697,DEN,"Denver, CO",CO,MIA,"Miami, FL",FL,2132,0054,202.00,0226,0548,202.00,0.00,,0.00,264.00,2112.00,21.00,127.00,32.00,17.00,5.00
2024,1,1,3,3,2024-01-03,AS,N123GB,439,JFK,"New York, NY",NY,PHX,"Phoenix, AZ",AZ,0753,0757,4.00,1206,1205,-1.00,0.00,,0.00,223.00,1784.00,,,,,
2024,1,1,11,4,2024-01-11,UA,N822FG,312,MIA,"Miami, FL",FL,IAH,"Houston, TX",TX,0658,0934,156.00,1255,1531,156.00,0.00,,0.00,327.00,2616.00,4.00,8.00,117.00,5.00,22.00
2024,1,1,4,4,2024-01-04,B6,N220CC,1534,SFO,"San Francisco, CA",CA,DFW,"Dallas/Fort Worth, TX",TX,1453,1448,-5.00,1643,1630,-13.00,0.00,,0.00,80.00,640.00,,,,,
2024,1,1,31,3,2024-01-31,DL,N501BG,2291,LAX,"Los Angeles, CA",CA,DEN,"Denver, CO",CO,1840,1835,-5.00,2038,2041,3.00,0.00,,0.00,88.00,704.00,,,,,
2024,1,1,12,5,2024-01-12,AS,N581FE,2779,DFW,"Dallas/Fort Worth, TX",TX,JFK,"New York, NY",NY,2135,2345,130.00,0321,0538,137.00,0.00,,0.00,316.00,2528.00,75.00,18.00,20.00,22.00,2.00
2024,1,1,17,3,2024-01-17,NK,N818DA,2624,ORD,"Chicago, IL",IL,PHX,"Phoenix, AZ",AZ,2206,2204,-2.00,0308,0302,-6.00,0.00,,0.00,272.00,2176.00,,,,,
2024,1,1,31,3,2024-01-31,UA,N282BG,1634,MIA,"Miami, FL",FL,ATL,"Atlanta, GA",GA,0809,0905,56.00,1303,1359,56.00,0.00,,0.00,264.00,2112.00,0.00,0.00,31.00,19.00,6.00
2024,1,1,31,3,2024-01-31,F9,N601GF,1607,LAX,"Los Angeles, CA",CA,ORD,"Chicago, IL",IL,1254,1246,-8.00,1653,1642,-11.00,0.00,,0.00,209.00,1672.00,,,,,
2024,1,1,27,6,2024-01-27,NK,N245AB,99,SEA,"Seattle, WA",WA,SFO,"San Francisco, CA",CA,1507,1502,-5.00,1729,1733,4.00,0.00,,0.00,112.00,896.00,,,,,
2024,1,1,25,4,2024-01-25,WN,N430DG,2599,DEN,"Denver, CO",CO,LAX,"Los Angeles, CA",CA,0941,0945,4.00,1527,1543,16.00,0.00,,0.00,316.00,2528.00,9.00,0.00,1.00,6.00,0.00
2024,1,1,19,5,2024-01-19,B6,N850BB,2464,SFO,"San Francisco, CA",CA,IAH,"Houston, TX",TX,0710,1058,228.00,1211,1552,221.00,0.00,,0.00,271.00,2168.00,32.00,13.00,103.00,24.00,49.00
2024,1,1,31,3,2024-01-31,AS,N233BC,1580,ORD,"Chicago, IL",IL,JFK,"New York, NY",NY,1015,1241,146.00,1603,1823,140.00,0.00,,0.00,318.00,2544.00,9.00,87.00,1.00,42.00,1.00
2024,1,1,18,4,2024-01-18,UA,N818EG,407,ATL,"Atlanta, GA",GA,IAH,"Houston, TX",TX,1443,1524,41.00,1956,2027,31.00,0.00,,0.00,283.00,2264.00,28.00,1.00,0.00,0.00,2.00
2024,1,1,16,2,2024-01-16,DL,N680BE,1425,IAH,"Houston, TX",TX,JFK,"New York, NY",NY,1503,1505,2.00,2043,2050,7.00,0.00,,0.00,310.00,2480.00,,,,,
2024,1,1,13,6,2024-01-13,F9,N919DF,684,ATL,"Atlanta, GA",GA,JFK,"New York, NY",NY,1416,1426,10.00,1903,1906,3.00,0.00,,0.00,257.00,2056.00,,,,,
2024,1,1,24,3,2024-01-24,AS,N121AG,217,PHX,"Phoenix, AZ",AZ,SEA,"Seattle, WA",WA,0818,0809,-9.00,1021,1011,-10.00,0.00,,0.00,93.00,744.00,,,,,
2024,1,1,14,7,2024-01-14,F9,N238GC,1379,PHX,"Phoenix, AZ",AZ,SFO,"San Francisco, CA",CA,2114,2111,-3.00,0252,0240,-12.00,0.00,,0.00,308.00,2464.00,,,,,
2024,1,1,12,5,2024-01-12,AA,N926AC,1764,ORD,"Chicago, IL",IL,DFW,"Dallas/Fort Worth, TX",TX,1024,1028,4.00,1323,1332,9.00,0.00,,0.00,149.00,1192.00,,,,,
2024,1,1,6,6,2024-01-06,UA,N681EA,1373,IAH,"Houston, TX",TX,ORD,"Chicago, IL",IL,0616,0850,154.00,0750,1028,158.00,0.00,,0.00,64.00,512.00,4.00,103.00,0.00,49.00,2.00
2024,1,1,19,5,2024-01-19,WN,N273AE,1336,SFO,"San Francisco, CA",CA,IAH,"Houston, TX",TX,1524,1525,1.00,1752,1754,2.00,0.00,,0.00,118.00,944.00,,,,,
2024,1,1,8,1,2024-01-08,AA,N888EC,620,JFK,"New York, NY",NY,ORD,"Chicago, IL",IL,1636,1925,169.00,2107,0005,178.00,0.00,,0.00,241.00,1928.00,30.00,105.00,17.00,0.00,26.00
2024,1,1,19,5,2024-01-19,F9,N119AA,1090,SFO,"San Francisco, CA",CA,BOS,"Boston, MA",MA,1312,1308,-4.00,1552,1554,2.00,0.00,,0.00,130.00,1040.00,,,,,
2024,1,1,8,1,2024-01-08,UA,N263BA,404,ORD,"Chicago, IL",IL,ATL,"Atlanta, GA",GA,0703,0657,-6.00,0924,0911,-13.00,0.00,,0.00,111.00,888.00,,,,,
2024,1,1,12,5,2024-01-12,DL,N845DF,1703,DFW,"Dallas/Fort Worth, TX",TX,ORD,"Chicago, IL",IL,2012,2014,2.00,2226,2229,3.00,0.00,,0.00,104.00,832.00,,,,,
2024,1,1,19,5,2024-01-19,WN,N777BE,141,ORD,"Chicago, IL",IL,LAX,"Los Angeles, CA",CA,1611,1907,176.00,2117,0002,165.00,0.00,,0.00,276.00,2208.00,65.00,60.00,20.00,0.00,20.00
2024,1,1,31,3,2024-01-31,WN,N569FF,1078,DEN,"Denver, CO",CO,ORD,"Chicago, IL",IL,2013,1959,-14.00,2207,2201,-6.00,0.00,,0.00,84.00,672.00,,,,,
2024,1,1,30,2,2024-01-30,B6,N423FD,620,ORD,"Chicago, IL",IL,BOS,"Boston, MA",MA,1541,1838,177.00,2054,2353,179.00,0.00,,0.00,283.00,2264.00,67.00,9.00,33.00,10.00,60.00
2024,1,1,1,1,2024-01-01,AA,N189BD,2874,IAH,"Houston, TX",TX,MIA,"Miami, FL",FL,1304,1255,-9.00,1538,1537,-1.00,0.00,,0.00,124.00,992.00,,,,,
2024,1,1,21,7,2024-01-21,UA,N839BD,2505,MIA,"Miami, FL",FL,DFW,"Dallas/Fort Worth, TX",TX,1604,1859,175.00,1816,2059,163.00,0.00,,0.00,102.00,816.00,7.00,2.00,65.00,21.00,68.00
2024,1,1,12,5,2024-01-12,AA,N495AB,2344,LAX,"Los Angeles, CA",CA,ORD,"Chicago, IL",IL,0805,0805,0.00,1200,1155,-5.00,0.00,,0.00,205.00,1640.00,,,,,
2024,1,1,15,1,2024-01-15,B6,N898GE,447,ORD,"Chicago, IL",IL,DEN,"Denver, CO",CO,0732,0724,-8.00,1045,1042,-3.00,0.00,,0.00,163.00,1304.00,,,,,
2024,1,1,7,7,2024-01-07,DL,N123DG,853,IAH,"Houston, TX",TX,JFK,"New York, NY",NY,0801,0804,3.00,0945,0951,6.00,0.00,,0.00,74.00,592.00,,,,,
2024,1,1,11,4,2024-01-11,B6,N179CG,415,JFK,"New York, NY",NY,DEN,"Denver, CO",CO,1243,1240,-3.00,1523,1529,6.00,0.00,,0.00,130.00,1040.00,,,,,
2024,1,1,15,1,2024-01-15,NK,N698AA,2096,ORD,"Chicago, IL",IL,DEN,"Denver, CO",CO,2055,0044,229.00,0059,0447,228.00,0.00,,0.00,214.00,1712.00,0.00,126.00,86.00,0.00,16.00
2024,1,1,15,1,2024-01-15,F9,N609ED,265,ORD,"Chicago, IL",IL,MIA,"Miami, FL",FL,0648,0630,-18.00,1213,1200,-13.00,0.00,,0.00,295.00,2360.00,,,,,
2024,1,1,26,5,2024-01-26,WN,N116AB,2384,JFK,"New York, NY",NY,DFW,"Dallas/Fort Worth, TX",TX,1026,1018,-8.00,1322,1322,0.00,0.00,,0.00,146.00,1168.00,,,,,
2024,1,1,7,7,2024-01-07,DL,N937DD,2982,SFO,"San Francisco, CA",CA,DEN,"Denver, CO",CO,1055,1053,-2.00,1532,1528,-4.00,0.00,,0.00,247.00,1976.00,,,,,
2024,1,1,12,5,2024-01-12,WN,N804AF,1348,LAX,"Los Angeles, CA",CA,DFW,"Dallas/Fort Worth, TX",TX,0910,0906,-4.00,1044,1030,-14.00,0.00,,0.00,64.00,512.00,,,,,
2024,1,1,25,4,2024-01-25,B6,N899AC,256,ATL,"Atlanta, GA",GA,PHX,"Phoenix, AZ",AZ,1602,1612,10.00,1943,1949,6.00,0.00,,0.00,191.00,1528.00,,,,,
2024,1,1,29,1,2024-01-29,WN,N335CE,1102,DEN,"Denver, CO",CO,ATL,"Atlanta, GA",GA,0921,0905,-16.00,1232,1205,-27.00,0.00,,0.00,161.00,1288.00,,,,,
2024,1,1,20,6,2024-01-20,NK,N663DA,360,DEN,"Denver, CO",CO,PHX,"Phoenix, AZ",AZ,1504,1504,0.00,2049,2053,4.00,0.00,,0.00,315.00,2520.00,,,,,
2024,1,1,8,1,2024-01-08,AA,N168BD,1236,SFO,"San Francisco, CA",CA,PHX,"Phoenix, AZ",AZ,1430,1432,2.00,1908,1901,-7.00,0.00,,0.00,248.00,1984.00,,,,,
2024,1,1,19,5,2024-01-19,F9,N702AC,1548,BOS,"Boston, MA",MA,ATL,"Atlanta, GA",GA,1406,1408,2.00,1546,1558,12.00,0.00,,0.00,70.00,560.00,,,,,
2024,1,1,21,7,2024-01-21,AS,N175EF,2882,ATL,"Atlanta, GA",GA,LAX,"Los Angeles, CA",CA,1412,1412,0.00,1625,1613,-12.00,0.00,,0.00,103.00,824.00,,,,,
2024,1,1,25,4,2024-01-25,AA,N233GE,44,PHX,"Phoenix, AZ",AZ,JFK,"New York, NY",NY,0744,0742,-2.00,1204,1202,-2.00,0.00,,0.00,230.00,1840.00,,,,,
2024,1,1,17,3,2024-01-17,WN,N329AC,406,DFW,"Dallas/Fort Worth, TX",TX,DEN,"Denver, CO",CO,1810,1808,-2.00,2021,2016,-5.00,0.00,,0.00,101.00,808.00,,,,,
2024,1,1,6,6,2024-01-06,NK,N737CC,2905,SEA,"Seattle, WA",WA,DEN,"Denver, CO",CO,0909,0910,1.00,1220,1228,8.00,0.00,,0.00,161.00,1288.00,,,,,
2024,1,1,30,2,2024-01-30,NK,N556FB,2230,DFW,"Dallas/Fort Worth, TX",TX,SEA,"Seattle, WA",WA,1432,1424,-8.00,1717,1717,0.00,0.00,,0.00,135.00,1080.00,,,,,
2024,1,1,28,7,2024-01-28,NK,N800GD,1130,PHX,"Phoenix, AZ",AZ,SFO,"San Francisco, CA",CA,0653,0645,-8.00,1042,1039,-3.00,0.00,,0.00,199.00,1592.00,,,,,
2024,1,1,24,3,2024-01-24,F9,N127GC,1591,ATL,"Atlanta, GA",GA,DEN,"Denver, CO",CO,1911,1901,-10.00,2255,2248,-7.00,0.00,,0.00,194.00,1552.00,,,,,
2024,1,1,25,4,2024-01-25,UA,N559BF,306,MIA,"Miami, FL",FL,BOS,"Boston, MA",MA,1142,1137,-5.00,1451,1450,-1.00,0.00,,0.00,159.00,1272.00,,,,,
2024,1,1,22,1,2024-01-22,AA,N306AD,785,SFO,"San Francisco, CA",CA,SEA,"Seattle, WA",WA,0925,0926,1.00,1226,1231,5.00,0.00,,0.00,151.00,1208.00,,,,,
2024,1,1,9,2,2024-01-09,AS,N470FE,1127,DEN,"Denver, CO",CO,ATL,"Atlanta, GA",GA,1647,1645,-2.00,2111,2115,4.00,0.00,,0.00,234.00,1872.00,,,,,
2024,1,1,2,2,2024-01-02,DL,N917GB,874,SEA,"Seattle, WA",WA,LAX,"Los Angeles, CA",CA,1346,1442,56.00,1746,1833,47.00,0.00,,0.00,210.00,1680.00,9.00,6.00,3.00,29.00,0.00
2024,1,1,12,5,2024-01-12,UA,N389EF,1869,SEA,"Seattle, WA",WA,DFW,"Dallas/Fort Worth, TX",TX,2135,2134,-1.00,0218,0209,-9.00,0.00,,0.00,253.00,2024.00,,,,,
2024,1,1,24,3,2024-01-24,F9,N980BA,412,DEN,"Denver, CO",CO,PHX,"Phoenix, AZ",AZ,1010,1007,-3.00,1510,1508,-2.00,0.00,,0.00,270.00,2160.00,,,,,
2024,1,1,14,7,2024-01-14,AA,N858CF,546,ATL,"Atlanta, GA",GA,PHX,"Phoenix, AZ",AZ,1805,1758,-7.00,2050,2047,-3.00,0.00,,0.00,135.00,1080.00,,,,,
2024,1,1,29,1,2024-01-29,B6,N754BD,2808,PHX,"Phoenix, AZ",AZ,ATL,"Atlanta, GA",GA,1625,1747,82.00,2057,2209,72.00,0.00,,0.00,242.00,1936.00,22.00,1.00,0.00,47.00,2.00
2024,1,1,20,6,2024-01-20,AS,N784EA,1386,DFW,"Dallas/Fort Worth, TX",TX,JFK,"New York, NY",NY,1816,1819,3.00,2335,2338,3.00,0.00,,0.00,289.00,2312.00,,,,,
2024,1,1,15,1,2024-01-15,AS,N608EB,2823,MIA,"Miami, FL",FL,ORD,"Chicago, IL",IL,1022,1015,-7.00,1615,1606,-9.00,0.00,,0.00,323.00,2584.00,,,,,
2024,1,1,13,6,2024-01-13,B6,N799AD,2377,ORD,"Chicago, IL",IL,SEA,"Seattle, WA",WA,1624,1824,120.00,2151,2345,114.00,0.00,,0.00,297.00,2376.00,14.00,41.00,10.00,18.00,31.00
2024,1,1,12,5,2024-01-12,WN,N279FE,2888,JFK,"New York, NY",NY,MIA,"Miami, FL",FL,0623,0624,1.00,1100,1056,-4.00,0.00,,0.00,247.00,1976.00,,,,,
2024,1,1,25,4,2024-01-25,UA,N850DB,723,IAH,"Houston, TX",TX,ATL,"Atlanta, GA",GA,2255,2254,-1.00,0358,0348,-10.00,0.00,,0.00,273.00,2184.00,,,,,
2024,1,1,15,1,2024-01-15,AS,N254AF,2702,LAX,"Los Angeles, CA",CA,BOS,"Boston, MA",MA,1302,1302,0.00,1633,1639,6.00,0.00,,0.00,181.00,1448.00,,,,,
2024,1,1,29,1,2024-01-29,B6,N359CD,2706,PHX,"Phoenix, AZ",AZ,MIA,"Miami, FL",FL,1118,1112,-6.00,1344,1334,-10.00,0.00,,0.00,116.00,928.00,,,,,
2024,1,1,19,5,2024-01-19,F9,N362FG,2678,DFW,"Dallas/Fort Worth, TX",TX,PHX,"Phoenix, AZ",AZ,0530,0529,-1.00,0702,0659,-3.00,0.00,,0.00,62.00,496.00,,,,,
2024,1,1,18,4,2024-01-18,UA,N450AC,2589,IAH,"Houston, TX",TX,PHX,"Phoenix, AZ",AZ,1656,2035,219.00,2124,0110,226.00,0.00,,0.00,238.00,1904.00,125.00,85.00,2.00,9.00,5.00
2024,1,1,15,1,2024-01-15,NK,N563AB,221,SFO,"San Francisco, CA",CA,DEN,"Denver, CO",CO,2221,2220,-1.00,0012,0008,-4.00,0.00,,0.00,81.00,648.00,,,,,
2024,1,1,16,2,2024-01-16,AA,N982EF,2972,DEN,"Denver, CO",CO,LAX,"Los Angeles, CA",CA,1128,1126,-2.00,1300,1259,-1.00,0.00,,0.00,62.00,496.00,,,,,
2024,1,1,4,4,2024-01-04,NK,N531FC,130,DEN,"Denver, CO",CO,ORD,"Chicago, IL",IL,0622,0625,3.00,0900,0906,6.00,0.00,,0.00,128.00,1024.00,,,,,
2024,1,1,25,4,2024-01-25,AS,N312BC,1792,BOS,"Boston, MA",MA,MIA,"Miami, FL",FL,1004,1004,0.00,1338,1342,4.00,0.00,,0.00,184.00,1472.00,,,,,
2024,1,1,22,1,2024-01-22,B6,N737EA,1614,PHX,"Phoenix, AZ",AZ,ATL,"Atlanta, GA",GA,1038,1038,0.00,1607,1557,-10.00,0.00,,0.00,299.00,2392.00,,,,,
2024,1,1,5,5,2024-01-05,NK,N527DF,1853,PHX,"Phoenix, AZ",AZ,DFW,"Dallas/Fort Worth, TX",TX,1206,1155,-11.00,1703,1651,-12.00,0.00,,0.00,267.00,2136.00,,,,,
2024,1,1,26,5,2024-01-26,DL,N980FF,2763,SFO,"San Francisco, CA",CA,JFK,"New York, NY",NY,0734,1114,220.00,1016,1401,225.00,0.00,,0.00,132.00,1056.00,17.00,58.00,137.00,11.00,2.00
2024,1,1,7,7,2024-01-07,B6,N421CF,702,DEN,"Denver, CO",CO,JFK,"New York, NY",NY,1255,1452,117.00,1510,1658,108.00,0.00,,0.00,105.00,840.00,0.00,0.00,0.00,108.00,0.00
2024,1,1,21,7,2024-01-21,NK,N941BC,1777,DEN,"Denver, CO",CO,DFW,"Dallas/Fort Worth, TX",TX,2227,2345,78.00,0120,0228,68.00,0.00,,0.00,143.00,1144.00,27.00,5.00,8.00,23.00,5.00
2024,1,1,5,5,2024-01-05,AS,N146AG,652,IAH,"Houston, TX",TX,DFW,"Dallas/Fort Worth, TX",TX,1652,1649,-3.00,2148,2148,0.00,0.00,,0.00,266.00,2128.00,,,,,
2024,1,1,31,3,2024-01-31,AA,N674GE,814,IAH,"Houston, TX",TX,ATL,"Atlanta, GA",GA,1706,1700,-6.00,2155,2200,5.00,0.00,,0.00,259.00,2072.00,,,,,
2024,1,1,16,2,2024-01-16,AA,N472DF,2096,IAH,"Houston, TX",TX,SEA,"Seattle, WA",WA,1459,1457,-2.00,1952,1946,-6.00,0.00,,0.00,263.00,2104.00,,,,,
2024,1,1,1,1,2024-01-01,F9,N865BB,1316,LAX,"Los Angeles, CA",CA,SFO,"San Francisco, CA",CA,1542,1536,-6.00,2016,2008,-8.00,0.00,,0.00,244.00,1952.00,,,,,
2024,1,1,16,2,2024-01-16,DL,N449CF,2299,BOS,"Boston, MA",MA,ORD,"Chicago, IL",IL,1513,1517,4.00,1858,1855,-3.00,0.00,,0.00,195.00,1560.00,,,,,
2024,1,1,10,3,2024-01-10,DL,N733EE,217,BOS,"Boston, MA",MA,PHX,"Phoenix, AZ",AZ,0913,0906,-7.00,1126,1131,5.00,0.00,,0.00,103.00,824.00,,,,,
2024,1,1,4,4,2024-01-04,B6,N649CB,1051,SFO,"San Francisco, CA",CA,LAX,"Los Angeles, CA",CA,2140,2136,-4.00,2344,2337,-7.00,0.00,,0.00,94.00,752.00,,,,,
2024,1,1,3,3,2024-01-03,UA,N211EC,926,ORD,"Chicago, IL",IL,MIA,"Miami, FL",FL,0725,0719,-6.00,0958,0950,-8.00,0.00,,0.00,123.00,984.00,,,,,
2024,1,1,8,1,2024-01-08,AA,N433AG,486,ORD,"Chicago, IL",IL,BOS,"Boston, MA",MA,0805,0758,-7.00,1022,1007,-15.00,0.00,,0.00,107.00,856.00,,,,,
2024,1,1,27,6,2024-01-27,B6,N349AE,2835,LAX,"Los Angeles, CA",CA,ORD,"Chicago, IL",IL,1619,1623,4.00,2154,2146,-8.00,0.00,,0.00,305.00,2440.00,,,,,
2024,1,1,15,1,2024-01-15,UA,N494EB,306,ORD,"Chicago, IL",IL,SFO,"San Francisco, CA",CA,0942,0942,0.00,1521,1517,-4.00,0.00,,0.00,309.00,2472.00,,,,,
2024,1,1,20,6,2024-01-20,WN,N193FD,1403,MIA,"Miami, FL",FL,PHX,"Phoenix, AZ",AZ,0941,0945,4.00,1511,1511,0.00,0.00,,0.00,300.00,2400.00,,,,,
2024,1,1,8,1,2024-01-08,DL,N916GC,1902,SFO,"San Francisco, CA",CA,LAX,"Los Angeles, CA",CA,1133,1336,123.00,1317,1528,131.00,0.00,,0.00,74.00,592.00,13.00,33.00,8.00,42.00,35.00
2024,1,1,15,1,2024-01-15,AS,N607EG,1460,DEN,"Denver, CO",CO,SFO,"San Francisco, CA",CA,0537,0538,1.00,0722,0728,6.00,0.00,,0.00,75.00,600.00,,,,,
2024,1,1,14,7,2024-01-14,F9,N988AF,261,SEA,"Seattle, WA",WA,BOS,"Boston, MA",MA,1257,1456,119.00,1709,1902,113.00,0.00,,0.00,222.00,1776.00,66.00,6.00,41.00,0.00,0.00
2024,1,1,10,3,2024-01-10,UA,N106CB,880,MIA,"Miami, FL",FL,SEA,"Seattle, WA",WA,2240,2229,-11.00,0119,0118,-1.00,0.00,,0.00,129.00,1032.00,,,,,
2024,1,1,4,4,2024-01-04,F9,N225CD,1080,SEA,"Seattle, WA",WA,JFK,"New York, NY",NY,1156,1154,-2.00,1357,1403,6.00,0.00,,0.00,91.00,728.00,,,,,
2024,1,1,22,1,2024-01-22,B6,N574FG,1607,MIA,"Miami, FL",FL,ORD,"Chicago, IL",IL,1038,1430,232.00,1544,1939,235.00,0.00,,0.00,276.00,2208.00,184.00,28.00,7.00,0.00,16.00
2024,1,1,18,4,2024-01-18,AA,N101GD,2543,LAX,"Los Angeles, CA",CA,DEN,"Denver, CO",CO,1927,1942,15.00,0048,0052,4.00,0.00,,0.00,291.00,2328.00,,,,,
2024,1,1,11,4,2024-01-11,WN,N448CC,1821,BOS,"Boston, MA",MA,ATL,"Atlanta, GA",GA,2114,2336,142.00,2250,0106,136.00,0.00,,0.00,66.00,528.00,6.00,2.00,5.00,20.00,103.00
2024,1,1,12,5,2024-01-12,NK,N740CF,2865,PHX,"Phoenix, AZ",AZ,IAH,"Houston, TX",TX,1038,1038,0.00,1234,1228,-6.00,0.00,,0.00,86.00,688.00,,,,,
2024,1,1,4,4,2024-01-04,UA,N153FC,2666,ORD,"Chicago, IL",IL,LAX,"Los Angeles, CA",CA,1808,1806,-2.00,2040,2039,-1.00,0.00,,0.00,122.00,976.00,,,,,
2024,1,1,15,1,2024-01-15,DL,N143EF,50,DFW,"Dallas/Fort Worth, TX",TX,IAH,"Houston, TX",TX,2215,2215,0.00,0010,0008,-2.00,0.00,,0.00,85.00,680.00,,,,,
2024,1,1,23,2,2024-01-23,DL,N492DE,2037,ATL,"Atlanta, GA",GA,MIA,"Miami, FL",FL,1622,1615,-7.00,1902,1845,-17.00,0.00,,0.00,130.00,1040.00,,,,,
2024,1,1,23,2,2024-01-23,F9,N899GC,2405,ORD,"Chicago, IL",IL,MIA,"Miami, FL",FL,1829,1831,2.00,2217,2211,-6.00,0.00,,0.00,198.00,1584.00,,,,,
2024,1,1,9,2,2024-01-09,DL,N105ED,1926,PHX,"Phoenix, AZ",AZ,BOS,"Boston, MA",MA,1134,1123,-11.00,1333,1313,-20.00,0.00,,0.00,89.00,712.00,,,,,
2024,1,1,3,3,2024-01-03,F9,N788GA,39,DFW,"Dallas/Fort Worth, TX",TX,SEA,"Seattle, WA",WA,1300,1300,0.00,1834,1822,-12.00,0.00,,0.00,304.00,2432.00,,,,,
2024,1,1,1,1,2024-01-01,DL,N650CB,1874,DEN,"Denver, CO",CO,ORD,"Chicago, IL",IL,0606,0603,-3.00,0956,0956,0.00,0.00,,0.00,200.00,1600.00,,,,,
2024,1,1,8,1,2024-01-08,WN,N908AA,1556,MIA,"Miami, FL",FL,JFK,"New York, NY",NY,1120,1117,-3.00,1552,1541,-11.00,0.00,,0.00,242.00,1936.00,,,,,
2024,1,1,2,2,2024-01-02,DL,N758BB,1531,ATL,"Atlanta, GA",GA,SFO,"San Francisco, CA",CA,0639,0639,0.00,0903,0906,3.00,0.00,,0.00,114.00,912.00,,,,,
2024,1,1,23,2,2024-01-23,AA,N707CE,1721,BOS,"Boston, MA",MA,LAX,"Los Angeles, CA",CA,0959,0955,-4.00,1323,1330,7.00,0.00,,0.00,174.00,1392.00,,,,,
2024,1,1,4,4,2024-01-04,AS,N979DF,2582,DFW,"Dallas/Fort Worth, TX",TX,PHX,"Phoenix, AZ",AZ,1235,1240,5.00,1538,1539,1.00,0.00,,0.00,153.00,1224.00,,,,,
2024,1,1,28,7,2024-01-28,NK,N507EA,112,SEA,"Seattle, WA",WA,BOS,"Boston, MA",MA,1156,1205,9.00,1630,1633,3.00,0.00,,0.00,244.00,1952.00,,,,,
2024,1,1,8,1,2024-01-08,AA,N872FD,49,DFW,"Dallas/Fort Worth, TX",TX,SFO,"San Francisco, CA",CA,1541,1541,0.00,2129,2123,-6.00,0.00,,0.00,318.00,2544.00,,,,,
2024,1,1,14,7,2024-01-14,B6,N631BE,1332,BOS,"Boston, MA",MA,MIA,"Miami, FL",FL,2105,2105,0.00,2306,2306,0.00,0.00,,0.00,91.00,728.00,,,,,
2024,1,1,24,3,2024-01-24,UA,N473DA,1445,DFW,"Dallas/Fort Worth, TX",TX,BOS,"Boston, MA",MA,1347,1336,-11.00,1926,1922,-4.00,0.00,,0.00,309.00,2472.00,,,,,
2024,1,1,22,1,2024-01-22,AS,N840GB,1826,DEN,"Denver, CO",CO,IAH,"Houston, TX",TX,1949,1944,-5.00,2219,2204,-15.00,0.00,,0.00,120.00,960.00,,,,,
2024,1,1,26,5,2024-01-26,F9,N351GF,535,DEN,"Denver, CO",CO,LAX,"Los Angeles, CA",CA,1902,1852,-10.00,2314,2308,-6.00,0.00,,0.00,222.00,1776.00,,,,,
2024,1,1,15,1,2024-01-15,WN,N414DD,2267,SFO,"San Francisco, CA",CA,IAH,"Houston, TX",TX,1505,1508,3.00,1739,1746,7.00,0.00,,0.00,124.00,992.00,,,,,
2024,1,1,29,1,2024-01-29,NK,N617DB,882,ORD,"Chicago, IL",IL,JFK,"New York, NY",NY,0547,0545,-2.00,0803,0758,-5.00,0.00,,0.00,106.00,848.00,,,,,
2024,1,1,13,6,2024-01-13,F9,N542GD,1690,PHX,"Phoenix, AZ",AZ,ATL,"Atlanta, GA",GA,0601,0605,4.00,0750,0806,16.00,0.00,,0.00,79.00,632.00,3.00,1.00,8.00,4.00,0.00
2024,1,1,7,7,2024-01-07,F9,N184BA,197,SEA,"Seattle, WA",WA,MIA,"Miami, FL",FL,0705,0654,-11.00,0839,0824,-15.00,0.00,,0.00,64.00,512.00,,,,,
2024,1,1,15,1,2024-01-15,B6,N765CB,1123,JFK,"New York, NY",NY,SEA,"Seattle, WA",WA,1936,1940,4.00,2249,2243,-6.00,0.00,,0.00,163.00,1304.00,,,,,
2024,1,1,28,7,2024-01-28,DL,N997BG,2890,IAH,"Houston, TX",TX,SFO,"San Francisco, CA",CA,2154,2156,2.00,0023,0013,-10.00,0.00,,0.00,119.00,952.00,,,,,
2024,1,1,11,4,2024-01-11,UA,N535DE,1987,BOS,"Boston, MA",MA,SEA,"Seattle, WA",WA,0716,0717,1.00,1135,1124,-11.00,0.00,,0.00,229.00,1832.00,,,,,
2024,1,1,25,4,2024-01-25,B6,N714FE,2212,ORD,"Chicago, IL",IL,IAH,"Houston, TX",TX,1026,1012,-14.00,1239,1237,-2.00,0.00,,0.00,103.00,824.00,,,,,
2024,1,1,19,5,2024-01-19,F9,N114EA,1503,SFO,"San Francisco, CA",CA,DEN,"Denver, CO",CO,0902,1252,230.00,1406,1757,231.00,0.00,,0.00,274.00,2192.00,7.00,2.00,18.00,179.00,25.00
2024,1,1,16,2,2024-01-16,AA,N959GA,2738,LAX,"Los Angeles, CA",CA,BOS,"Boston, MA",MA,0700,0700,0.00,1258,1250,-8.00,0.00,,0.00,328.00,2624.00,,,,,
2024,1,1,25,4,2024-01-25,B6,N654AA,868,DFW,"Dallas/Fort Worth, TX",TX,SEA,"Seattle, WA",WA,1310,1305,-5.00,1704,1707,3.00,0.00,,0.00,204.00,1632.00,,,,,
2024,1,1,31,3,2024-01-31,AA,N542GC,590,ATL,"Atlanta, GA",GA,ORD,"Chicago, IL",IL,1028,1033,5.00,1506,1511,5.00,0.00,,0.00,248.00,1984.00,,,,,
2024,1,1,6,6,2024-01-06,WN,N386EF,1132,JFK,"New York, NY",NY,DEN,"Denver, CO",CO,1706,1705,-1.00,2048,2048,0.00,0.00,,0.00,192.00,1536.00,,,,,
2024,1,1,17,3,2024-01-17,UA,N984BG,2804,PHX,"Phoenix, AZ",AZ,SFO,"San Francisco, CA",CA,1641,1635,-6.00,2054,2037,-17.00,0.00,,0.00,223.00,1784.00,,,,,
2024,1,1,5,5,2024-01-05,B6,N739DA,1730,DEN,"Denver, CO",CO,PHX,"Phoenix, AZ",AZ,0803,0805,2.00,1358,1411,13.00,0.00,,0.00,325.00,2600.00,,,,,
2024,1,1,12,5,2024-01-12,WN,N909ED,1158,SEA,"Seattle, WA",WA,MIA,"Miami, FL",FL,1955,1955,0.00,2141,2152,11.00,0.00,,0.00,76.00,608.00,,,,,
2024,1,1,21,7,2024-01-21,F9,N488CF,2819,LAX,"Los Angeles, CA",CA,BOS,"Boston, MA",MA,1321,1323,2.00,1614,1611,-3.00,0.00,,0.00,143.00,1144.00,,,,,
2024,1,1,21,7,2024-01-21,DL,N402BE,337,ATL,"Atlanta, GA",GA,IAH,"Houston, TX",TX,0509,0514,5.00,0934,0940,6.00,0.00,,0.00,235.00,1880.00,,,,,
2024,1,1,19,5,2024-01-19,B6,N869AC,1821,LAX,"Los Angeles, CA",CA,DFW,"Dallas/Fort Worth, TX",TX,1341,1344,3.00,1554,1555,1.00,0.00,,0.00,103.00,824.00,,,,,
2024,1,1,3,3,2024-01-03,WN,N875FB,96,BOS,"Boston, MA",MA,IAH,"Houston, TX",TX,1539,,,2135,,,1.00,C,0.00,,2608.00,,,,,
2024,1,1,16,2,2024-01-16,WN,N527CE,389,SFO,"San Francisco, CA",CA,IAH,"Houston, TX",TX,1431,1430,-1.00,1930,1920,-10.00,0.00,,0.00,269.00,2152.00,,,,,
2024,1,1,5,5,2024-01-05,AS,N706BD,24,LAX,"Los Angeles, CA",CA,ORD,"Chicago, IL",IL,2049,2053,4.00,2306,2312,6.00,0.00,,0.00,107.00,856.00,,,,,
2024,1,1,22,1,2024-01-22,F9,N102AC,47,SFO,"San Francisco, CA",CA,ATL,"Atlanta, GA",GA,0636,1016,220.00,1217,1545,208.00,0.00,,0.00,311.00,2488.00,6.00,3.00,4.00,1.00,194.00
2024,1,1,14,7,2024-01-14,WN,N391BA,1180,BOS,"Boston, MA",MA,ORD,"Chicago, IL",IL,1543,1543,0.00,1803,1759,-4.00,0.00,,0.00,110.00,880.00,,,,,
2024,1,1,16,2,2024-01-16,B6,N520GB,2701,SFO,"San Francisco, CA",CA,ORD,"Chicago, IL",IL,2243,2240,-3.00,0023,0008,-15.00,0.00,,0.00,70.00,560.00,,,,,
2024,1,1,15,1,2024-01-15,WN,N376FG,1415,JFK,"New York, NY",NY,DEN,"Denver, CO",CO,2143,2159,16.00,0025,0036,11.00,0.00,,0.00,132.00,1056.00,,,,,
2024,1,1,27,6,2024-01-27,WN,N323AB,2874,SFO,"San Francisco, CA",CA,LAX,"Los Angeles, CA",CA,1448,1517,29.00,1908,1925,17.00,0.00,,0.00,230.00,1840.00,0.00,2.00,0.00,15.00,0.00
2024,1,1,28,7,2024-01-28,F9,N509DE,2421,JFK,"New York, NY",NY,MIA,"Miami, FL",FL,1455,1839,224.00,1643,2030,227.00,0.00,,0.00,78.00,624.00,43.00,147.00,35.00,0.00,2.00
2024,1,1,24,3,2024-01-24,WN,N947FC,2394,BOS,"Boston, MA",MA,SEA,"Seattle, WA",WA,0934,0934,0.00,1322,1328,6.00,0.00,,0.00,198.00,1584.00,,,,,
2024,1,1,24,3,2024-01-24,AA,N451FG,456,SEA,"Seattle, WA",WA,DEN,"Denver, CO",CO,1002,0948,-14.00,1359,1343,-16.00,0.00,,0.00,207.00,1656.00,,,,,
2024,1,1,23,2,2024-01-23,UA,N475GE,1199,IAH,"Houston, TX",TX,DFW,"Dallas/Fort Worth, TX",TX,1231,1235,4.00,1748,1748,0.00,0.00,,0.00,287.00,2296.00,,,,,
2024,1,1,3,3,2024-01-03,UA,N725GG,72,DFW,"Dallas/Fort Worth, TX",TX,BOS,"Boston, MA",MA,0946,1040,54.00,1406,1449,43.00,0.00,,0.00,230.00,1840.00,4.00,30.00,8.00,0.00,1.00
2024,1,1,20,6,2024-01-20,F9,N421BD,1308,LAX,"Los Angeles, CA",CA,ORD,"Chicago, IL",IL,1556,1546,-10.00,1908,1853,-15.00,0.00,,0.00,162.00,1296.00,,,,,
2024,1,1,16,2,2024-01-16,UA,N841DA,806,DEN,"Denver, CO",CO,ORD,"Chicago, IL",IL,0805,0759,-6.00,1019,1002,-17.00,0.00,,0.00,104.00,832.00,,,,,
2024,1,1,21,7,2024-01-21,B6,N855GG,2796,SEA,"Seattle, WA",WA,JFK,"New York, NY",NY,1227,1243,16.00,1501,1526,25.00,0.00,,0.00,124.00,992.00,5.00,0.00,3.00,0.00,17.00
2024,1,1,20,6,2024-01-20,NK,N285CG,2777,SFO,"San Francisco, CA",CA,SEA,"Seattle, WA",WA,1049,1027,-22.00,1501,1446,-15.00,0.00,,0.00,222.00,1776.00,,,,,
2024,1,1,16,2,2024-01-16,WN,N969GG,571,LAX,"Los Angeles, CA",CA,SFO,"San Francisco, CA",CA,0702,0708,6.00,1130,1137,7.00,0.00,,0.00,238.00,1904.00,,,,,
2024,1,1,4,4,2024-01-04,DL,N627BG,585,JFK,"New York, NY",NY,IAH,"Houston, TX",TX,1141,1144,3.00,1415,1409,-6.00,0.00,,0.00,124.00,992.00,,,,,
2024,1,1,26,5,2024-01-26,UA,N309BC,104,ATL,"Atlanta, GA",GA,IAH,"Houston, TX",TX,0522,,,0924,,,1.00,D,0.00,,1696.00,,,,,
2024,1,1,15,1,2024-01-15,B6,N314CG,2695,SFO,"San Francisco, CA",CA,BOS,"Boston, MA",MA,1435,1640,125.00,1847,2056,129.00,0.00,,0.00,222.00,1776.00,6.00,12.00,63.00,28.00,20.00
2024,1,1,9,2,2024-01-09,WN,N329FA,2670,SFO,"San Francisco, CA",CA,JFK,"New York, NY",NY,0539,0533,-6.00,0735,0724,-11.00,0.00,,0.00,86.00,688.00,,,,,
2024,1,1,7,7,2024-01-07,B6,N497AD,2245,DFW,"Dallas/Fort Worth, TX",TX,SEA,"Seattle, WA",WA,1901,1901,0.00,0012,0024,12.00,0.00,,0.00,281.00,2248.00,,,,,
2024,1,1,27,6,2024-01-27,AS,N615EB,2358,DEN,"Denver, CO",CO,ATL,"Atlanta, GA",GA,1617,1622,5.00,1838,1842,4.00,0.00,,0.00,111.00,888.00,,,,,
2024,1,1,16,2,2024-01-16,WN,N391BD,1030,LAX,"Los Angeles, CA",CA,IAH,"Houston, TX",TX,0628,0957,209.00,0825,1156,211.00,0.00,,0.00,87.00,696.00,47.00,1.00,124.00,32.00,7.00
2024,1,1,5,5,2024-01-05,AA,N160DD,2333,SEA,"Seattle, WA",WA,DFW,"Dallas/Fort Worth, TX",TX,1814,1818,4.00,2020,2029,9.00,0.00,,0.00,96.00,768.00,,,,,
2024,1,1,23,2,2024-01-23,F9,N523EE,2348,ORD,"Chicago, IL",IL,DEN,"Denver, CO",CO,0948,1131,103.00,1545,1720,95.00,0.00,,0.00,327.00,2616.00,5.00,32.00,5.00,1.00,52.00
2024,1,1,21,7,2024-01-21,B6,N549CG,1920,DFW,"Dallas/Fort Worth, TX",TX,DEN,"Denver, CO",CO,1916,1912,-4.00,0040,0037,-3.00,0.00,,0.00,294.00,2352.00,,,,,
2024,1,1,18,4,2024-01-18,AS,N713FE,380,JFK,"New York, NY",NY,SEA,"Seattle, WA",WA,1044,1037,-7.00,1235,1225,-10.00,0.00,,0.00,81.00,648.00,,,,,
2024,1,1,24,3,2024-01-24,B6,N876DB,2216,MIA,"Miami, FL",FL,DEN,"Denver, CO",CO,0920,0921,1.00,1446,1453,7.00,0.00,,0.00,296.00,2368.00,,,,,
2024,1,1,6,6,2024-01-06,UA,N779AB,1084,??,"New York, NY",NY,BOS,"Boston, MA",MA,1519,1518,-1.00,1653,1657,4.00,0.00,,0.00,64.00,512.00,,,,,
2024,1,1,4,4,2024-01-04,AA,N723FG,2841,ORD,"Chicago, IL",IL,MIA,"Miami, FL",FL,1243,1247,4.00,1752,1806,14.00,0.00,,0.00,279.00,2232.00,,,,,
2024,1,1,3,3,2024-01-03,DL,N775FF,844,ORD,"Chicago, IL",IL,IAH,"Houston, TX",TX,0749,0742,-7.00,1219,1215,-4.00,0.00,,0.00,240.00,1920.00,,,,,
2024,1,1,10,3,2024-01-10,NK,N263GB,2489,ORD,"Chicago, IL",IL,BOS,"Boston, MA",MA,1746,1744,-2.00,2337,2331,-6.00,0.00,,0.00,321.00,2568.00,,,,,
2024,1,1,13,6,2024-01-13,NK,N946BE,395,LAX,"Los Angeles, CA",CA,SFO,"San Francisco, CA",CA,0533,0821,168.00,0846,1123,157.00,0.00,,0.00,163.00,1304.00,0.00,0.00,0.00,3.00,154.00
2024,1,1,25,4,2024-01-25,AA,N571CF,2363,LAX,"Los Angeles, CA",CA,IAH,"Houston, TX",TX,1956,1951,-5.00,0045,0043,-2.00,0.00,,0.00,259.00,2072.00,,,,,
2024,1,1,28,7,2024-01-28,F9,N823BE,2881,SFO,"San Francisco, CA",CA,DFW,"Dallas/Fort Worth, TX",TX,2200,2158,-2.00,0237,0240,3.00,0.00,,0.00,247.00,1976.00,,,,,
2024,1,1,27,6,2024-01-27,AS,N548BC,2346,LAX,"Los Angeles, CA",CA,IAH,"Houston, TX",TX,1512,1459,-13.00,1824,1821,-3.00,0.00,,0.00,162.00,1296.00,,,,,
2024,1,1,7,7,2024-01-07,B6,N973BC,154,IAH,"Houston, TX",TX,BOS,"Boston, MA",MA,0948,0945,-3.00,1223,,,0.00,,1.00,,1000.00,,,,,
2024,1,1,4,4,2024-01-04,NK,N304DC,265,SFO,"San Francisco, CA",CA,LAX,"Los Angeles, CA",CA,0841,1100,139.00,1334,1547,133.00,0.00,,0.00,263.00,2104.00,64.00,9.00,20.00,39.00,1.00
2024,1,1,29,1,2024-01-29,AA,N782GE,2985,JFK,"New York, NY",NY,IAH,"Houston, TX",TX,1947,1947,0.00,0140,0132,-8.00,0.00,,0.00,323.00,2584.00,,,,,
2024,1,1,22,1,2024-01-22,WN,N812GD,2187,SEA,"Seattle, WA",WA,LAX,"Los Angeles, CA",CA,1820,1822,2.00,2302,2303,1.00,0.00,,0.00,252.00,2016.00,,,,,
2024,1,1,27,6,2024-01-27,B6,N841FC,1858,LAX,"Los Angeles, CA",CA,MIA,"Miami, FL",FL,2226,2216,-10.00,0211,0201,-10.00,0.00,,0.00,195.00,1560.00,,,,,
2024,1,1,31,3,2024-01-31,DL,N170CF,1477,SEA,"Seattle, WA",WA,BOS,"Boston, MA",MA,1941,1936,-5.00,2151,2141,-10.00,0.00,,0.00,100.00,800.00,,,,,
2024,1,1,31,3,2024-01-31,F9,N491FE,988,SEA,"Seattle, WA",WA,DFW,"Dallas/Fort Worth, TX",TX,0951,0945,-6.00,1207,1203,-4.00,0.00,,0.00,106.00,848.00,,,,,
2024,1,1,6,6,2024-01-06,AS,N998DG,1157,DEN,"Denver, CO",CO,BOS,"Boston, MA",MA,0634,0636,2.00,1129,1121,-8.00,0.00,,0.00,265.00,2120.00,,,,,
2024,1,1,19,5,2024-01-19,UA,N757CD,1004,ATL,"Atlanta, GA",GA,MIA,"Miami, FL",FL,0602,0555,-7.00,1146,1136,-10.00,0.00,,0.00,314.00,2512.00,,,,,
2024,1,1,16,2,2024-01-16,DL,N637GC,1190,PHX,"Phoenix, AZ",AZ,JFK,"New York, NY",NY,1929,1927,-2.00,2212,2158,-14.00,0.00,,0.00,133.00,1064.00,,,,,
2024,1,1,5,5,2024-01-05,WN,N765AG,792,ORD,"Chicago, IL",IL,SFO,"San Francisco, CA",CA,0819,0816,-3.00,1328,1331,3.00,0.00,,0.00,279.00,2232.00,,,,,
2024,1,1,23,2,2024-01-23,AS,N714CF,2853,BOS,"Boston, MA",MA,MIA,"Miami, FL",FL,1051,1423,212.00,1429,1811,222.00,0.00,,0.00,188.00,1504.00,6.00,17.00,85.00,37.00,77.00
2024,1,1,18,4,2024-01-18,F9,N744BC,2072,DEN,"Denver, CO",CO,BOS,"Boston, MA",MA,2002,2004,2.00,2250,2244,-6.00,0.00,,0.00,138.00,1104.00,,,,,
2024,1,1,21,7,2024-01-21,B6,N223DC,2272,DEN,"Denver, CO",CO,LAX,"Los Angeles, CA",CA,2029,2035,6.00,2206,2213,7.00,0.00,,0.00,67.00,536.00,,,,,
2024,1,1,19,5,2024-01-19,UA,N596AB,2071,SEA,"Seattle, WA",WA,PHX,"Phoenix, AZ",AZ,1457,1616,79.00,1640,1751,71.00,0.00,,0.00,73.00,584.00,0.00,5.00,38.00,14.00,14.00
2024,1,1,31,3,2024-01-31,DL,N943BE,476,ORD,"Chicago, IL",IL,LAX,"Los Angeles, CA",CA,1413,,,1609,,,1.00,C,0.00,,688.00,,,,,
2024,1,1,11,4,2024-01-11,WN,N650AE,1846,ATL,"Atlanta, GA",GA,DFW,"Dallas/Fort Worth, TX",TX,2143,2141,-2.00,0259,0255,-4.00,0.00,,0.00,286.00,2288.00,,,,,
2024,1,1,2,2,2024-01-02,F9,N562AA,1511,DFW,"Dallas/Fort Worth, TX",TX,BOS,"Boston, MA",MA,0731,0721,-10.00,1139,1119,-20.00,0.00,,0.00,218.00,1744.00,,,,,
2024,1,1,21,7,2024-01-21,AA,N670EA,373,SEA,"Seattle, WA",WA,SFO,"San Francisco, CA",CA,1846,2144,178.00,2347,0242,175.00,0.00,,0.00,271.00,2168.00,19.00,6.00,28.00,29.00,93.00
2024,1,1,17,3,2024-01-17,AS,N641DD,2469,SFO,"San Francisco, CA",CA,ATL,"Atlanta, GA",GA,1003,1324,201.00,1417,1734,197.00,0.00,,0.00,224.00,1792.00,182.00,5.00,0.00,4.00,6.00
2024,1,1,28,7,2024-01-28,AA,N308BF,2503,BOS,"Boston, MA",MA,ORD,"Chicago, IL",IL,0646,0635,-11.00,1210,1151,-19.00,0.00,,0.00,294.00,2352.00,,,,,
2024,1,1,9,2,2024-01-09,DL,N263EF,1297,MIA,"Miami, FL",FL,LAX,"Los Angeles, CA",CA,1833,1824,-9.00,2341,2330,-11.00,0.00,,0.00,278.00,2224.00,,,,,
2024,1,1,30,2,not-a-date,NK,N171FC,2553,BOS,"Boston, MA",MA,PHX,"Phoenix, AZ",AZ,1143,1502,199.00,1619,1935,196.00,0.00,,0.00,246.00,1968.00,0.00,2.00,89.00,2.00,103.00
2024,1,1,28,7,2024-01-28,NK,N272EB,708,PHX,"Phoenix, AZ",AZ,DFW,"Dallas/Fort Worth, TX",TX,1744,1742,-2.00,1955,1952,-3.00,0.00,,0.00,101.00,808.00,,,,,
2024,1,1,14,7,2024-01-14,AS,N655FE,1731,ATL,"Atlanta, GA",GA,DFW,"Dallas/Fort Worth, TX",TX,0500,0502,2.00,0923,0925,2.00,0.00,,0.00,233.00,1864.00,,,,,
2024,1,1,4,4,2024-01-04,NK,N221EE,1679,BOS,"Boston, MA",MA,LAX,"Los Angeles, CA",CA,1011,1011,0.00,1304,1307,3.00,0.00,,0.00,143.00,1144.00,,,,,
2024,1,1,28,7,2024-01-28,NK,N114FA,1403,BOS,"Boston, MA",MA,JFK,"New York, NY",NY,1059,1053,-6.00,1636,1622,-14.00,0.00,,0.00,307.00,2456.00,,,,,
2024,1,1,1,1,2024-01-01,F9,N782DA,1034,SFO,"San Francisco, CA",CA,IAH,"Houston, TX",TX,0643,0644,1.00,1201,1158,-3.00,0.00,,0.00,288.00,2304.00,,,,,
2024,1,1,3,3,2024-01-03,B6,N381EF,2398,SFO,"San Francisco, CA",CA,DFW,"Dallas/Fort Worth, TX",TX,1003,1007,4.00,1206,1212,6.00,0.00,,0.00,93.00,744.00,,,,,
2024,1,1,22,1,2024-01-22,AS,N329EE,2353,IAH,"Houston, TX",TX,LAX,"Los Angeles, CA",CA,1800,1800,0.00,2010,2015,5.00,0.00,,0.00,100.00,800.00,,,,,
2024,1,1,1,1,2024-01-01,NK,N923AA,2225,MIA,"Miami, FL",FL,JFK,"New York, NY",NY,1015,1216,121.00,1328,1519,111.00,0.00,,0.00,163.00,1304.00,23.00,5.00,10.00,53.00,20.00
2024,1,1,29,1,2024-01-29,WN,N882AD,2215,ATL,"Atlanta, GA",GA,BOS,"Boston, MA",MA,1000,0956,-4.00,1137,1126,-11.00,0.00,,0.00,67.00,536.00,,,,,
2024,1,1,6,6,2024-01-06,AA,N980AC,2465,PHX,"Phoenix, AZ",AZ,SEA,"Seattle, WA",WA,2135,2144,9.00,2315,2333,18.00,0.00,,0.00,70.00,560.00,3.00,0.00,8.00,3.00,4.00
2024,1,1,17,3,2024-01-17,NK,N588EG,154,SFO,"San Francisco, CA",CA,BOS,"Boston, MA",MA,1007,1000,-7.00,1149,1144,-5.00,0.00,,0.00,72.00,576.00,,,,,
2024,1,1,30,2,2024-01-30,DL,N375EC,113,SEA,"Seattle, WA",WA,JFK,"New York, NY",NY,0853,0840,-13.00,1405,1359,-6.00,0.00,,0.00,282.00,2256.00,,,,,
2024,1,1,2,2,2024-01-02,AA,N982ED,2037,DFW,"Dallas/Fort Worth, TX",TX,PHX,"Phoenix, AZ",AZ,1214,1208,-6.00,1549,1535,-14.00,0.00,,0.00,185.00,1480.00,,,,,
2024,1,1,16,2,2024-01-16,AA,N381GB,1005,BOS,"Boston, MA",MA,SEA,"Seattle, WA",WA,0906,1149,163.00,1208,1453,165.00,0.00,,0.00,152.00,1216.00,12.00,55.00,87.00,6.00,5.00
2024,1,1,24,3,2024-01-24,DL,N619BE,2806,DEN,"Denver, CO",CO,JFK,"New York, NY",NY,1644,1645,1.00,2158,2151,-7.00,0.00,,0.00,284.00,2272.00,,,,,
2024,1,1,31,3,2024-01-31,F9,N663DG,2793,PHX,"Phoenix, AZ",AZ,ORD,"Chicago, IL",IL,0903,0902,-1.00,1408,1411,3.00,0.00,,0.00,275.00,2200.00,,,,,
2024,1,1,15,1,2024-01-15,NK,N140FG,2798,LAX,"Los Angeles, CA",CA,DFW,"Dallas/Fort Worth, TX",TX,1455,1441,-14.00,1929,1922,-7.00,0.00,,0.00,244.00,1952.00,,,,,
2024,1,1,3,3,2024-01-03,B6,N649CD,2403,ORD,"Chicago, IL",IL,SFO,"San Francisco, CA",CA,2227,0136,189.00,0141,0458,197.00,0.00,,0.00,164.00,1312.00,62.00,55.00,62.00,11.00,7.00
2024,1,1,10,3,2024-01-10,AA,N736ED,693,IAH,"Houston, TX",TX,SFO,"San Francisco, CA",CA,1706,1705,-1.00,2249,2252,3.00,0.00,,0.00,313.00,2504.00,,,,,
2024,1,1,1,1,2024-01-01,UA,N861FD,1858,BOS,"Boston, MA",MA,IAH,"Houston, TX",TX,1751,1750,-1.00,2128,2115,-13.00,0.00,,0.00,187.00,1496.00,,,,,
2024,1,1,16,2,2024-01-16,DL,N750AE,2963,LAX,"Los Angeles, CA",CA,JFK,"New York, NY",NY,1438,1440,2.00,1715,1707,-8.00,0.00,,0.00,127.00,1016.00,,,,,
2024,1,1,24,3,2024-01-24,WN,N811DE,223,IAH,"Houston, TX",TX,DFW,"Dallas/Fort Worth, TX",TX,1217,1223,6.00,1436,1448,12.00,0.00,,0.00,109.00,872.00,,,,,
2024,1,1,29,1,2024-01-29,UA,N581DC,24,JFK,"New York, NY",NY,DFW,"Dallas/Fort Worth, TX",TX,0824,,,1122,,,1.00,D,0.00,,1184.00,,,,,
2024,1,1,15,1,2024-01-15,AS,N241ED,2844,BOS,"Boston, MA",MA,LAX,"Los Angeles, CA",CA,1749,2106,197.00,2302,0218,196.00,0.00,,0.00,283.00,2264.00,30.00,1.00,59.00,105.00,1.00
2024,1,1,28,7,2024-01-28,UA,N148CE,1647,SFO,"San Francisco, CA",CA,BOS,"Boston, MA",MA,1218,1224,6.00,1615,1627,12.00,0.00,,0.00,207.00,1656.00,,,,,
2024,1,1,13,6,2024-01-13,B6,N801DB,1871,MIA,"Miami, FL",FL,PHX,"Phoenix, AZ",AZ,1011,0958,-13.00,1341,1339,-2.00,0.00,,0.00,180.00,1440.00,,,,,
2024,1,1,8,1,2024-01-08,UA,N665CA,779,IAH,"Houston, TX",TX,JFK,"New York, NY",NY,1103,1151,48.00,1253,1345,52.00,0.00,,0.00,80.00,640.00,15.00,0.00,37.00,0.00,0.00
2024,1,1,12,5,2024-01-12,AA,N422FD,1557,LAX,"Los Angeles, CA",CA,SFO,"San Francisco, CA",CA,2150,,,0333,,,1.00,D,0.00,,2504.00,,,,,
2024,1,1,24,3,2024-01-24,F9,N325CC,836,IAH,"Houston, TX",TX,ATL,"Atlanta, GA",GA,1347,1714,207.00,1702,2029,207.00,0.00,,0.00,165.00,1320.00,15.00,37.00,2.00,122.00,31.00
2024,1,1,4,4,2024-01-04,F9,N581FD,2144,IAH,"Houston, TX",TX,DEN,"Denver, CO",CO,2041,0008,207.00,2342,0258,196.00,0.00,,0.00,151.00,1208.00,5.00,2.00,13.00,159.00,17.00
2024,1,1,25,4,2024-01-25,F9,N119AC,1260,LAX,"Los Angeles, CA",CA,BOS,"Boston, MA",MA,0501,0456,-5.00,0916,0922,6.00,0.00,,0.00,225.00,1800.00,,,,,
2024,1,1,18,4,2024-01-18,AA,N789FF,2249,SFO,"San Francisco, CA",CA,SEA,"Seattle, WA",WA,1112,1115,3.00,1508,1515,7.00,0.00,,0.00,206.00,1648.00,,,,,
2024,1,1,5,5,2024-01-05,B6,N484BF,156,DFW,"Dallas/Fort Worth, TX",TX,JFK,"New York, NY",NY,1507,1456,-11.00,1820,1811,-9.00,0.00,,0.00,163.00,1304.00,,,,,
2024,1,1,7,7,2024-01-07,WN,N903AG,828,BOS,"Boston, MA",MA,ORD,"Chicago, IL",IL,1058,1050,-8.00,1325,1305,-20.00,0.00,,0.00,117.00,936.00,,,,,
2024,1,1,23,2,2024-01-23,DL,N778BD,570,ATL,"Atlanta, GA",GA,IAH,"Houston, TX",TX,1801,1808,7.00,2313,2312,-1.00,0.00,,0.00,282.00,2256.00,,,,,
2024,1,1,29,1,2024-01-29,AA,N295BF,434,ORD,"Chicago, IL",IL,DFW,"Dallas/Fort Worth, TX",TX,0941,0941,0.00,1329,1327,-2.00,0.00,,0.00,198.00,1584.00,,,,,
2024,1,1,1,1,2024-01-01,AA,N768FF,1911,SEA,"Seattle, WA",WA,SFO,"San Francisco, CA",CA,1453,1453,0.00,1855,1902,7.00,0.00,,0.00,212.00,1696.00,,,,,
2024,1,1,24,3,2024-01-24,F9,N270FC,119,SFO,"San Francisco, CA",CA,ATL,"Atlanta, GA",GA,0821,0951,90.00,1042,1211,89.00,0.00,,0.00,111.00,888.00,9.00,1.00,72.00,5.00,2.00
2024,1,1,15,1,2024-01-15,NK,N468DA,2467,DFW,"Dallas/Fort Worth, TX",TX,ORD,"Chicago, IL",IL,1002,1003,1.00,1545,1545,0.00,0.00,,0.00,313.00,2504.00,,,,,
2024,1,1,14,7,2024-01-14,F9,N796BE,2192,ORD,"Chicago, IL",IL,SEA,"Seattle, WA",WA,1546,1618,32.00,1938,2006,28.00,0.00,,0.00,202.00,1616.00,18.00,1.00,6.00,0.00,3.00
2024,1,1,27,6,2024-01-27,AA,N323ED,1529,PHX,"Phoenix, AZ",AZ,DEN,"Denver, CO",CO,0719,0728,9.00,1006,1024,18.00,0.00,,0.00,137.00,1096.00,16.00,0.00,0.00,0.00,2.00
2024,1,1,28,7,2024-01-28,F9,N463AC,2445,LAX,"Los Angeles, CA",CA,SEA,"Seattle, WA",WA,2123,2124,1.00,0228,0232,4.00,0.00,,0.00,275.00,2200.00,,,,,
2024,1,1,29,1,2024-01-29,F9,N976DB,1960,ATL,"Atlanta, GA",GA,JFK,"New York, NY",NY,1727,1727,0.00,1902,1900,-2.00,0.00,,0.00,65.00,520.00,,,,,
2024,1,1,2,2,2024-01-02,UA,N891FA,833,SEA,"Seattle, WA",WA,ATL,"Atlanta, GA",GA,1449,1442,-7.00,1809,1750,-19.00,0.00,,0.00,170.00,1360.00,,,,,
2024,1,1,23,2,2024-01-23,AS,N688BB,1519,DEN,"Denver, CO",CO,MIA,"Miami, FL",FL,0733,0723,-10.00,0928,0911,-17.00,0.00,,0.00,85.00,680.00,,,,,
2024,1,1,20,6,2024-01-20,F9,N479AF,2158,DEN,"Denver, CO",CO,IAH,"Houston, TX",TX,1347,1507,80.00,1703,1834,91.00,0.00,,0.00,166.00,1328.00,37.00,35.00,1.00,15.00,3.00
2024,1,1,9,2,2024-01-09,F9,N547DC,490,SEA,"Seattle, WA",WA,ATL,"Atlanta, GA",GA,2142,2135,-7.00,0007,0012,5.00,0.00,,0.00,115.00,920.00,,,,,
2024,1,1,10,3,2024-01-10,F9,N363AF,670,SEA,"Seattle, WA",WA,ORD,"Chicago, IL",IL,1327,1630,183.00,1734,2031,177.00,0.00,,0.00,217.00,1736.00,5.00,31.00,127.00,13.00,1.00
2024,1,1,26,5,2024-01-26,AA,N890BF,447,ORD,"Chicago, IL",IL,IAH,"Houston, TX",TX,2230,2224,-6.00,0418,0408,-10.00,0.00,,0.00,318.00,2544.00,,,,,
2024,1,1,20,6,2024-01-20,AA,N560GE,2670,MIA,"Miami, FL",FL,BOS,"Boston, MA",MA,1807,1749,-18.00,2333,2317,-16.00,0.00,,0.00,296.00,2368.00,,,,,
2024,1,1,23,2,2024-01-23,NK,N120AE,439,SFO,"San Francisco, CA",CA,ORD,"Chicago, IL",IL,2237,2237,0.00,0245,0240,-5.00,0.00,,0.00,218.00,1744.00,,,,,
2024,1,1,10,3,2024-01-10,F9,N438AA,2560,IAH,"Houston, TX",TX,DEN,"Denver, CO",CO,1148,1141,-7.00,1406,1354,-12.00,0.00,,0.00,108.00,864.00,,,,,
2024,1,1,7,7,2024-01-07,F9,N926DB,387,BOS,"Boston, MA",MA,LAX,"Los Angeles, CA",CA,2108,2100,-8.00,0042,0045,3.00,0.00,,0.00,184.00,1472.00,,,,,
2024,1,1,13,6,2024-01-13,UA,N959GC,1353,DFW,"Dallas/Fort Worth, TX",TX,PHX,"Phoenix, AZ",AZ,1657,1659,2.00,2015,2026,11.00,0.00,,0.00,168.00,1344.00,,,,,
2024,1,1,12,5,2024-01-12,AA,N100EG,559,ATL,"Atlanta, GA",GA,ORD,"Chicago, IL",IL,1018,1028,10.00,1423,1445,22.00,0.00,,0.00,215.00,1720.00,0.00,2.00,1.00,19.00,0.00
2024,1,1,30,2,2024-01-30,WN,N286BB,2362,MIA,"Miami, FL",FL,PHX,"Phoenix, AZ",AZ,1121,1230,69.00,1305,1425,80.00,0.00,,0.00,74.00,592.00,5.00,0.00,0.00,74.00,1.00
2024,1,1,17,3,2024-01-17,UA,N439CG,219,MIA,"Miami, FL",FL,JFK,"New York, NY",NY,1053,1143,50.00,1643,1726,43.00,0.00,,0.00,320.00,2560.00,4.00,3.00,1.00,35.00,0.00
2024,1,1,27,6,2024-01-27,UA,N106BG,2015,LAX,"Los Angeles, CA",CA,ORD,"Chicago, IL",IL,1209,,,1702,,,1.00,A,0.00,,2104.00,,,,,
2024,1,1,23,2,2024-01-23,B6,N395FA,393,DFW,"Dallas/Fort Worth, TX",TX,SEA,"Seattle, WA",WA,1608,1605,-3.00,1848,1845,-3.00,0.00,,0.00,130.00,1040.00,,,,,
2024,1,1,19,5,2024-01-19,AS,N547CA,207,SEA,"Seattle, WA",WA,JFK,"New York, NY",NY,1457,1456,-1.00,1733,1744,11.00,0.00,,0.00,126.00,1008.00,,,,,
2024,1,1,30,2,2024-01-30,UA,N407FG,159,DFW,"Dallas/Fort Worth, TX",TX,MIA,"Miami, FL",FL,1236,1228,-8.00,1756,1736,-20.00,0.00,,0.00,290.00,2320.00,,,,,
2024,1,1,25,4,2024-01-25,NK,N146GF,430,IAH,"Houston, TX",TX,JFK,"New York, NY",NY,0822,0822,0.00,1350,1349,-1.00,0.00,,0.00,298.00,2384.00,,,,,
2024,1,1,23,2,2024-01-23,NK,N705FB,723,SEA,"Seattle, WA",WA,ORD,"Chicago, IL",IL,2238,2236,-2.00,0435,0432,-3.00,0.00,,0.00,327.00,2616.00,,,,,
2024,1,1,28,7,2024-01-28,AA,N490CA,937,MIA,"Miami, FL",FL,PHX,"Phoenix, AZ",AZ,2239,2317,38.00,0149,0234,45.00,0.00,,0.00,160.00,1280.00,5.00,4.00,6.00,2.00,28.00
2024,1,1,3,3,2024-01-03,UA,N996ED,1971,IAH,"Houston, TX",TX,DEN,"Denver, CO",CO,1415,1405,-10.00,1812,1759,-13.00,0.00,,0.00,207.00,1656.00,,,,,
2024,1,1,10,3,2024-01-10,UA,N374BC,2265,SEA,"Seattle, WA",WA,SFO,"San Francisco, CA",CA,0824,0822,-2.00,1232,1239,7.00,0.00,,0.00,218.00,1744.00,,,,,
2024,1,1,16,2,2024-01-16,DL,N210DB,1396,ATL,"Atlanta, GA",GA,SEA,"Seattle, WA",WA,1624,1852,148.00,2002,2225,143.00,0.00,,0.00,188.00,1504.00,44.00,48.00,40.00,7.00,4.00
2024,1,1,8,1,2024-01-08,DL,N121FD,1468,DFW,"Dallas/Fort Worth, TX",TX,BOS,"Boston, MA",MA,1651,1648,-3.00,2205,2151,-14.00,0.00,,0.00,284.00,2272.00,,,,,
2024,1,1,26,5,2024-01-26,AA,N484FB,2818,SEA,"Seattle, WA",WA,MIA,"Miami, FL",FL,2250,2251,1.00,0120,0127,7.00,0.00,,0.00,120.00,960.00,,,,,
2024,1,1,3,3,2024-01-03,AA,N513AA,757,DFW,"Dallas/Fort Worth, TX",TX,ORD,"Chicago, IL",IL,1107,1052,-15.00,1417,1410,-7.00,0.00,,0.00,160.00,1280.00,,,,,
2024,1,1,30,2,2024-01-30,B6,N885GE,2522,PHX,"Phoenix, AZ",AZ,SEA,"Seattle, WA",WA,2111,0054,223.00,0019,0407,228.00,0.00,,0.00,158.00,1264.00,29.00,179.00,0.00,20.00,0.00
2024,1,1,27,6,2024-01-27,AA,N812GD,528,JFK,"New York, NY",NY,ORD,"Chicago, IL",IL,0521,0513,-8.00,1013,1013,0.00,0.00,,0.00,262.00,2096.00,,,,,
2024,1,1,5,5,2024-01-05,B6,N438EA,1206,BOS,"Boston, MA",MA,DFW,"Dallas/Fort Worth, TX",TX,1806,,,2143,,,1.00,C,0.00,,1496.00,,,,,
2024,1,1,8,1,2024-01-08,AA,N544DC,1156,SEA,"Seattle, WA",WA,PHX,"Phoenix, AZ",AZ,1640,1638,-2.00,2149,2151,2.00,0.00,,0.00,279.00,2232.00,,,,,
2024,1,1,1,1,2024-01-01,UA,N684BB,484,IAH,"Houston, TX",TX,DFW,"Dallas/Fort Worth, TX",TX,1600,1549,-11.00,1741,1738,-3.00,0.00,,0.00,71.00,568.00,,,,,
2024,1,1,24,3,2024-01-24,F9,N245AF,2991,BOS,"Boston, MA",MA,ATL,"Atlanta, GA",GA,0508,0504,-4.00,0840,0825,-15.00,0.00,,0.00,182.00,1456.00,,,,,
2024,1,1,24,3,2024-01-24,DL,N958AC,2479,DFW,"Dallas/Fort Worth, TX",TX,SEA,"Seattle, WA",WA,0820,1016,116.00,1333,1541,128.00,0.00,,0.00,283.00,2264.00,1.00,1.00,125.00,0.00,1.00
2024,1,1,30,2,2024-01-30,B6,N146AC,2018,IAH,"Houston, TX",TX,ORD,"Chicago, IL",IL,1856,1847,-9.00,2125,2121,-4.00,0.00,,0.00,119.00,952.00,,,,,
2024,1,1,20,6,2024-01-20,B6,N251AF,1430,PHX,"Phoenix, AZ",AZ,BOS,"Boston, MA",MA,1205,1510,185.00,1400,1711,191.00,0.00,,0.00,85.00,680.00,29.00,11.00,106.00,18.00,27.00
2024,1,1,4,4,2024-01-04,AS,N856CD,1675,DFW,"Dallas/Fort Worth, TX",TX,IAH,"Houston, TX",TX,0840,0828,-12.00,1033,1031,-2.00,0.00,,0.00,83.00,664.00,,,,,
2024,1,1,12,5,2024-01-12,UA,N972AA,646,DEN,"Denver, CO",CO,JFK,"New York, NY",NY,1531,1530,-1.00,2058,2107,9.00,0.00,,0.00,297.00,2376.00,,,,,
2024,1,1,11,4,2024-01-11,WN,N231GG,2259,PHX,"Phoenix, AZ",AZ,SFO,"San Francisco, CA",CA,2021,2023,2.00,0149,0143,-6.00,0.00,,0.00,298.00,2384.00,,,,,
2024,1,1,3,3,2024-01-03,AS,N119CG,2660,ATL,"Atlanta, GA",GA,PHX,"Phoenix, AZ",AZ,1415,1640,145.00,1849,2124,155.00,0.00,,0.00,244.00,1952.00,54.00,29.00,64.00,0.00,8.00
2024,1,1,24,3,2024-01-24,AA,N819ED,260,DEN,"Denver, CO",CO,JFK,"New York, NY",NY,1419,1418,-1.00,1807,1756,-11.00,0.00,,0.00,198.00,1584.00,,,,,
2024,1,1,1,1,2024-01-01,NK,N123BE,524,MIA,"Miami, FL",FL,SFO,"San Francisco, CA",CA,1654,1654,0.00,2002,1958,-4.00,0.00,,0.00,158.00,1264.00,,,,,
2024,1,1,24,3,2024-01-24,F9,N251DG,1297,IAH,"Houston, TX",TX,DFW,"Dallas/Fort Worth, TX",TX,0529,0728,119.00,0816,1011,115.00,0.00,,0.00,137.00,1096.00,21.00,1.00,6.00,6.00,81.00
2024,1,1,22,1,2024-01-22,DL,N596BG,2161,JFK,"New York, NY",NY,DFW,"Dallas/Fort Worth, TX",TX,1059,1055,-4.00,1442,1428,-14.00,0.00,,0.00,193.00,1544.00,,,,,
2024,1,1,23,2,2024-01-23,UA,N348BF,269,DEN,"Denver, CO",CO,BOS,"Boston, MA",MA,0711,0705,-6.00,1205,1208,3.00,0.00,,0.00,264.00,2112.00,,,,,
2024,1,1,28,7,2024-01-28,AS,N696FB,1433,PHX,"Phoenix, AZ",AZ,MIA,"Miami, FL",FL,1007,1000,-7.00,1427,1429,2.00,0.00,,0.00,230.00,1840.00,,,,,
2024,1,1,9,2,2024-01-09,B6,N796FB,1101,LAX,"Los Angeles, CA",CA,SEA,"Seattle, WA",WA,0935,0948,13.00,1210,1234,24.00,0.00,,0.00,125.00,1000.00,0.00,0.00,4.00,15.00,5.00
2024,1,1,17,3,2024-01-17,DL,N345GF,2135,DEN,"Denver, CO",CO,ATL,"Atlanta, GA",GA,0750,0954,124.00,0955,1148,113.00,0.00,,0.00,95.00,760.00,16.00,0.00,30.00,22.00,45.00
2024,1,1,4,4,2024-01-04,F9,N818AD,383,ATL,"Atlanta, GA",GA,MIA,"Miami, FL",FL,2259,2301,2.00,0213,0215,2.00,0.00,,0.00,164.00,1312.00,,,,,
2024,1,1,23,2,2024-01-23,AS,N626FC,1450,IAH,"Houston, TX",TX,PHX,"Phoenix, AZ",AZ,1435,1441,6.00,2017,2034,17.00,0.00,,0.00,312.00,2496.00,1.00,5.00,0.00,11.00,0.00
2024,1,1,15,1,2024-01-15,NK,N631FA,2725,DFW,"Dallas/Fort Worth, TX",TX,SEA,"Seattle, WA",WA,1038,1222,104.00,1609,1756,107.00,0.00,,0.00,301.00,2408.00,12.00,24.00,8.00,61.00,2.00
2024,1,1,10,3,2024-01-10,B6,N862FE,1105,BOS,"Boston, MA",MA,LAX,"Los Angeles, CA",CA,0522,0520,-2.00,0743,0749,6.00,0.00,,0.00,111.00,888.00,,,,,
2024,1,1,11,4,2024-01-11,NK,N230GF,2362,PHX,"Phoenix, AZ",AZ,DEN,"Denver, CO",CO,1632,1630,-2.00,1948,1956,8.00,0.00,,0.00,166.00,1328.00,,,,,
2024,1,1,18,4,2024-01-18,B6,N719EA,2959,DEN,"Denver, CO",CO,PHX,"Phoenix, AZ",AZ,0845,,,1303,,,1.00,D,0.00,,1824.00,,,,,
2024,1,1,26,5,2024-01-26,F9,N508CG,369,ATL,"Atlanta, GA",GA,BOS,"Boston, MA",MA,1250,1248,-2.00,1511,1500,-11.00,0.00,,0.00,111.00,888.00,,,,,
2024,1,1,7,7,2024-01-07,WN,N225AD,208,PHX,"Phoenix, AZ",AZ,JFK,"New York, NY",NY,0923,0923,0.00,1140,1128,-12.00,0.00,,0.00,107.00,856.00,,,,,
2024,1,1,30,2,2024-01-30,WN,N489EF,7,DEN,"Denver, CO",CO,SFO,"San Francisco, CA",CA,1733,1733,0.00,2008,2009,1.00,0.00,,0.00,125.00,1000.00,,,,,
2024,1,1,30,2,2024-01-30,AA,N174FC,512,BOS,"Boston, MA",MA,DFW,"Dallas/Fort Worth, TX",TX,0550,0552,2.00,1002,1007,5.00,0.00,,0.00,222.00,1776.00,,,,,
2024,1,1,9,2,2024-01-09,WN,N406GA,2904,SFO,"San Francisco, CA",CA,IAH,"Houston, TX",TX,0526,0638,72.00,1017,1126,69.00,0.00,,0.00,261.00,2088.00,51.00,0.00,0.00,18.00,0.00
2024,1,1,13,6,2024-01-13,AA,N931EA,1421,LAX,"Los Angeles, CA",CA,MIA,"Miami, FL",FL,1933,1934,1.00,2210,2203,-7.00,0.00,,0.00,127.00,1016.00,,,,,
2024,1,1,14,7,2024-01-14,B6,N302FG,2939,BOS,"Boston, MA",MA,ATL,"Atlanta, GA",GA,1135,1124,-11.00,1513,1459,-14.00,0.00,,0.00,188.00,1504.00,,,,,
2024,1,1,25,4,2024-01-25,AS,N598CC,935,DEN,"Denver, CO",CO,JFK,"New York, NY",NY,0705,0705,0.00,1025,1015,-10.00,0.00,,0.00,170.00,1360.00,,,,,
2024,1,1,24,3,2024-01-24,AA,N854CG,1209,JFK,"New York, NY",NY,PHX,"Phoenix, AZ",AZ,1346,1348,2.00,1651,1653,2.00,0.00,,0.00,155.00,1240.00,,,,,
2024,1,1,10,3,2024-01-10,UA,N231FE,1729,DEN,"Denver, CO",CO,LAX,"Los Angeles, CA",CA,1222,1220,-2.00,1655,1653,-2.00,0.00,,0.00,243.00,1944.00,,,,,
2024,1,1,28,7,2024-01-28,AA,N808GD,1694,LAX,"Los Angeles, CA",CA,DEN,"Denver, CO",CO,1545,1534,-11.00,1748,1745,-3.00,0.00,,0.00,93.00,744.00,,,,,
2024,1,1,30,2,not-a-date,AA,N283FC,1687,DEN,"Denver, CO",CO,LAX,"Los Angeles, CA",CA,1102,1444,222.00,1603,1940,217.00,0.00,,0.00,271.00,2168.00,31.00,120.00,9.00,29.00,28.00
2024,1,1,18,4,2024-01-18,F9,N845DC,2239,BOS,"Boston, MA",MA,DEN,"Denver, CO",CO,1803,1759,-4.00,1941,1949,8.00,0.00,,0.00,68.00,544.00,,,,,
2024,1,1,12,5,2024-01-12,DL,N920DB,468,BOS,"Boston, MA",MA,ORD,"Chicago, IL",IL,2147,2145,-2.00,0150,0154,4.00,0.00,,0.00,213.00,1704.00,,,,,
2024,1,1,17,3,2024-01-17,DL,N942GC,1861,IAH,"Houston, TX",TX,DEN,"Denver, CO",CO,0835,0818,-17.00,1252,1236,-16.00,0.00,,0.00,227.00,1816.00,,,,,
2024,1,1,4,4,2024-01-04,F9,N254GB,2133,LAX,"Los Angeles, CA",CA,ORD,"Chicago, IL",IL,0849,0839,-10.00,1134,1116,-18.00,0.00,,0.00,135.00,1080.00,,,,,
2024,1,1,25,4,2024-01-25,F9,N868AC,1600,LAX,"Los Angeles, CA",CA,PHX,"Phoenix, AZ",AZ,1142,1423,161.00,1352,1631,159.00,0.00,,0.00,100.00,800.00,16.00,104.00,8.00,5.00,26.00
2024,1,1,29,1,2024-01-29,UA,N481BC,1353,JFK,"New York, NY",NY,DEN,"Denver, CO",CO,1721,1711,-10.00,2126,2121,-5.00,0.00,,0.00,215.00,1720.00,,,,,
2024,1,1,24,3,2024-01-24,B6,N426BE,2077,SFO,"San Francisco, CA",CA,PHX,"Phoenix, AZ",AZ,1848,1830,-18.00,2024,2006,-18.00,0.00,,0.00,66.00,528.00,,,,,
2024,1,1,13,6,2024-01-13,B6,N707BB,389,DFW,"Dallas/Fort Worth, TX",TX,SEA,"Seattle, WA",WA,1949,,,2247,,,1.00,D,0.00,,1184.00,,,,,
2024,1,1,15,1,2024-01-15,AA,N365EA,1716,SEA,"Seattle, WA",WA,BOS,"Boston, MA",MA,1053,1059,6.00,1254,1254,0.00,0.00,,0.00,91.00,728.00,,,,,
2024,1,1,15,1,2024-01-15,NK,N968FB,108,SEA,"Seattle, WA",WA,SFO,"San Francisco, CA",CA,1400,1356,-4.00,1654,1652,-2.00,0.00,,0.00,144.00,1152.00,,,,,
2024,1,1,10,3,2024-01-10,UA,N673BD,1261,IAH,"Houston, TX",TX,LAX,"Los Angeles, CA",CA,0624,0622,-2.00,0920,0914,-6.00,0.00,,0.00,146.00,1168.00,,,,,
2024,1,1,3,3,2024-01-03,AS,N660AC,2434,DFW,"Dallas/Fort Worth, TX",TX,LAX,"Los Angeles, CA",CA,1748,2103,195.00,2040,2343,183.00,0.00,,0.00,142.00,1136.00,48.00,25.00,84.00,13.00,13.00
2024,1,1,18,4,2024-01-18,F9,N744FC,2993,DFW,"Dallas/Fort Worth, TX",TX,IAH,"Houston, TX",TX,0839,,,1030,,,1.00,A,0.00,,648.00,,,,,
2024,1,1,29,1,2024-01-29,B6,N337FC,2571,JFK,"New York, NY",NY,MIA,"Miami, FL",FL,2014,2011,-3.00,2211,2205,-6.00,0.00,,0.00,87.00,696.00,,,,,
2024,1,1,3,3,2024-01-03,B6,N223GD,709,ATL,"Atlanta, GA",GA,SEA,"Seattle, WA",WA,2208,2206,-2.00,0402,0349,-13.00,0.00,,0.00,324.00,2592.00,,,,,
2024,1,1,11,4,2024-01-11,DL,N548CB,1384,DFW,"Dallas/Fort Worth, TX",TX,SEA,"Seattle, WA",WA,0906,0916,10.00,1115,1130,15.00,0.00,,0.00,99.00,792.00,0.00,0.00,4.00,7.00,4.00
2024,1,1,31,3,2024-01-31,B6,N790GE,922,BOS,"Boston, MA",MA,PHX,"Phoenix, AZ",AZ,0626,0638,12.00,1145,1149,4.00,0.00,,0.00,289.00,2312.00,,,,,
2024,1,1,31,3,2024-01-31,NK,N804FD,1024,IAH,"Houston, TX",TX,MIA,"Miami, FL",FL,2102,2058,-4.00,2255,2259,4.00,0.00,,0.00,83.00,664.00,,,,,
2024,1,1,10,3,2024-01-10,AA,N900DF,532,ORD,"Chicago, IL",IL,SEA,"Seattle, WA",WA,1853,1842,-11.00,2209,2206,-3.00,0.00,,0.00,166.00,1328.00,,,,,
2024,1,1,23,2,2024-01-23,AS,N943BD,2459,SEA,"Seattle, WA",WA,LAX,"Los Angeles, CA",CA,1816,1814,-2.00,1948,1935,-13.00,0.00,,0.00,62.00,496.00,,,,,
2024,1,1,2,2,2024-01-02,F9,N811BF,682,IAH,"Houston, TX",TX,BOS,"Boston, MA",MA,1711,1702,-9.00,1926,1907,-19.00,0.00,,0.00,105.00,840.00,,,,,
2024,1,1,11,4,2024-01-11,B6,N720DD,2694,DFW,"Dallas/Fort Worth, TX",TX,MIA,"Miami, FL",FL,1320,1317,-3.00,1719,1719,0.00,0.00,,0.00,209.00,1672.00,,,,,
2024,1,1,26,5,2024-01-26,B6,N827AF,1017,ORD,"Chicago, IL",IL,JFK,"New York, NY",NY,1323,1312,-11.00,1845,1823,-22.00,0.00,,0.00,292.00,2336.00,,,,,
2024,1,1,26,5,2024-01-26,NK,N490BD,261,SEA,"Seattle, WA",WA,LAX,"Los Angeles, CA",CA,1014,1018,4.00,1433,1428,-5.00,0.00,,0.00,229.00,1832.00,,,,,
2024,1,1,10,3,2024-01-10,DL,N450FD,542,IAH,"Houston, TX",TX,ATL,"Atlanta, GA",GA,1203,1452,169.00,1517,1808,171.00,0.00,,0.00,164.00,1312.00,32.00,2.00,124.00,11.00,2.00
2024,1,1,7,7,2024-01-07,DL,N996DD,1679,SFO,"San Francisco, CA",CA,BOS,"Boston, MA",MA,0540,,,0739,,,1.00,B,0.00,,712.00,,,,,
2024,1,1,10,3,2024-01-10,B6,N933CE,2954,ATL,"Atlanta, GA",GA,MIA,"Miami, FL",FL,1916,1906,-10.00,2253,2246,-7.00,0.00,,0.00,187.00,1496.00,,,,,
2024,1,1,12,5,2024-01-12,AA,N702FD,1116,DFW,"Dallas/Fort Worth, TX",TX,DEN,"Denver, CO",CO,2103,2102,-1.00,0014,0015,1.00,0.00,,0.00,161.00,1288.00,,,,,
2024,1,1,15,1,2024-01-15,AS,N126AC,2271,BOS,"Boston, MA",MA,IAH,"Houston, TX",TX,2229,2228,-1.00,0327,0324,-3.00,0.00,,0.00,268.00,2144.00,,,,,
2024,1,1,24,3,2024-01-24,AS,N504FA,573,BOS,"Boston, MA",MA,MIA,"Miami, FL",FL,0723,1122,239.00,1126,1526,240.00,0.00,,0.00,213.00,1704.00,0.00,192.00,45.00,3.00,0.00
2024,1,1,26,5,2024-01-26,WN,N262AF,679,BOS,"Boston, MA",MA,DFW,"Dallas/Fort Worth, TX",TX,1251,1403,72.00,1546,1710,84.00,0.00,,0.00,145.00,1160.00,12.00,51.00,0.00,18.00,3.00
2024,1,1,22,1,2024-01-22,B6,N572FE,2984,BOS,"Boston, MA",MA,IAH,"Houston, TX",TX,1238,1228,-10.00,1706,1654,-12.00,0.00,,0.00,238.00,1904.00,,,,,
2024,1,1,22,1,2024-01-22,UA,N400FF,1643,LAX,"Los Angeles, CA",CA,JFK,"New York, NY",NY,2026,0004,218.00,0059,0434,215.00,0.00,,0.00,243.00,1944.00,23.00,9.00,180.00,2.00,1.00
2024,1,1,11,4,2024-01-11,F9,N129DF,958,JFK,"New York, NY",NY,BOS,"Boston, MA",MA,1853,1852,-1.00,2056,2100,4.00,0.00,,0.00,93.00,744.00,,,,,
2024,1,1,25,4,2024-01-25,WN,N991EA,640,SFO,"San Francisco, CA",CA,IAH,"Houston, TX",TX,0519,0731,132.00,0655,0915,140.00,0.00,,0.00,66.00,528.00,67.00,5.00,35.00,23.00,10.00
2024,1,1,29,1,2024-01-29,F9,N254GE,1824,ATL,"Atlanta, GA",GA,LAX,"Los Angeles, CA",CA,1349,1342,-7.00,1841,1822,-19.00,0.00,,0.00,262.00,2096.00,,,,,
2024,1,1,20,6,2024-01-20,AS,N726GG,1283,PHX,"Phoenix, AZ",AZ,ATL,"Atlanta, GA",GA,2219,2213,-6.00,0247,0244,-3.00,0.00,,0.00,238.00,1904.00,,,,,
2024,1,1,20,6,2024-01-20,AA,N380AC,1823,SFO,"San Francisco, CA",CA,SEA,"Seattle, WA",WA,0603,0602,-1.00,0758,0751,-7.00,0.00,,0.00,85.00,680.00,,,,,
2024,1,1,24,3,2024-01-24,UA,N331EB,1863,BOS,"Boston, MA",MA,MIA,"Miami, FL",FL,1652,1649,-3.00,2119,2107,-12.00,0.00,,0.00,237.00,1896.00,,,,,
2024,1,1,10,3,2024-01-10,NK,N609DA,1339,ATL,"Atlanta, GA",GA,IAH,"Houston, TX",TX,1421,1428,7.00,1933,1937,4.00,0.00,,0.00,282.00,2256.00,,,,,
2024,1,1,31,3,2024-01-31,AS,N568FB,813,SFO,"San Francisco, CA",CA,PHX,"Phoenix, AZ",AZ,2100,2056,-4.00,2359,2349,-10.00,0.00,,0.00,149.00,1192.00,,,,,
2024,1,1,4,4,2024-01-04,WN,N442CA,397,ATL,"Atlanta, GA",GA,LAX,"Los Angeles, CA",CA,1336,1334,-2.00,1917,1914,-3.00,0.00,,0.00,311.00,2488.00,,,,,
2024,1,1,23,2,2024-01-23,F9,N494AF,178,IAH,"Houston, TX",TX,SEA,"Seattle, WA",WA,1851,1843,-8.00,0027,0007,-20.00,0.00,,0.00,306.00,2448.00,,,,,
2024,1,1,16,2,2024-01-16,UA,N509AF,1713,PHX,"Phoenix, AZ",AZ,SEA,"Seattle, WA",WA,1556,1554,-2.00,2050,2049,-1.00,0.00,,0.00,264.00,2112.00,,,,,
2024,1,1,11,4,2024-01-11,WN,N286BA,593,ORD,"Chicago, IL",IL,DEN,"Denver, CO",CO,0603,0555,-8.00,1155,1137,-18.00,0.00,,0.00,322.00,2576.00,,,,,
2024,1,1,1,1,2024-01-01,DL,N422GD,2973,DFW,"Dallas/Fort Worth, TX",TX,ORD,"Chicago, IL",IL,1835,1830,-5.00,0021,0027,6.00,0.00,,0.00,316.00,2528.00,,,,,
2024,1,1,15,1,2024-01-15,WN,N536DE,1157,MIA,"Miami, FL",FL,BOS,"Boston, MA",MA,1425,1713,168.00,2021,2304,163.00,0.00,,0.00,326.00,2608.00,111.00,11.00,3.00,10.00,28.00
2024,1,1,11,4,2024-01-11,DL,N759AD,1557,ORD,"Chicago, IL",IL,LAX,"Los Angeles, CA",CA,1657,1657,0.00,2223,2217,-6.00,0.00,,0.00,296.00,2368.00,,,,,
2024,1,1,19,5,2024-01-19,NK,N402BB,1352,DEN,"Denver, CO",CO,LAX,"Los Angeles, CA",CA,0533,0534,1.00,0916,0912,-4.00,0.00,,0.00,193.00,1544.00,,,,,
2024,1,1,5,5,2024-01-05,UA,N800FF,1907,SFO,"San Francisco, CA",CA,JFK,"New York, NY",NY,0819,0910,51.00,1342,1440,58.00,0.00,,0.00,293.00,2344.00,0.00,3.00,50.00,0.00,5.00
2024,1,1,26,5,2024-01-26,NK,N551DE,1174,PHX,"Phoenix, AZ",AZ,SFO,"San Francisco, CA",CA,2234,2215,-19.00,0039,0016,-23.00,0.00,,0.00,95.00,760.00,,,,,
2024,1,1,7,7,2024-01-07,B6,N321GC,471,MIA,"Miami, FL",FL,SEA,"Seattle, WA",WA,0547,0546,-1.00,1142,1151,9.00,0.00,,0.00,325.00,2600.00,,,,,
2024,1,1,27,6,2024-01-27,UA,N266EA,599,SFO,"San Francisco, CA",CA,DFW,"Dallas/Fort Worth, TX",TX,2229,2318,49.00,0007,0055,48.00,0.00,,0.00,68.00,544.00,5.00,40.00,2.00,1.00,0.00
2024,1,1,12,5,2024-01-12,UA,N486FE,2470,SFO,"San Francisco, CA",CA,BOS,"Boston, MA",MA,1130,1122,-8.00,1326,1330,4.00,0.00,,0.00,86.00,688.00,,,,,
2024,1,1,6,6,2024-01-06,AS,N285FG,2324,DEN,"Denver, CO",CO,MIA,"Miami, FL",FL,1337,1612,155.00,1646,1923,157.00,0.00,,0.00,159.00,1272.00,50.00,74.00,1.00,7.00,25.00
2024,1,1,7,7,2024-01-07,F9,N712DE,2710,SEA,"Seattle, WA",WA,MIA,"Miami, FL",FL,1316,1316,0.00,1450,1457,7.00,0.00,,0.00,64.00,512.00,,,,,
2024,1,1,5,5,2024-01-05,UA,N309FF,1117,MIA,"Miami, FL",FL,DEN,"Denver, CO",CO,1348,1348,0.00,1854,1848,-6.00,0.00,,0.00,276.00,2208.00,,,,,
2024,1,1,17,3,2024-01-17,UA,N687BA,2928,DFW,"Dallas/Fort Worth, TX",TX,MIA,"Miami, FL",FL,0712,0956,164.00,1110,1347,157.00,0.00,,0.00,208.00,1664.00,0.00,2.00,0.00,141.00,14.00
2024,1,1,18,4,2024-01-18,B6,N243CF,1778,ORD,"Chicago, IL",IL,SFO,"San Francisco, CA",CA,1958,,,0112,,,1.00,B,0.00,,2272.00,,,,,
2024,1,1,5,5,2024-01-05,WN,N729FA,219,ATL,"Atlanta, GA",GA,SEA,"Seattle, WA",WA,1214,1211,-3.00,1543,1529,-14.00,0.00,,0.00,179.00,1432.00,,,,,
2024,1,1,8,1,2024-01-08,WN,N105DB,1371,SEA,"Seattle, WA",WA,ORD,"Chicago, IL",IL,1920,1926,6.00,0039,0055,16.00,0.00,,0.00,289.00,2312.00,6.00,0.00,0.00,10.00,0.00
2024,1,1,28,7,2024-01-28,F9,N218EG,2372,SFO,"San Francisco, CA",CA,ORD,"Chicago, IL",IL,1350,1350,0.00,1738,1732,-6.00,0.00,,0.00,198.00,1584.00,,,,,
2024,1,1,3,3,2024-01-03,F9,N319DA,1513,SFO,"San Francisco, CA",CA,SEA,"Seattle, WA",WA,1930,1918,-12.00,2206,2150,-16.00,0.00,,0.00,126.00,1008.00,,,,,
2024,1,1,2,2,2024-01-02,F9,N685FD,1157,MIA,"Miami, FL",FL,BOS,"Boston, MA",MA,0731,0731,0.00,0911,0914,3.00,0.00,,0.00,70.00,560.00,,,,,
2024,1,1,13,6,2024-01-13,WN,N376BC,522,DFW,"Dallas/Fort Worth, TX",TX,LAX,"Los Angeles, CA",CA,2037,2042,5.00,2346,,,0.00,,1.00,,1272.00,,,,,
2024,1,1,15,1,2024-01-15,NK,N461BG,2728,PHX,"Phoenix, AZ",AZ,DEN,"Denver, CO",CO,0958,0941,-17.00,1313,1257,-16.00,0.00,,0.00,165.00,1320.00,,,,,
2024,1,1,5,5,2024-01-05,AA,N345EA,1869,SEA,"Seattle, WA",WA,BOS,"Boston, MA",MA,0607,0610,3.00,0845,0842,-3.00,0.00,,0.00,128.00,1024.00,,,,,
2024,1,1,10,3,2024-01-10,DL,N102FF,2330,ORD,"Chicago, IL",IL,JFK,"New York, NY",NY,1501,1800,179.00,1846,2149,183.00,0.00,,0.00,195.00,1560.00,93.00,7.00,78.00,0.00,5.00
2024,1,1,12,5,2024-01-12,DL,N605CA,1150,DEN,"Denver, CO",CO,SFO,"San Francisco, CA",CA,1520,1518,-2.00,1843,1848,5.00,0.00,,0.00,173.00,1384.00,,,,,
2024,1,1,4,4,not-a-date,B6,N540BA,1263,SFO,"San Francisco, CA",CA,LAX,"Los Angeles, CA",CA,0613,1008,235.00,1052,1436,224.00,0.00,,0.00,249.00,1992.00,11.00,104.00,90.00,0.00,19.00
2024,1,1,20,6,2024-01-20,WN,N391DG,707,SFO,"San Francisco, CA",CA,DFW,"Dallas/Fort Worth, TX",TX,2006,2005,-1.00,0034,0029,-5.00,0.00,,0.00,238.00,1904.00,,,,,
2024,1,1,13,6,2024-01-13,AA,N460CG,1598,MIA,"Miami, FL",FL,SEA,"Seattle, WA",WA,1759,2001,122.00,2333,0140,127.00,0.00,,0.00,304.00,2432.00,1.00,15.00,0.00,0.00,111.00
2024,1,1,24,3,2024-01-24,UA,N469DA,2654,DEN,"Denver, CO",CO,IAH,"Houston, TX",TX,1511,1510,-1.00,1830,1825,-5.00,0.00,,0.00,169.00,1352.00,,,,,
2024,1,1,31,3,2024-01-31,UA,N668CE,1357,DFW,"Dallas/Fort Worth, TX",TX,DEN,"Denver, CO",CO,1540,1717,97.00,2113,2258,105.00,0.00,,0.00,303.00,2424.00,0.00,36.00,7.00,0.00,62.00
2024,1,1,7,7,2024-01-07,DL,N271BA,184,LAX,"Los Angeles, CA",CA,BOS,"Boston, MA",MA,2234,2230,-4.00,0029,0020,-9.00,0.00,,0.00,85.00,680.00,,,,,
2024,1,1,13,6,2024-01-13,UA,N837FC,2141,SEA,"Seattle, WA",WA,ORD,"Chicago, IL",IL,0900,1139,159.00,1412,1659,167.00,0.00,,0.00,282.00,2256.00,4.00,132.00,0.00,15.00,16.00
2024,1,1,23,2,2024-01-23,F9,N199GA,556,ORD,"Chicago, IL",IL,DEN,"Denver, CO",CO,0852,0839,-13.00,1137,1130,-7.00,0.00,,0.00,135.00,1080.00,,,,,
2024,1,1,22,1,2024-01-22,NK,N231CG,547,ATL,"Atlanta, GA",GA,JFK,"New York, NY",NY,1317,1313,-4.00,1536,1533,-3.00,0.00,,0.00,109.00,872.00,,,,,
2024,1,1,2,2,2024-01-02,UA,N272DB,2731,JFK,"New York, NY",NY,SEA,"Seattle, WA",WA,0940,,,1119,,,1.00,D,0.00,,552.00,,,,,
2024,1,1,7,7,2024-01-07,DL,N318AC,1325,BOS,"Boston, MA",MA,ATL,"Atlanta, GA",GA,1936,1931,-5.00,2207,2204,-3.00,0.00,,0.00,121.00,968.00,,,,,
2024,1,1,4,4,2024-01-04,AS,N381CE,47,SFO,"San Francisco, CA",CA,MIA,"Miami, FL",FL,1323,1320,-3.00,1904,1908,4.00,0.00,,0.00,311.00,2488.00,,,,,
2024,1,1,1,1,2024-01-01,AS,N912GF,2655,LAX,"Los Angeles, CA",CA,BOS,"Boston, MA",MA,1937,1933,-4.00,0119,0112,-7.00,0.00,,0.00,312.00,2496.00,,,,,
2024,1,1,20,6,2024-01-20,AS,N445FF,1237,IAH,"Houston, TX",TX,PHX,"Phoenix, AZ",AZ,0827,0828,1.00,1312,1321,9.00,0.00,,0.00,255.00,2040.00,,,,,
2024,1,1,21,7,2024-01-21,WN,N762DB,1106,ATL,"Atlanta, GA",GA,IAH,"Houston, TX",TX,1037,1028,-9.00,1234,1232,-2.00,0.00,,0.00,87.00,696.00,,,,,
2024,1,1,6,6,2024-01-06,DL,N307BC,546,MIA,"Miami, FL",FL,ATL,"Atlanta, GA",GA,0857,0850,-7.00,1047,1028,-19.00,0.00,,0.00,80.00,640.00,,,,,
2024,1,1,16,2,2024-01-16,DL,N841GF,2586,ORD,"Chicago, IL",IL,BOS,"Boston, MA",MA,0808,0801,-7.00,1020,1024,4.00,0.00,,0.00,102.00,816.00,,,,,
2024,1,1,1,1,2024-01-01,AA,N365CF,2084,DEN,"Denver, CO",CO,MIA,"Miami, FL",FL,1520,1718,118.00,1805,2006,121.00,0.00,,0.00,135.00,1080.00,8.00,23.00,0.00,24.00,66.00
2024,1,1,28,7,2024-01-28,UA,N426GA,1480,BOS,"Boston, MA",MA,SEA,"Seattle, WA",WA,1709,1709,0.00,1851,1853,2.00,0.00,,0.00,72.00,576.00,,,,,
2024,1,1,7,7,2024-01-07,DL,N713FA,2901,SEA,"Seattle, WA",WA,IAH,"Houston, TX",TX,0808,0801,-7.00,1007,1012,5.00,0.00,,0.00,89.00,712.00,,,,,
2024,1,1,31,3,2024-01-31,NK,N699AC,897,SFO,"San Francisco, CA",CA,ORD,"Chicago, IL",IL,0952,1110,78.00,1302,,,0.00,,1.00,,1280.00,,,,,
2024,1,1,16,2,2024-01-16,WN,N952EF,1598,SFO,"San Francisco, CA",CA,DEN,"Denver, CO",CO,0910,0904,-6.00,1320,1315,-5.00,0.00,,0.00,220.00,1760.00,,,,,
2024,1,1,28,7,2024-01-28,F9,N908GD,1436,SEA,"Seattle, WA",WA,BOS,"Boston, MA",MA,1938,1936,-2.00,2305,2254,-11.00,0.00,,0.00,177.00,1416.00,,,,,
2024,1,1,8,1,2024-01-08,DL,N175DE,1985,IAH,"Houston, TX",TX,ATL,"Atlanta, GA",GA,1149,1148,-1.00,1631,1623,-8.00,0.00,,0.00,252.00,2016.00,,,,,
2024,1,1,3,3,2024-01-03,F9,N641GD,2776,ATL,"Atlanta, GA",GA,LAX,"Los Angeles, CA",CA,0501,0457,-4.00,0858,0856,-2.00,0.00,,0.00,207.00,1656.00,,,,,
2024,1,1,23,2,2024-01-23,B6,N193FB,1458,MIA,"Miami, FL",FL,SEA,"Seattle, WA",WA,1220,1214,-6.00,1637,1624,-13.00,0.00,,0.00,227.00,1816.00,,,,,
2024,1,1,23,2,2024-01-23,UA,N654GC,2062,IAH,"Houston, TX",TX,SFO,"San Francisco, CA",CA,1234,1227,-7.00,1514,1504,-10.00,0.00,,0.00,130.00,1040.00,,,,,
2024,1,1,6,6,2024-01-06,DL,N326FB,2542,DFW,"Dallas/Fort Worth, TX",TX,JFK,"New York, NY",NY,0705,0702,-3.00,1037,1031,-6.00,0.00,,0.00,182.00,1456.00,,,,,
2024,1,1,24,3,2024-01-24,AS,N665CG,2575,JFK,"New York, NY",NY,BOS,"Boston, MA",MA,0915,1157,162.00,1358,1634,156.00,0.00,,0.00,253.00,2024.00,29.00,8.00,12.00,48.00,59.00
2024,1,1,20,6,2024-01-20,F9,N210CE,1194,SEA,"Seattle, WA",WA,DEN,"Denver, CO",CO,1048,1048,0.00,1538,1528,-10.00,0.00,,0.00,260.00,2080.00,,,,,
2024,1,1,22,1,2024-01-22,F9,N971CF,893,MIA,"Miami, FL",FL,IAH,"Houston, TX",TX,0913,0915,2.00,1201,1201,0.00,0.00,,0.00,138.00,1104.00,,,,,
2024,1,1,25,4,2024-01-25,UA,N574FB,687,IAH,"Houston, TX",TX,JFK,"New York, NY",NY,0740,0942,122.00,1225,1435,130.00,0.00,,0.00,255.00,2040.00,15.00,4.00,10.00,14.00,87.00
2024,1,1,18,4,2024-01-18,B6,N646BB,36,SFO,"San Francisco, CA",CA,JFK,"New York, NY",NY,1735,1728,-7.00,2036,2025,-11.00,0.00,,0.00,151.00,1208.00,,,,,
2024,1,1,18,4,2024-01-18,AS,N922EC,2204,SFO,"San Francisco, CA",CA,BOS,"Boston, MA",MA,1502,1505,3.00,1926,1939,13.00,0.00,,0.00,234.00,1872.00,,,,,
2024,1,1,30,2,2024-01-30,AS,N670EF,485,LAX,"Los Angeles, CA",CA,PHX,"Phoenix, AZ",AZ,1023,1115,52.00,1435,1538,63.00,0.00,,0.00,222.00,1776.00,58.00,1.00,4.00,0.00,0.00
2024,1,1,27,6,2024-01-27,AS,N931EG,370,MIA,"Miami, FL",FL,DEN,"Denver, CO",CO,0757,0749,-8.00,1237,1226,-11.00,0.00,,0.00,250.00,2000.00,,,,,
2024,1,1,8,1,2024-01-08,NK,N540GB,1174,JFK,"New York, NY",NY,IAH,"Houston, TX",TX,1831,2012,101.00,2150,2324,94.00,0.00,,0.00,169.00,1352.00,12.00,50.00,10.00,10.00,12.00
2024,1,1,2,2,2024-01-02,F9,N647GG,2865,IAH,"Houston, TX",TX,SEA,"Seattle, WA",WA,1635,1627,-8.00,2006,1950,-16.00,0.00,,0.00,181.00,1448.00,,,,,
2024,1,1,21,7,2024-01-21,UA,N190CC,1996,DEN,"Denver, CO",CO,LAX,"Los Angeles, CA",CA,1018,1014,-4.00,1218,1225,7.00,0.00,,0.00,90.00,720.00,,,,,
2024,1,1,8,1,2024-01-08,F9,N543BE,22,SFO,"San Francisco, CA",CA,JFK,"New York, NY",NY,1027,1050,23.00,1419,1453,34.00,0.00,,0.00,202.00,1616.00,1.00,2.00,9.00,22.00,0.00
2024,1,1,4,4,2024-01-04,DL,N217AA,2357,PHX,"Phoenix, AZ",AZ,SEA,"Seattle, WA",WA,1329,1329,0.00,1555,1602,7.00,0.00,,0.00,116.00,928.00,,,,,
2024,1,1,28,7,2024-01-28,F9,N238FE,726,DFW,"Dallas/Fort Worth, TX",TX,JFK,"New York, NY",NY,2056,2103,7.00,0045,0103,18.00,0.00,,0.00,199.00,1592.00,1.00,1.00,0.00,1.00,15.00
2024,1,1,8,1,2024-01-08,DL,N503CA,1333,ORD,"Chicago, IL",IL,SEA,"Seattle, WA",WA,0756,0752,-4.00,1232,1226,-6.00,0.00,,0.00,246.00,1968.00,,,,,
2024,1,1,24,3,2024-01-24,AS,N506CE,44,ORD,"Chicago, IL",IL,LAX,"Los Angeles, CA",CA,2051,0032,221.00,0237,0625,228.00,0.00,,0.00,316.00,2528.00,0.00,144.00,2.00,10.00,72.00
2024,1,1,31,3,2024-01-31,DL,N651CG,2891,SEA,"Seattle, WA",WA,LAX,"Los Angeles, CA",CA,1616,1618,2.00,1814,1809,-5.00,0.00,,0.00,88.00,704.00,,,,,
2024,1,1,30,2,2024-01-30,AS,N355BA,33,DEN,"Denver, CO",CO,MIA,"Miami, FL",FL,2249,2244,-5.00,0237,0225,-12.00,0.00,,0.00,198.00,1584.00,,,,,
2024,1,1,8,1,2024-01-08,DL,N855DE,52,BOS,"Boston, MA",MA,MIA,"Miami, FL",FL,0756,0756,0.00,1331,1341,10.00,0.00,,0.00,305.00,2440.00,,,,,
2024,1,1,23,2,2024-01-23,DL,N858GD,2028,LAX,"Los Angeles, CA",CA,ORD,"Chicago, IL",IL,0633,0707,34.00,0834,0901,27.00,0.00,,0.00,91.00,728.00,2.00,1.00,1.00,19.00,4.00
2024,1,1,11,4,2024-01-11,B6,N142AA,1126,MIA,"Miami, FL",FL,SFO,"San Francisco, CA",CA,1638,1643,5.00,1955,2000,5.00,0.00,,0.00,167.00,1336.00,,,,,
2024,1,1,3,3,2024-01-03,NK,N413DF,2356,IAH,"Houston, TX",TX,DEN,"Denver, CO",CO,1343,1507,84.00,1822,1946,84.00,0.00,,0.00,249.00,1992.00,79.00,0.00,2.00,3.00,0.00
2024,1,1,1,1,2024-01-01,DL,N105EC,1346,DEN,"Denver, CO",CO,JFK,"New York, NY",NY,1719,1716,-3.00,2318,2322,4.00,0.00,,0.00,329.00,2632.00,,,,,
2024,1,1,25,4,2024-01-25,AA,N803EG,2474,DEN,"Denver, CO",CO,ORD,"Chicago, IL",IL,0512,0501,-11.00,0939,0926,-13.00,0.00,,0.00,237.00,1896.00,,,,,
2024,1,1,15,1,2024-01-15,AA,N654GF,1380,IAH,"Houston, TX",TX,MIA,"Miami, FL",FL,0631,0707,36.00,1119,1200,41.00,0.00,,0.00,258.00,2064.00,3.00,1.00,32.00,2.00,3.00
2024,1,1,14,7,2024-01-14,UA,N505BB,68,PHX,"Phoenix, AZ",AZ,LAX,"Los Angeles, CA",CA,2021,2140,79.00,2302,0024,82.00,0.00,,0.00,131.00,1048.00,10.00,13.00,4.00,26.00,29.00
2024,1,1,26,5,2024-01-26,B6,N839EF,740,PHX,"Phoenix, AZ",AZ,SEA,"Seattle, WA",WA,0846,0838,-8.00,1119,1121,2.00,0.00,,0.00,123.00,984.00,,,,,
2024,1,1,22,1,2024-01-22,AA,N255DC,645,ORD,"Chicago, IL",IL,PHX,"Phoenix, AZ",AZ,0543,0537,-6.00,1100,1054,-6.00,0.00,,0.00,287.00,2296.00,,,,,
2024,1,1,10,3,2024-01-10,DL,N666FB,56,LAX,"Los Angeles, CA",CA,DFW,"Dallas/Fort Worth, TX",TX,1618,1613,-5.00,2119,2118,-1.00,0.00,,0.00,271.00,2168.00,,,,,
2024,1,1,26,5,2024-01-26,F9,N623DD,2820,DFW,"Dallas/Fort Worth, TX",TX,ORD,"Chicago, IL",IL,1609,1610,1.00,2016,2026,10.00,0.00,,0.00,217.00,1736.00,,,,,
2024,1,1,2,2,2024-01-02,AS,N708DE,2426,DEN,"Denver, CO",CO,LAX,"Los Angeles, CA",CA,0707,0734,27.00,1020,1037,17.00,0.00,,0.00,163.00,1304.00,10.00,0.00,7.00,0.00,0.00
2024,1,1,13,6,2024-01-13,NK,N512GD,1666,DFW,"Dallas/Fort Worth, TX",TX,MIA,"Miami, FL",FL,1949,1946,-3.00,0018,0010,-8.00,0.00,,0.00,239.00,1912.00,,,,,
2024,1,1,2,2,2024-01-02,B6,N607EF,2652,BOS,"Boston, MA",MA,DFW,"Dallas/Fort Worth, TX",TX,2049,2034,-15.00,0013,0001,-12.00,0.00,,0.00,174.00,1392.00,,,,,
2024,1,1,11,4,2024-01-11,B6,N136FB,991,ATL,"Atlanta, GA",GA,DFW,"Dallas/Fort Worth, TX",TX,1407,1356,-11.00,1709,1659,-10.00,0.00,,0.00,152.00,1216.00,,,,,
2024,1,1,16,2,2024-01-16,AA,N705EE,1781,DFW,"Dallas/Fort Worth, TX",TX,LAX,"Los Angeles, CA",CA,2102,2255,113.00,2339,0129,110.00,0.00,,0.00,127.00,1016.00,20.00,79.00,1.00,1.00,9.00
2024,1,1,5,5,2024-01-05,DL,N995AD,2255,ATL,"Atlanta, GA",GA,LAX,"Los Angeles, CA",CA,1430,1426,-4.00,1956,1942,-14.00,0.00,,0.00,296.00,2368.00,,,,,
2024,1,1,28,7,2024-01-28,WN,N715AG,1927,ATL,"Atlanta, GA",GA,ORD,"Chicago, IL",IL,1609,1556,-13.00,1926,1917,-9.00,0.00,,0.00,167.00,1336.00,,,,,
2024,1,1,8,1,2024-01-08,F9,N850DC,327,JFK,"New York, NY",NY,DFW,"Dallas/Fort Worth, TX",TX,0856,0903,7.00,1229,1235,6.00,0.00,,0.00,183.00,1464.00,,,,,
2024,1,1,29,1,2024-01-29,AA,N945GG,1288,SFO,"San Francisco, CA",CA,IAH,"Houston, TX",TX,1324,1532,128.00,1751,1951,120.00,0.00,,0.00,237.00,1896.00,22.00,15.00,0.00,2.00,81.00
2024,1,1,1,1,2024-01-01,NK,N876GG,644,SEA,"Seattle, WA",WA,ATL,"Atlanta, GA",GA,2145,2143,-2.00,0309,0300,-9.00,0.00,,0.00,294.00,2352.00,,,,,
2024,1,1,10,3,2024-01-10,AS,N582BF,1060,LAX,"Los Angeles, CA",CA,PHX,"Phoenix, AZ",AZ,1110,1119,9.00,1510,1517,7.00,0.00,,0.00,210.00,1680.00,,,,,
2024,1,1,3,3,2024-01-03,B6,N467CB,2653,BOS,"Boston, MA",MA,SEA,"Seattle, WA",WA,1852,1848,-4.00,2213,2211,-2.00,0.00,,0.00,171.00,1368.00,,,,,
2024,1,1,21,7,2024-01-21,AA,N605CB,2342,SEA,"Seattle, WA",WA,SFO,"San Francisco, CA",CA,2218,2211,-7.00,0308,0253,-15.00,0.00,,0.00,260.00,2080.00,,,,,
2024,1,1,16,2,2024-01-16,AS,N359DF,2050,ORD,"Chicago, IL",IL,JFK,"New York, NY",NY,1318,1314,-4.00,1637,1625,-12.00,0.00,,0.00,169.00,1352.00,,,,,
2024,1,1,4,4,2024-01-04,DL,N429CF,201,DEN,"Denver, CO",CO,ATL,"Atlanta, GA",GA,1005,1340,215.00,1352,1733,221.00,0.00,,0.00,197.00,1576.00,126.00,26.00,26.00,13.00,30.00
2024,1,1,1,1,2024-01-01,DL,N885DG,1520,MIA,"Miami, FL",FL,ORD,"Chicago, IL",IL,1634,1624,-10.00,1924,1920,-4.00,0.00,,0.00,140.00,1120.00,,,,,
2024,1,1,16,2,2024-01-16,F9,N137CB,180,PHX,"Phoenix, AZ",AZ,LAX,"Los Angeles, CA",CA,0936,1111,95.00,1138,1310,92.00,0.00,,0.00,92.00,736.00,3.00,2.00,1.00,82.00,4.00
2024,1,1,6,6,2024-01-06,NK,N572DD,470,SEA,"Seattle, WA",WA,IAH,"Houston, TX",TX,0709,0710,1.00,1306,1312,6.00,0.00,,0.00,327.00,2616.00,,,,,
2024,1,1,21,7,2024-01-21,UA,N940GA,1869,LAX,"Los Angeles, CA",CA,SEA,"Seattle, WA",WA,1052,1123,31.00,1247,1309,22.00,0.00,,0.00,85.00,680.00,6.00,0.00,2.00,13.00,1.00
2024,1,1,30,2,2024-01-30,B6,N499GB,1523,ORD,"Chicago, IL",IL,SEA,"Seattle, WA",WA,1312,1317,5.00,1731,1728,-3.00,0.00,,0.00,229.00,1832.00,,,,,
2024,1,1,24,3,2024-01-24,AS,N139DD,700,SFO,"San Francisco, CA",CA,LAX,"Los Angeles, CA",CA,1144,1148,4.00,1658,1703,5.00,0.00,,0.00,284.00,2272.00,,,,,
2024,1,1,31,3,2024-01-31,UA,N894FG,144,BOS,"Boston, MA",MA,SFO,"San Francisco, CA",CA,0836,1122,166.00,1322,1612,170.00,0.00,,0.00,256.00,2048.00,15.00,1.00,14.00,0.00,140.00
2024,1,1,21,7,2024-01-21,B6,N665BC,2294,SFO,"San Francisco, CA",CA,PHX,"Phoenix, AZ",AZ,1036,1036,0.00,1410,1403,-7.00,0.00,,0.00,184.00,1472.00,,,,,
2024,1,1,20,6,2024-01-20,NK,N551BF,410,MIA,"Miami, FL",FL,BOS,"Boston, MA",MA,0952,1102,70.00,1226,1332,66.00,0.00,,0.00,124.00,992.00,25.00,37.00,0.00,2.00,2.00
2024,1,1,20,6,2024-01-20,NK,N617DF,631,BOS,"Boston, MA",MA,JFK,"New York, NY",NY,1807,1753,-14.00,2053,2043,-10.00,0.00,,0.00,136.00,1088.00,,,,,
2024,1,1,22,1,2024-01-22,B6,N618AD,1079,JFK,"New York, NY",NY,PHX,"Phoenix, AZ",AZ,2102,2354,172.00,0235,0536,181.00,0.00,,0.00,303.00,2424.00,20.00,4.00,151.00,5.00,1.00
2024,1,1,18,4,2024-01-18,AS,N365CC,2249,SFO,"San Francisco, CA",CA,DEN,"Denver, CO",CO,0751,0738,-13.00,1214,1155,-19.00,0.00,,0.00,233.00,1864.00,,,,,
2024,1,1,16,2,2024-01-16,DL,N516FB,2749,ATL,"Atlanta, GA",GA,JFK,"New York, NY",NY,0524,0905,221.00,1016,1401,225.00,0.00,,0.00,262.00,2096.00,8.00,38.00,12.00,35.00,132.00
2024,1,1,16,2,2024-01-16,F9,N267BA,1770,SEA,"Seattle, WA",WA,DFW,"Dallas/Fort Worth, TX",TX,2223,2226,3.00,0353,0358,5.00,0.00,,0.00,300.00,2400.00,,,,,
2024,1,1,5,5,2024-01-05,WN,N409EC,639,SFO,"San Francisco, CA",CA,DEN,"Denver, CO",CO,1348,1353,5.00,1934,1933,-1.00,0.00,,0.00,316.00,2528.00,,,,,
2024,1,1,23,2,2024-01-23,WN,N276FC,118,DFW,"Dallas/Fort Worth, TX",TX,LAX,"Los Angeles, CA",CA,2005,2008,3.00,0202,0215,13.00,0.00,,0.00,327.00,2616.00,,,,,
2024,1,1,19,5,2024-01-19,F9,N391BG,1650,SEA,"Seattle, WA",WA,ORD,"Chicago, IL",IL,0536,0528,-8.00,0708,0648,-20.00,0.00,,0.00,62.00,496.00,,,,,
2024,1,1,31,3,2024-01-31,WN,N984FC,619,PHX,"Phoenix, AZ",AZ,JFK,"New York, NY",NY,2050,2040,-10.00,0209,0205,-4.00,0.00,,0.00,289.00,2312.00,,,,,
2024,1,1,27,6,2024-01-27,F9,N781BA,2666,ATL,"Atlanta, GA",GA,SFO,"San Francisco, CA",CA,1731,1724,-7.00,2130,2123,-7.00,0.00,,0.00,209.00,1672.00,,,,,
2024,1,1,3,3,2024-01-03,AA,N421DD,166,LAX,"Los Angeles, CA",CA,IAH,"Houston, TX",TX,1451,1450,-1.00,2037,2045,8.00,0.00,,0.00,316.00,2528.00,,,,,
2024,1,1,13,6,2024-01-13,NK,N646BA,349,LAX,"Los Angeles, CA",CA,MIA,"Miami, FL",FL,0609,0606,-3.00,1048,1052,4.00,0.00,,0.00,249.00,1992.00,,,,,
2024,1,1,25,4,2024-01-25,AS,N849EE,1486,ORD,"Chicago, IL",IL,DEN,"Denver, CO",CO,2250,0111,141.00,0112,0343,151.00,0.00,,0.00,112.00,896.00,40.00,1.00,8.00,70.00,32.00
2024,1,1,6,6,2024-01-06,B6,N535DD,1819,JFK,"New York, NY",NY,ATL,"Atlanta, GA",GA,1052,1058,6.00,1343,1343,0.00,0.00,,0.00,141.00,1128.00,,,,,
2024,1,1,13,6,2024-01-13,UA,N481AC,1242,DFW,"Dallas/Fort Worth, TX",TX,DEN,"Denver, CO",CO,0640,1034,234.00,1213,1617,244.00,0.00,,0.00,303.00,2424.00,199.00,20.00,4.00,13.00,8.00
2024,1,1,9,2,2024-01-09,AS,N837CC,1011,SFO,"San Francisco, CA",CA,JFK,"New York, NY",NY,0918,0905,-13.00,1325,1303,-22.00,0.00,,0.00,217.00,1736.00,,,,,
2024,1,1,19,5,2024-01-19,DL,N415EE,2430,SFO,"San Francisco, CA",CA,LAX,"Los Angeles, CA",CA,1602,1744,102.00,2121,2301,100.00,0.00,,0.00,289.00,2312.00,0.00,97.00,3.00,0.00,0.00
2024,1,1,3,3,2024-01-03,AA,N288FE,2655,MIA,"Miami, FL",FL,SEA,"Seattle, WA",WA,0504,0507,3.00,0703,0706,3.00,0.00,,0.00,89.00,712.00,,,,,
2024,1,1,2,2,2024-01-02,B6,N515FE,2882,PHX,"Phoenix, AZ",AZ,SFO,"San Francisco, CA",CA,2053,2041,-12.00,0100,0047,-13.00,0.00,,0.00,217.00,1736.00,,,,,
2024,1,1,22,1,2024-01-22,NK,N487EA,1459,DFW,"Dallas/Fort Worth, TX",TX,IAH,"Houston, TX",TX,1310,1325,15.00,1744,1801,17.00,0.00,,0.00,244.00,1952.00,3.00,5.00,2.00,7.00,0.00
2024,1,1,24,3,2024-01-24,UA,N108GC,1155,PHX,"Phoenix, AZ",AZ,ORD,"Chicago, IL",IL,1130,1328,118.00,1410,1608,118.00,0.00,,0.00,130.00,1040.00,31.00,46.00,1.00,11.00,29.00
2024,1,1,19,5,2024-01-19,B6,N957EE,54,SFO,"San Francisco, CA",CA,DFW,"Dallas/Fort Worth, TX",TX,1909,1906,-3.00,2136,2136,0.00,0.00,,0.00,117.00,936.00,,,,,
2024,1,1,4,4,2024-01-04,B6,N625BC,1966,SFO,"San Francisco, CA",CA,BOS,"Boston, MA",MA,2025,2025,0.00,2322,2332,10.00,0.00,,0.00,147.00,1176.00,,,,,
2024,1,1,4,4,2024-01-04,F9,N292CA,624,PHX,"Phoenix, AZ",AZ,JFK,"New York, NY",NY,2027,2021,-6.00,0016,0003,-13.00,0.00,,0.00,199.00,1592.00,,,,,
2024,1,1,13,6,2024-01-13,B6,N651BG,518,PHX,"Phoenix, AZ",AZ,MIA,"Miami, FL",FL,0936,0933,-3.00,1133,1137,4.00,0.00,,0.00,87.00,696.00,,,,,
2024,1,1,7,7,2024-01-07,UA,N550DC,2415,LAX,"Los Angeles, CA",CA,SFO,"San Francisco, CA",CA,1058,1055,-3.00,1417,1419,2.00,0.00,,0.00,169.00,1352.00,,,,,
2024,1,1,27,6,2024-01-27,AA,N390CA,556,BOS,"Boston, MA",MA,SFO,"San Francisco, CA",CA,2208,2206,-2.00,0040,0036,-4.00,0.00,,0.00,122.00,976.00,,,,,
2024,1,1,29,1,2024-01-29,DL,N951FA,2926,BOS,"Boston, MA",MA,SFO,"San Francisco, CA",CA,1850,1837,-13.00,2027,2023,-4.00,0.00,,0.00,67.00,536.00,,,,,
2024,1,1,16,2,2024-01-16,WN,N583BE,1381,BOS,"Boston, MA",MA,MIA,"Miami, FL",FL,1929,1927,-2.00,2201,2150,-11.00,0.00,,0.00,122.00,976.00,,,,,
2024,1,1,23,2,2024-01-23,DL,N434CF,2621,IAH,"Houston, TX",TX,MIA,"Miami, FL",FL,1300,1255,-5.00,1514,1516,2.00,0.00,,0.00,104.00,832.00,,,,,
2024,1,1,22,1,2024-01-22,B6,N174EB,1341,ORD,"Chicago, IL",IL,ATL,"Atlanta, GA",GA,1007,1335,208.00,1214,1549,215.00,0.00,,0.00,97.00,776.00,208.00,2.00,0.00,0.00,5.00
2024,1,1,18,4,2024-01-18,UA,N928DA,392,MIA,"Miami, FL",FL,SEA,"Seattle, WA",WA,1028,1015,-13.00,1244,1226,-18.00,0.00,,0.00,106.00,848.00,,,,,
2024,1,1,4,4,2024-01-04,B6,N488BA,2325,BOS,"Boston, MA",MA,ATL,"Atlanta, GA",GA,1324,1317,-7.00,1904,1908,4.00,0.00,,0.00,310.00,2480.00,,,,,
2024,1,1,17,3,2024-01-17,UA,N463CE,335,ATL,"Atlanta, GA",GA,IAH,"Houston, TX",TX,0813,0810,-3.00,1340,1330,-10.00,0.00,,0.00,297.00,2376.00,,,,,
2024,1,1,30,2,2024-01-30,NK,N875DB,1802,IAH,"Houston, TX",TX,BOS,"Boston, MA",MA,2156,2156,0.00,0111,0115,4.00,0.00,,0.00,165.00,1320.00,,,,,
2024,1,1,2,2,2024-01-02,UA,N713AC,1836,DFW,"Dallas/Fort Worth, TX",TX,SEA,"Seattle, WA",WA,0636,0634,-2.00,1111,1103,-8.00,0.00,,0.00,245.00,1960.00,,,,,
2024,1,1,27,6,2024-01-27,WN,N614BF,1835,DFW,"Dallas/Fort Worth, TX",TX,SFO,"San Francisco, CA",CA,0757,0750,-7.00,1019,1009,-10.00,0.00,,0.00,112.00,896.00,,,,,
2024,1,1,14,7,2024-01-14,AS,N904CG,2194,LAX,"Los Angeles, CA",CA,IAH,"Houston, TX",TX,0825,0947,82.00,1049,1211,82.00,0.00,,0.00,114.00,912.00,19.00,0.00,3.00,51.00,9.00
2024,1,1,3,3,2024-01-03,AA,N624GG,338,DEN,"Denver, CO",CO,ATL,"Atlanta, GA",GA,1826,1819,-7.00,2123,2115,-8.00,0.00,,0.00,147.00,1176.00,,,,,
2024,1,1,31,3,2024-01-31,NK,N888DB,2707,LAX,"Los Angeles, CA",CA,MIA,"Miami, FL",FL,1015,1015,0.00,1558,1557,-1.00,0.00,,0.00,313.00,2504.00,,,,,
2024,1,1,15,1,2024-01-15,NK,N950ED,652,LAX,"Los Angeles, CA",CA,JFK,"New York, NY",NY,1549,1546,-3.00,2105,2110,5.00,0.00,,0.00,286.00,2288.00,,,,,
2024,1,1,14,7,2024-01-14,UA,N451DC,854,DFW,"Dallas/Fort Worth, TX",TX,PHX,"Phoenix, AZ",AZ,1845,1849,4.00,2020,2030,10.00,0.00,,0.00,65.00,520.00,,,,,
2024,1,1,16,2,2024-01-16,WN,N157CG,2954,BOS,"Boston, MA",MA,JFK,"New York, NY",NY,0533,0522,-11.00,0721,0718,-3.00,0.00,,0.00,78.00,624.00,,,,,
2024,1,1,20,6,2024-01-20,F9,N791BE,1939,PHX,"Phoenix, AZ",AZ,DFW,"Dallas/Fort Worth, TX",TX,2052,0015,203.00,0208,0524,196.00,0.00,,0.00,286.00,2288.00,193.00,0.00,1.00,2.00,0.00
2024,1,1,7,7,2024-01-07,B6,N663ED,870,SEA,"Seattle, WA",WA,IAH,"Houston, TX",TX,1636,2000,204.00,2026,0001,215.00,0.00,,0.00,200.00,1600.00,3.00,8.00,37.00,57.00,110.00
2024,1,1,5,5,2024-01-05,AA,N452DF,483,PHX,"Phoenix, AZ",AZ,BOS,"Boston, MA",MA,0535,0814,159.00,0930,1216,166.00,0.00,,0.00,205.00,1640.00,4.00,0.00,11.00,151.00,0.00
2024,1,1,10,3,2024-01-10,B6,N550DB,2597,ATL,"Atlanta, GA",GA,SEA,"Seattle, WA",WA,1525,1546,21.00,1825,1837,12.00,0.00,,0.00,150.00,1200.00,,,,,
2024,1,1,19,5,2024-01-19,DL,N990CC,63,IAH,"Houston, TX",TX,PHX,"Phoenix, AZ",AZ,1224,1221,-3.00,1759,1808,9.00,0.00,,0.00,305.00,2440.00,,,,,
2024,1,1,4,4,2024-01-04,UA,N179EC,518,MIA,"Miami, FL",FL,ORD,"Chicago, IL",IL,1614,1622,8.00,1948,1952,4.00,0.00,,0.00,184.00,1472.00,,,,,
2024,1,1,15,1,2024-01-15,B6,N763EC,1860,JFK,"New York, NY",NY,LAX,"Los Angeles, CA",CA,1616,1607,-9.00,1823,1815,-8.00,0.00,,0.00,97.00,776.00,,,,,
2024,1,1,7,7,2024-01-07,WN,N191BA,2683,LAX,"Los Angeles, CA",CA,MIA,"Miami, FL",FL,1934,2252,198.00,2139,0056,197.00,0.00,,0.00,95.00,760.00,192.00,2.00,1.00,2.00,0.00
2024,1,1,7,7,2024-01-07,DL,N948DD,1883,SEA,"Seattle, WA",WA,PHX,"Phoenix, AZ",AZ,0657,0736,39.00,1123,1209,46.00,0.00,,0.00,236.00,1888.00,4.00,1.00,0.00,0.00,41.00
2024,1,1,22,1,2024-01-22,WN,N116FB,2648,DFW,"Dallas/Fort Worth, TX",TX,IAH,"Houston, TX",TX,1211,1209,-2.00,1736,1727,-9.00,0.00,,0.00,295.00,2360.00,,,,,
2024,1,1,19,5,2024-01-19,AA,N508FB,2795,DEN,"Denver, CO",CO,JFK,"New York, NY",NY,0618,0619,1.00,1030,1019,-11.00,0.00,,0.00,222.00,1776.00,,,,,
2024,1,1,21,7,2024-01-21,B6,N538DD,565,ATL,"Atlanta, GA",GA,JFK,"New York, NY",NY,1731,2121,230.00,2320,0311,231.00,0.00,,0.00,319.00,2552.00,131.00,48.00,5.00,42.00,5.00
2024,1,1,16,2,2024-01-16,NK,N152BB,1384,SFO,"San Francisco, CA",CA,BOS,"Boston, MA",MA,2026,2018,-8.00,0029,0014,-15.00,0.00,,0.00,213.00,1704.00,,,,,
2024,1,1,6,6,2024-01-06,B6,N365EG,934,SFO,"San Francisco, CA",CA,MIA,"Miami, FL",FL,0922,0916,-6.00,1125,1115,-10.00,0.00,,0.00,93.00,744.00,,,,,
2024,1,1,9,2,2024-01-09,B6,N294CB,240,JFK,"New York, NY",NY,ORD,"Chicago, IL",IL,1926,1923,-3.00,0105,0108,3.00,0.00,,0.00,309.00,2472.00,,,,,
2024,1,1,15,1,2024-01-15,AS,N230GE,1222,ATL,"Atlanta, GA",GA,PHX,"Phoenix, AZ",AZ,1750,1746,-4.00,1956,1941,-15.00,0.00,,0.00,96.00,768.00,,,,,
2024,1,1,30,2,2024-01-30,F9,N314AC,970,MIA,"Miami, FL",FL,ATL,"Atlanta, GA",GA,0906,0903,-3.00,1259,1307,8.00,0.00,,0.00,203.00,1624.00,,,,,
2024,1,1,18,4,2024-01-18,WN,N214CD,648,SEA,"Seattle, WA",WA,PHX,"Phoenix, AZ",AZ,0854,1253,239.00,1240,1650,250.00,0.00,,0.00,196.00,1568.00,1.00,32.00,215.00,1.00,1.00
2024,1,1,19,5,2024-01-19,AS,N462GB,2760,PHX,"Phoenix, AZ",AZ,DEN,"Denver, CO",CO,0738,0727,-11.00,1240,1237,-3.00,0.00,,0.00,272.00,2176.00,,,,,
2024,1,1,14,7,2024-01-14,AS,N184BF,892,JFK,"New York, NY",NY,LAX,"Los Angeles, CA",CA,2251,2238,-13.00,0341,0333,-8.00,0.00,,0.00,260.00,2080.00,,,,,
2024,1,1,7,7,2024-01-07,AS,N660FG,169,SFO,"San Francisco, CA",CA,MIA,"Miami, FL",FL,1231,1502,151.00,1640,1901,141.00,0.00,,0.00,219.00,1752.00,58.00,0.00,44.00,39.00,0.00
2024,1,1,23,2,2024-01-23,B6,N691FC,2572,DFW,"Dallas/Fort Worth, TX",TX,DEN,"Denver, CO",CO,1824,1827,3.00,0004,0015,11.00,0.00,,0.00,310.00,2480.00,,,,,
2024,1,1,20,6,2024-01-20,F9,N751GB,1347,MIA,"Miami, FL",FL,LAX,"Los Angeles, CA",CA,0840,0830,-10.00,1405,1345,-20.00,0.00,,0.00,295.00,2360.00,,,,,
2024,1,1,19,5,2024-01-19,WN,N793DE,2511,ATL,"Atlanta, GA",GA,PHX,"Phoenix, AZ",AZ,0649,0917,148.00,1224,1500,156.00,0.00,,0.00,305.00,2440.00,1.00,55.00,80.00,20.00,0.00
2024,1,1,22,1,2024-01-22,UA,N618BG,1216,ATL,"Atlanta, GA",GA,DFW,"Dallas/Fort Worth, TX",TX,2232,0136,184.00,0143,0446,183.00,0.00,,0.00,161.00,1288.00,15.00,2.00,27.00,13.00,126.00
2024,1,1,17,3,2024-01-17,DL,N981EA,2294,MIA,"Miami, FL",FL,PHX,"Phoenix, AZ",AZ,1737,1742,5.00,1959,2008,9.00,0.00,,0.00,112.00,896.00,,,,,
2024,1,1,25,4,2024-01-25,UA,N524EE,2432,LAX,"Los Angeles, CA",CA,ATL,"Atlanta, GA",GA,1720,1814,54.00,2144,2233,49.00,0.00,,0.00,234.00,1872.00,1.00,41.00,0.00,7.00,0.00
2024,1,1,16,2,2024-01-16,AS,N496FE,2483,BOS,"Boston, MA",MA,LAX,"Los Angeles, CA",CA,1055,1040,-15.00,1330,1325,-5.00,0.00,,0.00,125.00,1000.00,,,,,
2024,1,1,8,1,2024-01-08,F9,N144AD,1304,DEN,"Denver, CO",CO,JFK,"New York, NY",NY,1419,1425,6.00,1859,1900,1.00,0.00,,0.00,250.00,2000.00,,,,,
2024,1,1,11,4,2024-01-11,UA,N314GG,691,PHX,"Phoenix, AZ",AZ,SEA,"Seattle, WA",WA,0509,0509,0.00,1030,1022,-8.00,0.00,,0.00,291.00,2328.00,,,,,
2024,1,1,31,3,2024-01-31,AS,N160GC,2304,BOS,"Boston, MA",MA,DFW,"Dallas/Fort Worth, TX",TX,0512,0512,0.00,1048,1037,-11.00,0.00,,0.00,306.00,2448.00,,,,,
2024,1,1,3,3,2024-01-03,AS,N286FA,761,MIA,"Miami, FL",FL,JFK,"New York, NY",NY,0800,0800,0.00,1029,1017,-12.00,0.00,,0.00,119.00,952.00,,,,,
2024,1,1,12,5,2024-01-12,UA,N896DE,2161,PHX,"Phoenix, AZ",AZ,MIA,"Miami, FL",FL,2002,1957,-5.00,0128,0117,-11.00,0.00,,0.00,296.00,2368.00,,,,,
2024,1,1,26,5,2024-01-26,AA,N464BA,2610,SEA,"Seattle, WA",WA,MIA,"Miami, FL",FL,0621,0624,3.00,1126,1124,-2.00,0.00,,0.00,275.00,2200.00,,,,,
2024,1,1,19,5,2024-01-19,UA,N775CG,2675,ATL,"Atlanta, GA",GA,SEA,"Seattle, WA",WA,1421,1423,2.00,1856,1856,0.00,0.00,,0.00,245.00,1960.00,,,,,
2024,1,1,20,6,2024-01-20,F9,N624DE,1358,SEA,"Seattle, WA",WA,DFW,"Dallas/Fort Worth, TX",TX,0522,0901,219.00,1052,1428,216.00,0.00,,0.00,300.00,2400.00,31.00,161.00,15.00,9.00,0.00
2024,1,1,20,6,2024-01-20,B6,N565FE,1531,DEN,"Denver, CO",CO,IAH,"Houston, TX",TX,0933,0920,-13.00,1507,1457,-10.00,0.00,,0.00,304.00,2432.00,,,,,
2024,1,1,17,3,2024-01-17,AS,N356DD,946,ORD,"Chicago, IL",IL,LAX,"Los Angeles, CA",CA,2031,2026,-5.00,2256,2242,-14.00,0.00,,0.00,115.00,920.00,,,,,
2024,1,1,7,7,2024-01-07,NK,N511CF,1959,SFO,"San Francisco, CA",CA,ATL,"Atlanta, GA",GA,2216,,,0003,,,1.00,D,0.00,,616.00,,,,,
2024,1,1,20,6,2024-01-20,DL,N949AE,2969,SFO,"San Francisco, CA",CA,IAH,"Houston, TX",TX,1514,1519,5.00,1721,1719,-2.00,0.00,,0.00,97.00,776.00,,,,,
2024,1,1,14,7,2024-01-14,NK,N820DE,1040,LAX,"Los Angeles, CA",CA,DFW,"Dallas/Fort Worth, TX",TX,1707,1659,-8.00,2225,2226,1.00,0.00,,0.00,288.00,2304.00,,,,,
2024,1,1,11,4,2024-01-11,NK,N876EC,2919,MIA,"Miami, FL",FL,SEA,"Seattle, WA",WA,1642,1639,-3.00,2129,2129,0.00,0.00,,0.00,257.00,2056.00,,,,,
2024,1,1,5,5,2024-01-05,F9,N545AD,1154,SEA,"Seattle, WA",WA,DFW,"Dallas/Fort Worth, TX",TX,1348,1600,132.00,1659,1910,131.00,0.00,,0.00,161.00,1288.00,77.00,0.00,49.00,4.00,1.00
2024,1,1,12,5,2024-01-12,F9,N475EG,2559,ORD,"Chicago, IL",IL,ATL,"Atlanta, GA",GA,1857,1859,2.00,2133,2144,11.00,0.00,,0.00,126.00,1008.00,,,,,
2024,1,1,16,2,2024-01-16,AS,N971BA,2438,BOS,"Boston, MA",MA,IAH,"Houston, TX",TX,1022,1220,118.00,1221,1410,109.00,0.00,,0.00,89.00,712.00,4.00,42.00,9.00,1.00,53.00
2024,1,1,8,1,2024-01-08,B6,N669BC,54,LAX,"Los Angeles, CA",CA,BOS,"Boston, MA",MA,1003,0954,-9.00,1305,1248,-17.00,0.00,,0.00,152.00,1216.00,,,,,
2024,1,1,22,1,2024-01-22,F9,N579EA,1518,IAH,"Houston, TX",TX,MIA,"Miami, FL",FL,1041,1033,-8.00,1304,1250,-14.00,0.00,,0.00,113.00,904.00,,,,,
2024,1,1,15,1,2024-01-15,AA,N880DA,1675,ORD,"Chicago, IL",IL,ATL,"Atlanta, GA",GA,1825,2036,131.00,2328,0151,143.00,0.00,,0.00,273.00,2184.00,45.00,10.00,65.00,0.00,23.00
2024,1,1,11,4,2024-01-11,WN,N417EG,2884,DEN,"Denver, CO",CO,MIA,"Miami, FL",FL,2101,2058,-3.00,2248,2237,-11.00,0.00,,0.00,77.00,616.00,,,,,
2024,1,1,31,3,2024-01-31,UA,N223BB,2788,DEN,"Denver, CO",CO,SEA,"Seattle, WA",WA,0533,0526,-7.00,0718,0702,-16.00,0.00,,0.00,75.00,600.00,,,,,
2024,1,1,30,2,2024-01-30,B6,N245GB,382,ATL,"Atlanta, GA",GA,DFW,"Dallas/Fort Worth, TX",TX,2000,1958,-2.00,2346,2332,-14.00,0.00,,0.00,196.00,1568.00,,,,,
2024,1,1,15,1,2024-01-15,UA,N881DC,2237,DFW,"Dallas/Fort Worth, TX",TX,JFK,"New York, NY",NY,1738,1737,-1.00,2323,2328,5.00,0.00,,0.00,315.00,2520.00,,,,,
2024,1,1,20,6,2024-01-20,DL,N917EC,2933,JFK,"New York, NY",NY,SFO,"San Francisco, CA",CA,0745,0739,-6.00,0928,0921,-7.00,0.00,,0.00,73.00,584.00,,,,,
2024,1,1,4,4,2024-01-04,UA,N930BC,999,BOS,"Boston, MA",MA,PHX,"Phoenix, AZ",AZ,1404,1507,63.00,1538,1650,72.00,0.00,,0.00,64.00,512.00,9.00,17.00,0.00,22.00,24.00
2024,1,1,2,2,2024-01-02,NK,N643DD,2854,SEA,"Seattle, WA",WA,JFK,"New York, NY",NY,2212,2201,-11.00,2359,2343,-16.00,0.00,,0.00,77.00,616.00,,,,,
2024,1,1,1,1,2024-01-01,WN,N631EF,2870,IAH,"Houston, TX",TX,PHX,"Phoenix, AZ",AZ,2254,2256,2.00,0218,0231,13.00,0.00,,0.00,174.00,1392.00,,,,,
2024,1,1,31,3,2024-01-31,DL,N453DE,2417,MIA,"Miami, FL",FL,IAH,"Houston, TX",TX,1855,2158,183.00,2155,0050,175.00,0.00,,0.00,150.00,1200.00,2.00,71.00,0.00,0.00,102.00
2024,1,1,22,1,2024-01-22,NK,N330GD,2027,PHX,"Phoenix, AZ",AZ,IAH,"Houston, TX",TX,1550,1550,0.00,2137,2130,-7.00,0.00,,0.00,317.00,2536.00,,,,,
2024,1,1,31,3,2024-01-31,WN,N629BD,947,PHX,"Phoenix, AZ",AZ,ATL,"Atlanta, GA",GA,1055,1319,144.00,1551,1806,135.00,0.00,,0.00,266.00,2128.00,30.00,5.00,5.00,13.00,82.00
2024,1,1,12,5,2024-01-12,AS,N625DF,1095,MIA,"Miami, FL",FL,DFW,"Dallas/Fort Worth, TX",TX,0852,0848,-4.00,1300,1307,7.00,0.00,,0.00,218.00,1744.00,,,,,
2024,1,1,8,1,2024-01-08,DL,N450BB,2773,BOS,"Boston, MA",MA,DFW,"Dallas/Fort Worth, TX",TX,1925,1925,0.00,0002,2351,-11.00,0.00,,0.00,247.00,1976.00,,,,,
2024,1,1,29,1,2024-01-29,AA,N776FC,869,SEA,"Seattle, WA",WA,LAX,"Los Angeles, CA",CA,0623,0625,2.00,0753,0802,9.00,0.00,,0.00,60.00,480.00,,,,,
2024,1,1,13,6,2024-01-13,NK,N686FE,2126,IAH,"Houston, TX",TX,PHX,"Phoenix, AZ",AZ,1448,1702,134.00,2015,2240,145.00,0.00,,0.00,297.00,2376.00,74.00,21.00,10.00,9.00,31.00
2024,1,1,13,6,2024-01-13,F9,N841FF,352,SEA,"Seattle, WA",WA,BOS,"Boston, MA",MA,1040,1040,0.00,1537,1535,-2.00,0.00,,0.00,267.00,2136.00,,,,,
2024,1,1,7,7,2024-01-07,WN,N433BD,467,ORD,"Chicago, IL",IL,SFO,"San Francisco, CA",CA,0828,1058,150.00,1133,1411,158.00,0.00,,0.00,155.00,1240.00,1.00,9.00,89.00,45.00,14.00
2024,1,1,1,1,2024-01-01,UA,N894GB,2487,MIA,"Miami, FL",FL,PHX,"Phoenix, AZ",AZ,0640,0636,-4.00,1224,1214,-10.00,0.00,,0.00,314.00,2512.00,,,,,
2024,1,1,10,3,2024-01-10,AS,N763AB,2955,PHX,"Phoenix, AZ",AZ,LAX,"Los Angeles, CA",CA,0935,0927,-8.00,1110,1054,-16.00,0.00,,0.00,65.00,520.00,,,,,
2024,1,1,31,3,2024-01-31,DL,N306CE,1605,JFK,"New York, NY",NY,IAH,"Houston, TX",TX,0540,0531,-9.00,1100,1052,-8.00,0.00,,0.00,290.00,2320.00,,,,,
2024,1,1,25,4,2024-01-25,F9,N391BE,1105,MIA,"Miami, FL",FL,DEN,"Denver, CO",CO,1349,1338,-11.00,1740,1738,-2.00,0.00,,0.00,201.00,1608.00,,,,,
2024,1,1,5,5,2024-01-05,NK,N767CD,1205,SEA,"Seattle, WA",WA,DFW,"Dallas/Fort Worth, TX",TX,1717,1727,10.00,2138,2154,16.00,0.00,,0.00,231.00,1848.00,16.00,0.00,0.00,0.00,0.00
2024,1,1,20,6,2024-01-20,UA,N126BC,2309,SEA,"Seattle, WA",WA,LAX,"Los Angeles, CA",CA,1003,1002,-1.00,1600,1609,9.00,0.00,,0.00,327.00,2616.00,,,,,
2024,1,1,24,3,2024-01-24,UA,N315ED,358,DFW,"Dallas/Fort Worth, TX",TX,MIA,"Miami, FL",FL,1741,1735,-6.00,2112,2117,5.00,0.00,,0.00,181.00,1448.00,,,,,
2024,1,1,23,2,2024-01-23,F9,N910BF,194,JFK,"New York, NY",NY,SEA,"Seattle, WA",WA,0630,0622,-8.00,1142,1133,-9.00,0.00,,0.00,282.00,2256.00,,,,,
2024,1,1,7,7,2024-01-07,F9,N647AB,1898,PHX,"Phoenix, AZ",AZ,ORD,"Chicago, IL",IL,0828,0812,-16.00,1321,1255,-26.00,0.00,,0.00,263.00,2104.00,,,,,
2024,1,1,5,5,2024-01-05,AS,N689BG,2395,PHX,"Phoenix, AZ",AZ,ATL,"Atlanta, GA",GA,0540,0539,-1.00,0812,0817,5.00,0.00,,0.00,122.00,976.00,,,,,
2024,1,1,7,7,2024-01-07,DL,N949BG,1368,BOS,"Boston, MA",MA,SEA,"Seattle, WA",WA,1534,1728,114.00,1710,1915,125.00,0.00,,0.00,66.00,528.00,3.00,25.00,61.00,36.00,0.00
2024,1,1,22,1,2024-01-22,NK,N882BB,2722,MIA,"Miami, FL",FL,SFO,"San Francisco, CA",CA,2023,2020,-3.00,0137,0122,-15.00,0.00,,0.00,284.00,2272.00,,,,,
2024,1,1,1,1,2024-01-01,AS,N198EB,988,BOS,"Boston, MA",MA,PHX,"Phoenix, AZ",AZ,1941,1933,-8.00,2242,2233,-9.00,0.00,,0.00,151.00,1208.00,,,,,
2024,1,1,14,7,2024-01-14,AS,N735DD,2754,IAH,"Houston, TX",TX,ATL,"Atlanta, GA",GA,1458,,,2023,,,1.00,B,0.00,,2360.00,,,,,
2024,1,1,27,6,2024-01-27,UA,N421EF,1864,ATL,"Atlanta, GA",GA,SEA,"Seattle, WA",WA,0750,0741,-9.00,1253,1240,-13.00,0.00,,0.00,273.00,2184.00,,,,,
2024,1,1,30,2,2024-01-30,AA,N128CE,901,SEA,"Seattle, WA",WA,DEN,"Denver, CO",CO,1752,1746,-6.00,2120,2122,2.00,0.00,,0.00,178.00,1424.00,,,,,
2024,1,1,20,6,2024-01-20,AS,N953GD,2064,ATL,"Atlanta, GA",GA,IAH,"Houston, TX",TX,0708,0712,4.00,0906,0904,-2.00,0.00,,0.00,88.00,704.00,,,,,
2024,1,1,20,6,2024-01-20,NK,N886BB,741,ATL,"Atlanta, GA",GA,JFK,"New York, NY",NY,0940,0945,5.00,1351,1351,0.00,0.00,,0.00,221.00,1768.00,,,,,
2024,1,1,24,3,2024-01-24,UA,N483BF,1943,SFO,"San Francisco, CA",CA,DFW,"Dallas/Fort Worth, TX",TX,1934,2012,38.00,2344,0023,39.00,0.00,,0.00,220.00,1760.00,8.00,0.00,26.00,3.00,2.00
2024,1,1,12,5,2024-01-12,B6,N130BC,579,SEA,"Seattle, WA",WA,SFO,"San Francisco, CA",CA,0731,0719,-12.00,1305,1245,-20.00,0.00,,0.00,304.00,2432.00,,,,,
2024,1,1,7,7,2024-01-07,AS,N929FF,2684,IAH,"Houston, TX",TX,DFW,"Dallas/Fort Worth, TX",TX,1656,,,2140,,,1.00,B,0.00,,2032.00,,,,,
2024,1,1,7,7,2024-01-07,AA,N258BE,1502,SEA,"Seattle, WA",WA,ORD,"Chicago, IL",IL,1205,1208,3.00,1618,1626,8.00,0.00,,0.00,223.00,1784.00,,,,,
2024,1,1,3,3,2024-01-03,AS,N862GB,2980,LAX,"Los Angeles, CA",CA,ORD,"Chicago, IL",IL,0858,0852,-6.00,1329,1334,5.00,0.00,,0.00,241.00,1928.00,,,,,
2024,1,1,31,3,2024-01-31,DL,N230BD,158,IAH,"Houston, TX",TX,ATL,"Atlanta, GA",GA,1901,2150,169.00,2148,0049,181.00,0.00,,0.00,137.00,1096.00,8.00,4.00,0.00,74.00,95.00
2024,1,1,1,1,2024-01-01,B6,N967BB,2313,ORD,"Chicago, IL",IL,PHX,"Phoenix, AZ",AZ,1602,,,1755,,,1.00,B,0.00,,664.00,,,,,
2024,1,1,17,3,2024-01-17,WN,N260FC,2901,SFO,"San Francisco, CA",CA,LAX,"Los Angeles, CA",CA,0901,0858,-3.00,1216,1221,5.00,0.00,,0.00,165.00,1320.00,,,,,
2024,1,1,15,1,2024-01-15,DL,N886BF,1303,IAH,"Houston, TX",TX,LAX,"Los Angeles, CA",CA,2005,2005,0.00,2156,2148,-8.00,0.00,,0.00,81.00,648.00,,,,,
2024,1,1,10,3,2024-01-10,UA,N278BC,2099,PHX,"Phoenix, AZ",AZ,LAX,"Los Angeles, CA",CA,1312,,,1554,,,1.00,A,0.00,,1056.00,,,,,
2024,1,1,24,3,2024-01-24,AA,N633GD,2655,DFW,"Dallas/Fort Worth, TX",TX,LAX,"Los Angeles, CA",CA,1429,1428,-1.00,1841,1838,-3.00,0.00,,0.00,222.00,1776.00,,,,,
2024,1,1,5,5,2024-01-05,UA,N823EF,1789,ATL,"Atlanta, GA",GA,BOS,"Boston, MA",MA,1253,1249,-4.00,1617,1623,6.00,0.00,,0.00,174.00,1392.00,,,,,
2024,1,1,6,6,2024-01-06,NK,N710FC,1306,DEN,"Denver, CO",CO,JFK,"New York, NY",NY,1947,1939,-8.00,0105,0058,-7.00,0.00,,0.00,288.00,2304.00,,,,,
2024,1,1,21,7,2024-01-21,DL,N875BE,2415,ATL,"Atlanta, GA",GA,MIA,"Miami, FL",FL,1146,1153,7.00,1502,1458,-4.00,0.00,,0.00,166.00,1328.00,,,,,
2024,1,1,26,5,2024-01-26,UA,N192EG,864,PHX,"Phoenix, AZ",AZ,ORD,"Chicago, IL",IL,1204,1201,-3.00,1629,1615,-14.00,0.00,,0.00,235.00,1880.00,,,,,
2024,1,1,30,2,2024-01-30,AA,N283FC,1687,DEN,"Denver, CO",CO,LAX,"Los Angeles, CA",CA,1102,1444,222.00,1603,1940,217.00,0.00,,0.00,271.00,2168.00,31.00,120.00,9.00,29.00,28.00
2024,1,1,22,1,2024-01-22,B6,N720DA,1704,JFK,"New York, NY",NY,LAX,"Los Angeles, CA",CA,1054,1052,-2.00,1406,1352,-14.00,0.00,,0.00,162.00,1296.00,,,,,
2024,1,1,25,4,2024-01-25,B6,N551AG,957,ORD,"Chicago, IL",IL,LAX,"Los Angeles, CA",CA,1656,1654,-2.00,2212,2201,-11.00,0.00,,0.00,286.00,2288.00,,,,,
2024,1,1,4,4,2024-01-04,AS,N363EF,2073,BOS,"Boston, MA",MA,DEN,"Denver, CO",CO,2132,2126,-6.00,0124,0116,-8.00,0.00,,0.00,202.00,1616.00,,,,,
2024,1,1,14,7,2024-01-14,B6,N678EF,1849,JFK,"New York, NY",NY,SFO,"San Francisco, CA",CA,0555,0555,0.00,1028,1025,-3.00,0.00,,0.00,243.00,1944.00,,,,,
2024,1,1,14,7,2024-01-14,AA,N709CB,2052,IAH,"Houston, TX",TX,ORD,"Chicago, IL",IL,0709,0703,-6.00,0845,0837,-8.00,0.00,,0.00,66.00,528.00,,,,,
2024,1,1,6,6,2024-01-06,UA,N939CE,1504,SFO,"San Francisco, CA",CA,BOS,"Boston, MA",MA,1017,1009,-8.00,1537,1533,-4.00,0.00,,0.00,290.00,2320.00,,,,,
2024,1,1,27,6,2024-01-27,NK,N441CF,429,JFK,"New York, NY",NY,SFO,"San Francisco, CA",CA,2102,2058,-4.00,0130,0126,-4.00,0.00,,0.00,238.00,1904.00,,,,,
2024,1,1,14,7,2024-01-14,UA,N281DG,57,SFO,"San Francisco, CA",CA,ORD,"Chicago, IL",IL,0948,0951,3.00,1343,1343,0.00,0.00,,0.00,205.00,1640.00,,,,,
2024,1,1,9,2,2024-01-09,DL,N307DG,961,MIA,"Miami, FL",FL,ATL,"Atlanta, GA",GA,0614,0613,-1.00,0930,0929,-1.00,0.00,,0.00,166.00,1328.00,,,,,
2024,1,1,17,3,2024-01-17,WN,N261CC,2956,DEN,"Denver, CO",CO,ATL,"Atlanta, GA",GA,1919,2206,167.00,0041,0318,157.00,0.00,,0.00,292.00,2336.00,69.00,56.00,3.00,2.00,27.00
2024,1,1,2,2,2024-01-02,AA,N278CA,2862,IAH,"Houston, TX",TX,SFO,"San Francisco, CA",CA,2004,2004,0.00,0045,0053,8.00,0.00,,0.00,251.00,2008.00,,,,,
2024,1,1,15,1,2024-01-15,AA,N408AB,1044,MIA,"Miami, FL",FL,LAX,"Los Angeles, CA",CA,1742,1741,-1.00,2254,2249,-5.00,0.00,,0.00,282.00,2256.00,,,,,
2024,1,1,5,5,2024-01-05,AS,N566DF,2358,SEA,"Seattle, WA",WA,IAH,"Houston, TX",TX,1321,1314,-7.00,1854,1855,1.00,0.00,,0.00,303.00,2424.00,,,,,
2024,1,1,17,3,2024-01-17,NK,N202FG,2136,PHX,"Phoenix, AZ",AZ,SFO,"San Francisco, CA",CA,1544,1848,184.00,1733,2045,192.00,0.00,,0.00,79.00,632.00,75.00,4.00,30.00,33.00,50.00
2024,1,1,27,6,2024-01-27,NK,N161GD,176,PHX,"Phoenix, AZ",AZ,DFW,"Dallas/Fort Worth, TX",TX,1241,1303,22.00,1625,1641,16.00,0.00,,0.00,194.00,1552.00,0.00,0.00,15.00,1.00,0.00
2024,1,1,25,4,2024-01-25,NK,N710AD,1564,SEA,"Seattle, WA",WA,SFO,"San Francisco, CA",CA,1013,1010,-3.00,1304,1257,-7.00,0.00,,0.00,141.00,1128.00,,,,,
2024,1,1,1,1,2024-01-01,UA,N782FD,72,BOS,"Boston, MA",MA,ATL,"Atlanta, GA",GA,0641,0633,-8.00,0855,0841,-14.00,0.00,,0.00,104.00,832.00,,,,,
2024,1,1,12,5,2024-01-12,UA,N734AB,1302,LAX,"Los Angeles, CA",CA,PHX,"Phoenix, AZ",AZ,1300,1252,-8.00,1521,1522,1.00,0.00,,0.00,111.00,888.00,,,,,
2024,1,1,11,4,2024-01-11,NK,N238DB,2228,PHX,"Phoenix, AZ",AZ,DEN,"Denver, CO",CO,2029,2029,0.00,2215,2209,-6.00,0.00,,0.00,76.00,608.00,,,,,
2024,1,1,23,2,2024-01-23,DL,N865BE,1379,SEA,"Seattle, WA",WA,IAH,"Houston, TX",TX,0511,0511,0.00,0939,0930,-9.00,0.00,,0.00,238.00,1904.00,,,,,
2024,1,1,22,1,2024-01-22,NK,N863EC,1442,MIA,"Miami, FL",FL,DFW,"Dallas/Fort Worth, TX",TX,2109,2106,-3.00,0135,0126,-9.00,0.00,,0.00,236.00,1888.00,,,,,
2024,1,1,6,6,2024-01-06,DL,N652DE,2276,ATL,"Atlanta, GA",GA,MIA,"Miami, FL",FL,2040,2030,-10.00,2217,2158,-19.00,0.00,,0.00,67.00,536.00,,,,,
2024,1,1,12,5,2024-01-12,F9,N514GG,2885,DEN,"Denver, CO",CO,SEA,"Seattle, WA",WA,1114,1108,-6.00,1500,1446,-14.00,0.00,,0.00,196.00,1568.00,,,,,
2024,1,1,8,1,2024-01-08,UA,N407BG,2986,LAX,"Los Angeles, CA",CA,PHX,"Phoenix, AZ",AZ,1856,1843,-13.00,2217,2202,-15.00,0.00,,0.00,171.00,1368.00,,,,,
2024,1,1,25,4,2024-01-25,NK,N680FA,2825,ORD,"Chicago, IL",IL,LAX,"Los Angeles, CA",CA,0501,0729,148.00,1005,1240,155.00,0.00,,0.00,274.00,2192.00,24.00,13.00,7.00,99.00,12.00
2024,1,1,7,7,2024-01-07,NK,N894FG,2679,JFK,"New York, NY",NY,IAH,"Houston, TX",TX,1330,1331,1.00,1502,1452,-10.00,0.00,,0.00,62.00,496.00,,,,,
2024,1,1,16,2,2024-01-16,AA,N623BD,2487,ATL,"Atlanta, GA",GA,SFO,"San Francisco, CA",CA,0640,1010,210.00,1205,1539,214.00,0.00,,0.00,295.00,2360.00,46.00,3.00,25.00,15.00,125.00
2024,1,1,5,5,2024-01-05,UA,N998GG,2296,SEA,"Seattle, WA",WA,LAX,"Los Angeles, CA",CA,1132,1341,129.00,1636,1853,137.00,0.00,,0.00,274.00,2192.00,134.00,2.00,0.00,0.00,1.00
2024,1,1,22,1,2024-01-22,AA,N107BC,866,ORD,"Chicago, IL",IL,SEA,"Seattle, WA",WA,1231,1228,-3.00,1723,1723,0.00,0.00,,0.00,262.00,2096.00,,,,,
2024,1,1,28,7,2024-01-28,AA,N898CD,1767,ORD,"Chicago, IL",IL,IAH,"Houston, TX",TX,2018,,,0014,,,1.00,D,0.00,,1648.00,,,,,
2024,1,1,23,2,2024-01-23,UA,N410CB,2464,SFO,"San Francisco, CA",CA,SEA,"Seattle, WA",WA,1252,1254,2.00,1640,1645,5.00,0.00,,0.00,198.00,1584.00,,,,,
2024,1,1,21,7,2024-01-21,B6,N124EC,1718,PHX,"Phoenix, AZ",AZ,ORD,"Chicago, IL",IL,1445,1453,8.00,1957,1957,0.00,0.00,,0.00,282.00,2256.00,,,,,
2024,1,1,5,5,2024-01-05,DL,N336FA,1472,LAX,"Los Angeles, CA",CA,SEA,"Seattle, WA",WA,1406,1410,4.00,1734,1741,7.00,0.00,,0.00,178.00,1424.00,,,,,
2024,1,1,22,1,2024-01-22,AS,N536BD,2643,MIA,"Miami, FL",FL,DEN,"Denver, CO",CO,0722,0710,-12.00,1005,0941,-24.00,0.00,,0.00,133.00,1064.00,,,,,
2024,1,1,11,4,2024-01-11,AA,N110CA,2905,IAH,"Houston, TX",TX,ATL,"Atlanta, GA",GA,1138,1126,-12.00,1631,1630,-1.00,0.00,,0.00,263.00,2104.00,,,,,
2024,1,1,6,6,2024-01-06,F9,N901AC,1031,ATL,"Atlanta, GA",GA,ORD,"Chicago, IL",IL,1922,1911,-11.00,2325,2316,-9.00,0.00,,0.00,213.00,1704.00,,,,,
2024,1,1,10,3,2024-01-10,DL,N785CB,221,IAH,"Houston, TX",TX,JFK,"New York, NY",NY,1919,2101,102.00,0117,0311,114.00,0.00,,0.00,328.00,2624.00,18.00,30.00,61.00,5.00,0.00
2024,1,1,8,1,2024-01-08,NK,N608EG,2621,SEA,"Seattle, WA",WA,SFO,"San Francisco, CA",CA,0534,0520,-14.00,1009,0952,-17.00,0.00,,0.00,245.00,1960.00,,,,,
2024,1,1,9,2,2024-01-09,NK,N497DF,1657,BOS,"Boston, MA",MA,SFO,"San Francisco, CA",CA,1246,1240,-6.00,1628,1630,2.00,0.00,,0.00,192.00,1536.00,,,,,
2024,1,1,21,7,2024-01-21,NK,N858DG,2116,SFO,"San Francisco, CA",CA,DEN,"Denver, CO",CO,2004,2230,146.00,2322,0141,139.00,0.00,,0.00,168.00,1344.00,135.00,0.00,4.00,0.00,0.00
2024,1,1,10,3,2024-01-10,B6,N147AA,1449,PHX,"Phoenix, AZ",AZ,JFK,"New York, NY",NY,1937,1932,-5.00,0113,0111,-2.00,0.00,,0.00,306.00,2448.00,,,,,
2024,1,1,10,3,2024-01-10,NK,N173DG,2880,SEA,"Seattle, WA",WA,LAX,"Los Angeles, CA",CA,1401,1355,-6.00,1702,1653,-9.00,0.00,,0.00,151.00,1208.00,,,,,
2024,1,1,21,7,2024-01-21,B6,N773GF,2985,DEN,"Denver, CO",CO,SEA,"Seattle, WA",WA,2114,,,0105,,,1.00,D,0.00,,1608.00,,,,,
2024,1,1,8,1,2024-01-08,NK,N552AE,2459,DEN,"Denver, CO",CO,MIA,"Miami, FL",FL,2114,,,0236,,,1.00,C,0.00,,2336.00,,,,,
2024,1,1,5,5,2024-01-05,NK,N288BD,2309,IAH,"Houston, TX",TX,SEA,"Seattle, WA",WA,1345,1340,-5.00,1650,1647,-3.00,0.00,,0.00,155.00,1240.00,,,,,
2024,1,1,31,3,2024-01-31,AA,N920FC,1324,IAH,"Houston, TX",TX,MIA,"Miami, FL",FL,0924,0926,2.00,1242,1249,7.00,0.00,,0.00,168.00,1344.00,,,,,
2024,1,1,20,6,2024-01-20,NK,N588DA,155,ATL,"Atlanta, GA",GA,PHX,"Phoenix, AZ",AZ,1939,1926,-13.00,0035,0010,-25.00,0.00,,0.00,266.00,2128.00,,,,,
2024,1,1,4,4,2024-01-04,B6,N966DA,1858,IAH,"Houston, TX",TX,DEN,"Denver, CO",CO,1613,1607,-6.00,2135,2134,-1.00,0.00,,0.00,292.00,2336.00,,,,,
2024,1,1,5,5,2024-01-05,F9,N501BC,2251,ORD,"Chicago, IL",IL,DFW,"Dallas/Fort Worth, TX",TX,1145,1137,-8.00,1326,1319,-7.00,0.00,,0.00,71.00,568.00,,,,,
2024,1,1,19,5,2024-01-19,AA,N422BF,2899,DEN,"Denver, CO",CO,BOS,"Boston, MA",MA,0719,0744,25.00,1107,1128,21.00,0.00,,0.00,198.00,1584.00,9.00,0.00,0.00,0.00,12.00
2024,1,1,19,5,2024-01-19,AS,N340CA,833,IAH,"Houston, TX",TX,ATL,"Atlanta, GA",GA,2259,2256,-3.00,0221,0223,2.00,0.00,,0.00,172.00,1376.00,,,,,
2024,1,1,27,6,2024-01-27,DL,N174BD,445,ATL,"Atlanta, GA",GA,SFO,"San Francisco, CA",CA,0753,0755,2.00,1043,1038,-5.00,0.00,,0.00,140.00,1120.00,,,,,
2024,1,1,8,1,2024-01-08,AA,N961CC,2569,ORD,"Chicago, IL",IL,ATL,"Atlanta, GA",GA,2214,2212,-2.00,0040,0040,0.00,0.00,,0.00,116.00,928.00,,,,,
2024,1,1,21,7,2024-01-21,UA,N663ED,1684,ATL,"Atlanta, GA",GA,LAX,"Los Angeles, CA",CA,1849,1847,-2.00,2206,2207,1.00,0.00,,0.00,167.00,1336.00,,,,,
2024,1,1,24,3,2024-01-24,AA,N140GA,2823,JFK,"New York, NY",NY,PHX,"Phoenix, AZ",AZ,0923,0932,9.00,1321,1322,1.00,0.00,,0.00,208.00,1664.00,,,,,
2024,1,1,11,4,2024-01-11,WN,N736DF,763,ORD,"Chicago, IL",IL,SFO,"San Francisco, CA",CA,0805,0806,1.00,1302,1301,-1.00,0.00,,0.00,267.00,2136.00,,,,,
2024,1,1,29,1,2024-01-29,F9,N217AG,1411,SEA,"Seattle, WA",WA,MIA,"Miami, FL",FL,0918,0916,-2.00,1048,1040,-8.00,0.00,,0.00,60.00,480.00,,,,,
2024,1,1,19,5,2024-01-19,WN,N372BA,2268,SFO,"San Francisco, CA",CA,JFK,"New York, NY",NY,0649,0635,-14.00,1034,1018,-16.00,0.00,,0.00,195.00,1560.00,,,,,
2024,1,1,29,1,2024-01-29,NK,N518GF,2362,ORD,"Chicago, IL",IL,DFW,"Dallas/Fort Worth, TX",TX,0534,0534,0.00,0955,0953,-2.00,0.00,,0.00,231.00,1848.00,,,,,
2024,1,1,28,7,2024-01-28,B6,N178EF,468,ORD,"Chicago, IL",IL,DFW,"Dallas/Fort Worth, TX",TX,1233,1231,-2.00,1653,1659,6.00,0.00,,0.00,230.00,1840.00,,,,,
2024,1,1,16,2,2024-01-16,F9,N662BC,2162,SFO,"San Francisco, CA",CA,BOS,"Boston, MA",MA,0917,0914,-3.00,1152,1143,-9.00,0.00,,0.00,125.00,1000.00,,,,,
2024,1,1,30,2,2024-01-30,F9,N260EB,559,JFK,"New York, NY",NY,ATL,"Atlanta, GA",GA,1829,2221,232.00,2014,0011,237.00,0.00,,0.00,75.00,600.00,18.00,71.00,141.00,4.00,3.00
2024,1,1,25,4,2024-01-25,DL,N630AF,2883,ATL,"Atlanta, GA",GA,DFW,"Dallas/Fort Worth, TX",TX,1829,1826,-3.00,2326,2320,-6.00,0.00,,0.00,267.00,2136.00,,,,,
2024,1,1,13,6,2024-01-13,UA,N645DD,2419,IAH,"Houston, TX",TX,SFO,"San Francisco, CA",CA,1607,1549,-18.00,1813,1755,-18.00,0.00,,0.00,96.00,768.00,,,,,
2024,1,1,16,2,2024-01-16,AS,N643CC,2279,ATL,"Atlanta, GA",GA,ORD,"Chicago, IL",IL,0517,0523,6.00,0740,0755,15.00,0.00,,0.00,113.00,904.00,14.00,0.00,0.00,0.00,1.00
2024,1,1,4,4,2024-01-04,AA,N353FD,1800,DFW,"Dallas/Fort Worth, TX",TX,SFO,"San Francisco, CA",CA,2213,2210,-3.00,0111,0107,-4.00,0.00,,0.00,148.00,1184.00,,,,,
2024,1,1,9,2,2024-01-09,B6,N361CG,1997,PHX,"Phoenix, AZ",AZ,BOS,"Boston, MA",MA,1630,1636,6.00,2052,2110,18.00,0.00,,0.00,232.00,1856.00,1.00,0.00,17.00,0.00,0.00
2024,1,1,30,2,2024-01-30,AS,N585AD,2797,ATL,"Atlanta, GA",GA,SEA,"Seattle, WA",WA,1659,1657,-2.00,1927,1932,5.00,0.00,,0.00,118.00,944.00,,,,,
2024,1,1,11,4,2024-01-11,AS,N989CC,1684,DEN,"Denver, CO",CO,JFK,"New York, NY",NY,0955,0952,-3.00,1240,1233,-7.00,0.00,,0.00,135.00,1080.00,,,,,
2024,1,1,29,1,2024-01-29,UA,N370DA,409,ORD,"Chicago, IL",IL,PHX,"Phoenix, AZ",AZ,1253,1646,233.00,1816,2206,230.00,0.00,,0.00,293.00,2344.00,1.00,0.00,217.00,0.00,12.00
2024,1,1,22,1,2024-01-22,UA,N200EF,1167,IAH,"Houston, TX",TX,MIA,"Miami, FL",FL,0644,0639,-5.00,1233,1232,-1.00,0.00,,0.00,319.00,2552.00,,,,,
2024,1,1,10,3,2024-01-10,UA,N566FE,2443,LAX,"Los Angeles, CA",CA,SFO,"San Francisco, CA",CA,0633,0634,1.00,1035,1045,10.00,0.00,,0.00,212.00,1696.00,,,,,
2024,1,1,6,6,2024-01-06,F9,N432GG,1652,SEA,"Seattle, WA",WA,DFW,"Dallas/Fort Worth, TX",TX,1859,2109,130.00,0027,0229,122.00,0.00,,0.00,298.00,2384.00,6.00,100.00,0.00,10.00,6.00
2024,1,1,1,1,2024-01-01,F9,N764DD,1681,ORD,"Chicago, IL",IL,IAH,"Houston, TX",TX,2208,0012,124.00,0041,0249,128.00,0.00,,0.00,123.00,984.00,12.00,4.00,95.00,17.00,0.00
2024,1,1,3,3,2024-01-03,B6,N463EC,802,BOS,"Boston, MA",MA,PHX,"Phoenix, AZ",AZ,1124,1326,122.00,1258,1512,134.00,0.00,,0.00,64.00,512.00,88.00,0.00,42.00,3.00,1.00
2024,1,1,14,7,2024-01-14,F9,N674EA,364,MIA,"Miami, FL",FL,ORD,"Chicago, IL",IL,1900,2129,149.00,2221,0100,159.00,0.00,,0.00,171.00,1368.00,65.00,1.00,1.00,63.00,29.00
2024,1,1,26,5,2024-01-26,WN,N404FA,2198,DEN,"Denver, CO",CO,ORD,"Chicago, IL",IL,1855,1900,5.00,0020,0026,6.00,0.00,,0.00,295.00,2360.00,,,,,
2024,1,1,29,1,2024-01-29,AA,N239GC,708,SEA,"Seattle, WA",WA,IAH,"Houston, TX",TX,2200,2151,-9.00,0110,0102,-8.00,0.00,,0.00,160.00,1280.00,,,,,
2024,1,1,24,3,2024-01-24,WN,N938FB,1510,ATL,"Atlanta, GA",GA,BOS,"Boston, MA",MA,0638,0737,59.00,1204,1300,56.00,0.00,,0.00,296.00,2368.00,0.00,56.00,0.00,0.00,0.00
2024,1,1,2,2,2024-01-02,WN,N392FD,1387,PHX,"Phoenix, AZ",AZ,ATL,"Atlanta, GA",GA,1341,1732,231.00,1747,2128,221.00,0.00,,0.00,216.00,1728.00,73.00,137.00,2.00,0.00,9.00
2024,1,1,15,1,2024-01-15,WN,N314FC,2875,PHX,"Phoenix, AZ",AZ,DFW,"Dallas/Fort Worth, TX",TX,1033,1033,0.00,1512,1519,7.00,0.00,,0.00,249.00,1992.00,,,,,
2024,1,1,11,4,2024-01-11,F9,N806DB,2884,BOS,"Boston, MA",MA,IAH,"Houston, TX",TX,0747,0744,-3.00,1157,1158,1.00,0.00,,0.00,220.00,1760.00,,,,,
2024,1,1,30,2,2024-01-30,WN,N827AG,1443,PHX,"Phoenix, AZ",AZ,LAX,"Los Angeles, CA",CA,1104,1109,5.00,1651,1705,14.00,0.00,,0.00,317.00,2536.00,,,,,
2024,1,1,10,3,2024-01-10,UA,N605EF,1899,BOS,"Boston, MA",MA,JFK,"New York, NY",NY,0626,0720,54.00,1030,1120,50.00,0.00,,0.00,214.00,1712.00,8.00,0.00,11.00,31.00,0.00
2024,1,1,5,5,2024-01-05,DL,N995AD,2255,ATL,"Atlanta, GA",GA,LAX,"Los Angeles, CA",CA,1430,1426,-4.00,1956,1942,-14.00,0.00,,0.00,296.00,2368.00,,,,,
2024,1,1,3,3,2024-01-03,B6,N887FB,2055,PHX,"Phoenix, AZ",AZ,SFO,"San Francisco, CA",CA,1254,1243,-11.00,1614,1601,-13.00,0.00,,0.00,170.00,1360.00,,,,,
2024,1,1,6,6,2024-01-06,UA,N779AB,1084,JFK,"New York, NY",NY,BOS,"Boston, MA",MA,1519,1518,-1.00,1653,1657,4.00,0.00,,0.00,64.00,512.00,,,,,
2024,1,1,15,1,2024-01-15,UA,N864ED,2391,LAX,"Los Angeles, CA",CA,ORD,"Chicago, IL",IL,0945,0949,4.00,1321,1315,-6.00,0.00,,0.00,186.00,1488.00,,,,,
2024,1,1,17,3,2024-01-17,WN,N380DB,607,LAX,"Los Angeles, CA",CA,SFO,"San Francisco, CA",CA,1238,1238,0.00,1738,1749,11.00,0.00,,0.00,270.00,2160.00,,,,,
2024,1,1,6,6,2024-01-06,UA,N917BF,302,PHX,"Phoenix, AZ",AZ,MIA,"Miami, FL",FL,1758,1755,-3.00,2011,2018,7.00,0.00,,0.00,103.00,824.00,,,,,
2024,1,1,4,4,2024-01-04,NK,N565AB,1778,PHX,"Phoenix, AZ",AZ,BOS,"Boston, MA",MA,1844,1926,42.00,2144,2214,30.00,0.00,,0.00,150.00,1200.00,28.00,0.00,0.00,0.00,2.00
2024,1,1,12,5,2024-01-12,WN,N147GF,593,MIA,"Miami, FL",FL,DEN,"Denver, CO",CO,1840,1955,75.00,2242,2348,66.00,0.00,,0.00,212.00,1696.00,4.00,47.00,14.00,0.00,1.00
2024,1,1,22,1,2024-01-22,WN,N101BD,190,LAX,"Los Angeles, CA",CA,PHX,"Phoenix, AZ",AZ,2226,2233,7.00,0043,0057,14.00,0.00,,0.00,107.00,856.00,,,,,
2024,1,1,4,4,2024-01-04,WN,N153GD,2086,LAX,"Los Angeles, CA",CA,DEN,"Denver, CO",CO,1340,1343,3.00,1804,1758,-6.00,0.00,,0.00,234.00,1872.00,,,,,
2024,1,1,16,2,2024-01-16,WN,N944ED,2302,DEN,"Denver, CO",CO,IAH,"Houston, TX",TX,0506,0456,-10.00,0923,0920,-3.00,0.00,,0.00,227.00,1816.00,,,,,
2024,1,1,5,5,2024-01-05,UA,N320BG,2003,MIA,"Miami, FL",FL,ATL,"Atlanta, GA",GA,0639,,,1045,,,1.00,C,0.00,,1728.00,,,,,
2024,1,1,9,2,2024-01-09,UA,N646GE,2620,IAH,"Houston, TX",TX,SFO,"San Francisco, CA",CA,0809,0808,-1.00,1249,1236,-13.00,0.00,,0.00,250.00,2000.00,,,,,
2024,1,1,26,5,2024-01-26,DL,N101AA,1905,LAX,"Los Angeles, CA",CA,MIA,"Miami, FL",FL,1256,1259,3.00,1654,1658,4.00,0.00,,0.00,208.00,1664.00,,,,,
2024,1,1,8,1,2024-01-08,WN,N154CD,1584,LAX,"Los Angeles, CA",CA,PHX,"Phoenix, AZ",AZ,0827,0901,34.00,1228,1309,41.00,0.00,,0.00,211.00,1688.00,3.00,2.00,30.00,5.00,1.00
2024,1,1,17,3,2024-01-17,F9,N349DE,593,IAH,"Houston, TX",TX,ORD,"Chicago, IL",IL,1910,2135,145.00,0047,0323,156.00,0.00,,0.00,307.00,2456.00,14.00,129.00,9.00,4.00,0.00
2024,1,1,1,1,2024-01-01,UA,N315FF,2974,MIA,"Miami, FL",FL,IAH,"Houston, TX",TX,1827,1820,-7.00,2040,2026,-14.00,0.00,,0.00,103.00,824.00,,,,,
2024,1,1,20,6,2024-01-20,DL,N650DA,2330,LAX,"Los Angeles, CA",CA,IAH,"Houston, TX",TX,1650,1945,175.00,2019,2319,180.00,0.00,,0.00,179.00,1432.00,111.00,32.00,19.00,18.00,0.00
2024,1,1,11,4,2024-01-11,DL,N684GD,2052,LAX,"Los Angeles, CA",CA,PHX,"Phoenix, AZ",AZ,2156,2150,-6.00,0103,0047,-16.00,0.00,,0.00,157.00,1256.00,,,,,
2024,1,1,27,6,2024-01-27,AA,N554GC,2452,ORD,"Chicago, IL",IL,IAH,"Houston, TX",TX,0805,1056,171.00,1057,1355,178.00,0.00,,0.00,142.00,1136.00,45.00,63.00,6.00,2.00,62.00
2024,1,1,24,3,2024-01-24,AS,N828ED,2156,DEN,"Denver, CO",CO,LAX,"Los Angeles, CA",CA,0829,0915,46.00,1045,1136,51.00,0.00,,0.00,106.00,848.00,32.00,6.00,6.00,5.00,2.00
2024,1,1,17,3,2024-01-17,AA,N934GG,290,PHX,"Phoenix, AZ",AZ,MIA,"Miami, FL",FL,1453,1614,81.00,2043,2201,78.00,0.00,,0.00,320.00,2560.00,0.00,33.00,0.00,0.00,45.00
2024,1,1,15,1,2024-01-15,WN,N611FE,1633,PHX,"Phoenix, AZ",AZ,BOS,"Boston, MA",MA,1852,1851,-1.00,2244,2242,-2.00,0.00,,0.00,202.00,1616.00,,,,,
2024,1,1,3,3,2024-01-03,AA,N929BA,1473,MIA,"Miami, FL",FL,SEA,"Seattle, WA",WA,0817,0804,-13.00,1131,1108,-23.00,0.00,,0.00,164.00,1312.00,,,,,
2024,1,1,15,1,2024-01-15,B6,N483FF,1030,PHX,"Phoenix, AZ",AZ,LAX,"Los Angeles, CA",CA,1354,1357,3.00,1922,1935,13.00,0.00,,0.00,298.00,2384.00,,,,,
2024,1,1,20,6,2024-01-20,F9,N403BG,2984,ATL,"Atlanta, GA",GA,DEN,"Denver, CO",CO,1115,1113,-2.00,1320,1316,-4.00,0.00,,0.00,95.00,760.00,,,,,
2024,1,1,22,1,2024-01-22,WN,N262FF,173,DEN,"Denver, CO",CO,JFK,"New York, NY",NY,1816,1816,0.00,2225,2216,-9.00,0.00,,0.00,219.00,1752.00,,,,,
2024,1,1,13,6,2024-01-13,NK,N803BA,1192,IAH,"Houston, TX",TX,LAX,"Los Angeles, CA",CA,2130,2130,0.00,0310,0311,1.00,0.00,,0.00,310.00,2480.00,,,,,
2024,1,1,13,6,2024-01-13,UA,N279CB,835,DEN,"Denver, CO",CO,SEA,"Seattle, WA",WA,0803,0753,-10.00,1248,1244,-4.00,0.00,,0.00,255.00,2040.00,,,,,
2024,1,1,1,1,2024-01-01,DL,N451BA,571,PHX,"Phoenix, AZ",AZ,LAX,"Los Angeles, CA",CA,0812,0809,-3.00,1221,1230,9.00,0.00,,0.00,219.00,1752.00,,,,,
2024,1,1,3,3,2024-01-03,NK,N203DG,90,SFO,"San Francisco, CA",CA,JFK,"New York, NY",NY,1720,1714,-6.00,2036,2038,2.00,0.00,,0.00,166.00,1328.00,,,,,
2024,1,1,2,2,2024-01-02,AS,N169BB,419,BOS,"Boston, MA",MA,SEA,"Seattle, WA",WA,0930,1045,75.00,1514,1619,65.00,0.00,,0.00,314.00,2512.00,3.00,15.00,43.00,2.00,2.00
2024,1,1,24,3,2024-01-24,F9,N298BD,166,MIA,"Miami, FL",FL,IAH,"Houston, TX",TX,0725,0725,0.00,1036,1033,-3.00,0.00,,0.00,161.00,1288.00,,,,,
2024,1,1,30,2,2024-01-30,DL,N853GD,1402,LAX,"Los Angeles, CA",CA,SEA,"Seattle, WA",WA,1157,1156,-1.00,1535,1540,5.00,0.00,,0.00,188.00,1504.00,,,,,
2024,1,1,9,2,2024-01-09,F9,N678BF,926,ATL,"Atlanta, GA",GA,SFO,"San Francisco, CA",CA,1744,1819,35.00,2241,2324,43.00,0.00,,0.00,267.00,2136.00,36.00,0.00,0.00,0.00,7.00
2024,1,1,20,6,2024-01-20,WN,N388DF,1781,ORD,"Chicago, IL",IL,BOS,"Boston, MA",MA,1626,1953,207.00,2117,0040,203.00,0.00,,0.00,261.00,2088.00,0.00,1.00,202.00,0.00,0.00
2024,1,1,1,1,2024-01-01,B6,N744EA,2345,DEN,"Denver, CO",CO,SEA,"Seattle, WA",WA,0921,0921,0.00,1213,1206,-7.00,0.00,,0.00,142.00,1136.00,,,,,
2024,1,1,13,6,2024-01-13,DL,N802EF,1949,IAH,"Houston, TX",TX,SEA,"Seattle, WA",WA,1128,1128,0.00,1553,1557,4.00,0.00,,0.00,235.00,1880.00,,,,,
2024,1,1,17,3,2024-01-17,F9,N584CE,1930,DFW,"Dallas/Fort Worth, TX",TX,DEN,"Denver, CO",CO,1015,,,1200,,,1.00,C,0.00,,600.00,,,,,
